﻿Catégorie,Finess,Raison Sociale,Période,Nombre de séjoursséances total,Nombre de séjours en hospit complète,Nombre de séjours en hospit partielle,Nombre de séances,Sexe ratio (% homme),Age moyen,Durée moyenne de séjour,% décès
PRIVÉ,010007300,CLINIQUE AMBULATOIRE CENDANEG,M12,1 913,0,1 913,0,"47,9 %","59,49","0,00","0,0 %"
PRIVÉ,010780195,CLINIQUE CONVERT BOURG-EN-B.,M12,17 866,8 051,9 815,2 992,"52,2 %","57,50","1,67","0,8 %"
PRIVÉ,010780203,HÔPITAL PRIVÉ D'AMBERIEU,M12,11 032,6 486,4 546,131,"41,9 %","48,33","2,26","1,0 %"
PRIVÉ,010780294,NEPHROCARE CH BELLEY,M12,0,0,0,9 305,"48,3 %","69,15","0,00","0,0 %"
PRIVÉ,020000360,CLINIQUE SAINT CHRISTOPHE,M12,7 330,1 666,5 664,1 à 10,"50,8 %","52,32","0,76","0,0 %"
PRIVÉ,020010047,POLYCLINIQUE ST CLAUDE,M12,15 735,6 830,8 905,2 212,"42,9 %","53,56","1,65","0,6 %"
PRIVÉ,030780548,POLYCLINIQUE PERGOLA - VICHY,M12,7 232,2 689,4 543,71,"48,8 %","60,92","1,32","0,4 %"
PRIVÉ,030781116,CLINIQUE ST-FRANC ST ANT -DESERTINE,M12,16 447,8 202,8 245,6 122,"57,8 %","64,85","2,27","1,2 %"
PRIVÉ,030785430,POLYCLINIQUE ST-ODILON - MOULINS,M12,8 201,3 189,5 012,1 782,"51,2 %","61,24","1,29","0,6 %"
PRIVÉ,040780470,CLINIQUE CHIRURGICALE TOUTES AURES,M12,5 707,766,4 941,0,"47,7 %","60,89","0,56","0,0 %"
PRIVÉ,040784860,CENTRE D'HEMODIALYSE DES ALPES,M12,0,0,0,14 430,"66,8 %","71,10","0,00","0,0 %"
PRIVÉ,050000090,CLINIQUE DES HAUTES-ALPES,M12,11 765,3 569,8 196,411,"50,6 %","56,38","0,90","0,1 %"
PRIVÉ,060010949,AGAHTIR UDM ANTIBES,M12,0,0,0,7 039,"69,9 %","66,94","0,00","0,0 %"
PRIVÉ,060021276,AGAHTIR CENTRE D'HEMODIALYSE,M12,0,0,0,9 362,"49,7 %","74,46","0,00","0,0 %"
PRIVÉ,060021417,HÔPITAL PRIVÉ CANNES OXFORD,M12,15 802,4 231,11 571,131,"46,5 %","58,06","1,03","0,3 %"
PRIVÉ,060022845,UNITÉ DIALYSE MEDICALISEE INST TZANCK,M12,0,0,0,5 991,"57,4 %","69,94","0,00","0,0 %"
PRIVÉ,060780442,CLINIQUE SAINT FRANCOIS,M12,5 362,1 630,3 732,18,"43,4 %","56,18","0,36","0,0 %"
PRIVÉ,060780491,INSTITUT ARNAULT TZANCK,M12,16 268,6 863,9 405,0,"55,6 %","62,16","2,31","0,9 %"
PRIVÉ,060780517,POLYCLINIQUE SAINT-JEAN,M12,23 810,9 532,14 278,6 851,"42,2 %","56,93","1,39","0,8 %"
PRIVÉ,060780590,CLINIQUE DU PALAIS,M12,7 870,2 274,5 596,48,"48,7 %","55,81","0,94","0,1 %"
PRIVÉ,060780665,CLINIQUE LE MERIDIEN,M12,4 533,1 400,3 133,1 à 10,"45,3 %","57,36","1,67","0,9 %"
PRIVÉ,060780699,CLINIQUE MOZART,M12,2 014,12,2 002,0,"28,4 %","50,97","0,01","0,0 %"
PRIVÉ,060780715,CLINIQUE SAINT GEORGE,M12,34 987,17 719,17 268,8 369,"42,6 %","56,36","1,72","0,4 %"
PRIVÉ,060780723,CLINIQUE DU PARC IMPERIAL,M12,15 120,5 708,9 412,4 450,"49,1 %","61,68","0,99","0,4 %"
PRIVÉ,060780756,CLINIQUE SANTA MARIA,M12,13 441,7 085,6 356,12,"28,2 %","36,71","2,00","0,1 %"
PRIVÉ,060781200,CLINIQUE SAINT ANTOINE,M12,11 808,4 736,7 072,121,"42,2 %","61,54","2,08","1,0 %"
PRIVÉ,060785219,CLINIQUE PLEIN CIEL,M12,4 805,4 751,54,8 011,"44,4 %","68,24","2,74","2,2 %"
PRIVÉ,060791860,CENTRE D'HEMODIALYSE A TZANCK,M12,0,0,0,25 464,"64,9 %","71,93","0,00","0,1 %"
PRIVÉ,060792850,A. TZANCK DIALYSE A DOMICILE,M12,0,0,0,99,"100,0 %","56,00","0,00","0,0 %"
PRIVÉ,060792900,A TZANCK AUTODIALYSE MOUGINS,M12,0,0,0,2 812,"58,8 %","60,74","0,00","0,0 %"
PRIVÉ,060792926,CENTRE D'HEMODIALYSE LA RIVIERA ANTIBES,M12,0,0,0,10 773,"60,8 %","73,34","0,00","0,0 %"
PRIVÉ,060800166,HP A. TZANCK MOUGINS SOPHIA ANTIPOLIS,M12,15 427,4 417,11 010,119,"52,5 %","57,16","1,29","0,2 %"
PRIVÉ,070780168,CLINIQUE DU VIVARAIS,M12,5 620,1 770,3 850,1 à 10,"47,3 %","57,20","1,12","0,1 %"
PRIVÉ,070780408,CLINIQUE DES CEVENNES,M12,2 958,872,2 086,1 à 10,"50,2 %","55,81","1,02","0,1 %"
PRIVÉ,070780424,CLINIQUE PASTEUR,M12,18 478,11 099,7 379,1 à 10,"43,6 %","51,70","3,00","0,5 %"
PRIVÉ,100000082,CLINIQUE PAYS DE SEINE,M12,4 212,1 125,3 087,0,"47,2 %","57,41","1,01","0,2 %"
PRIVÉ,100000124,POLYCLINIQUE MONTIER LA CELLE,M12,9 192,4 919,4 273,29,"47,4 %","58,98","2,20","0,3 %"
PRIVÉ,100000157,CLINIQUE DES URSULINES,M12,3 739,801,2 938,127,"40,8 %","52,79","0,34","0,0 %"
PRIVÉ,100002351,CLINIQUE DE CHAMPAGNE - TROYES,M12,13 013,5 295,7 718,7 059,"49,3 %","53,58","0,96","0,1 %"
PRIVÉ,110007259,UDM HÔPITAL PRIVÉ DU GRAND NARBONNE,M12,0,0,0,3 499,"65,0 %","64,37","0,00","0,0 %"
PRIVÉ,110780228,HÔPITAL PRIVÉ DU GRAND NARBONNE,M12,19 684,9 238,10 446,18 728,"54,7 %","64,36","1,19","0,7 %"
PRIVÉ,110780483,CLINIQUE MONTREAL,M12,13 667,3 987,9 680,1 664,"48,8 %","61,19","0,95","0,8 %"
PRIVÉ,130008253,CLINIQUE DE VITROLLES,M12,8 994,4 280,4 714,257,"34,5 %","31,96","1,70","0,1 %"
PRIVÉ,130034531,DIAVERUM PROVENCE ARLES,M12,0,0,0,15 952,"57,2 %","71,79","0,00","0,0 %"
PRIVÉ,130037922,HPC RESIDENCE DU PARC,M12,10 927,5 650,5 277,382,"43,0 %","57,12","2,71","0,9 %"
PRIVÉ,130038003,DIALYSAIX - CENTRE D'HÉMODIALYSE D'AIX EN PROVENCE,M12,0,0,0,21 980,"61,1 %","74,71","0,00","0,0 %"
PRIVÉ,130041767,EUROMED CARDIO,M12,2 277,2 133,144,0,"64,4 %","68,47","4,77","0,7 %"
PRIVÉ,130042096,GCS CENTRE CARDIO AXIUM RAMBO,M12,3 158,3 053,105,0,"69,2 %","69,68","2,99","0,5 %"
PRIVÉ,130781289,POLYCLINIQUE DU PARC RAMBOT LA PROVENCALE,M12,7 181,1 825,5 356,8 529,"47,0 %","58,69","0,66","0,5 %"
PRIVÉ,130781370,CLINIQUE JEANNE D'ARC,M12,8 286,2 391,5 895,480,"46,3 %","54,30","1,22","0,0 %"
PRIVÉ,130781479,CLINIQUE LA CASAMANCE,M12,21 018,10 341,10 677,3 941,"48,9 %","57,46","2,48","1,2 %"
PRIVÉ,130781867,CLINIQUE DE LA CIOTAT,M12,6 671,1 161,5 510,3 134,"50,0 %","60,99","0,41","0,1 %"
PRIVÉ,130782071,CLINIQUE DE L'ETANG DE L'OLIVIER,M12,9 678,3 372,6 306,0,"49,9 %","51,09","1,72","0,6 %"
PRIVÉ,130782147,CLINIQUE GENERALE DE MARIGNANE,M12,13 704,6 839,6 865,25,"54,3 %","60,83","3,17","2,1 %"
PRIVÉ,130782162,CLINIQUE DE MARTIGUES,M12,8 538,2 347,6 191,31,"50,1 %","55,58","1,05","0,3 %"
PRIVÉ,130782675,CLINIQUE CHIRURGICALE DU DR VIGNOLI,M12,7 404,1 126,6 278,0,"50,4 %","57,10","0,45","0,0 %"
PRIVÉ,130783327,CLINIQUE BOUCHARD,M12,17 311,8 804,8 507,24 873,"49,2 %","58,91","0,94","0,3 %"
PRIVÉ,130783723,CLINIQUE JUGE,M12,15 115,4 236,10 879,1 à 10,"44,8 %","47,99","0,78","0,0 %"
PRIVÉ,130783772,CLINIQUE MONTICELLI,M12,9 845,2 721,7 124,0,"45,4 %","56,86","0,34","0,0 %"
PRIVÉ,130783962,CLINIQUE WULFRAN PUGET,M12,7 729,912,6 817,58,"44,8 %","66,36","0,40","0,1 %"
PRIVÉ,130784051,POLYCLINIQUE CLAIRVAL,M12,16 452,12 964,3 488,17 059,"58,4 %","63,56","2,54","0,7 %"
PRIVÉ,130784481,DIAVERUM PROVENCE MARSEILLE 8E,M12,0,0,0,53 382,"60,1 %","71,91","0,00","0,0 %"
PRIVÉ,130784713,CLINIQUE BEAUREGARD,M12,22 000,13 332,8 668,6 383,"36,1 %","50,12","2,62","0,9 %"
PRIVÉ,130784903,CLINIQUE MÉDICO-CHIRURGICALE LA PHOCEANNE,M12,4 520,1 520,3 000,0,"39,8 %","66,71","3,16","0,6 %"
PRIVÉ,130785389,CLINIQUE CHANTECLER,M12,9 675,1 787,7 888,0,"53,5 %","54,20","0,64","0,0 %"
PRIVÉ,130785678,CLINIQUE VERT COTEAU,M12,7 481,2 645,4 836,1 998,"50,4 %","59,46","2,93","1,5 %"
PRIVÉ,130786361,POLYCLINIQUE DU PARC RAMBOT,M12,24 574,9 716,14 858,369,"53,1 %","59,69","1,95","0,8 %"
PRIVÉ,130789159,CENTRE CARDIO-VASCULAIRE VALMANT,M12,580,577,1 à 10,0,"42,8 %","81,21","11,34","3,4 %"
PRIVÉ,130809809,CENTRE D'HEMODIALYSE DE PROVENCE,M12,0,0,0,20 322,"56,9 %","74,46","0,00","0,0 %"
PRIVÉ,130810740,CLINIQUE AXIUM,M12,20 253,5 065,15 188,0,"50,2 %","53,23","1,18","0,4 %"
PRIVÉ,140000290,CLINIQUE NOTRE-DAME,M12,6 477,3 151,3 326,88,"44,3 %","57,69","1,92","0,4 %"
PRIVÉ,140016759,POLYCLINIQUE DU PARC,M12,23 304,13 182,10 122,3 727,"39,6 %","49,54","1,94","0,4 %"
PRIVÉ,140017237,CH PRIVÉ ST MARTIN CAEN,M12,36 149,15 769,20 380,14 447,"56,5 %","64,08","1,25","0,2 %"
PRIVÉ,140018730,POLYCLINIQUE DE LISIEUX,M12,6 336,2 255,4 081,0,"52,1 %","58,64","1,07","0,1 %"
PRIVÉ,140026709,POLYCLINIQUE DE DEAUVILLE-CRICQUEBOEUF,M12,5 717,2 239,3 478,0,"46,2 %","57,07","1,57","0,3 %"
PRIVÉ,150780120,CLINIQUE DU HAUT CANTAL,M12,338,324,14,0,"54,4 %","63,46","2,83","0,9 %"
PRIVÉ,150780732,CENTRE MÉDICO-CHIRURGICAL AURILLAC,M12,11 937,6 142,5 795,15 332,"54,8 %","67,25","1,59","0,8 %"
PRIVÉ,160000170,CLINIQUE SAINT JOSEPH ANGOULEME,M12,9 694,3 326,6 368,0,"49,9 %","57,54","1,22","0,1 %"
PRIVÉ,160000279,CLINIQUE DE COGNAC,M12,6 776,2 306,4 470,1 à 10,"46,8 %","54,82","1,25","0,1 %"
PRIVÉ,160013207,CENTRE CLINICAL,M12,20 728,8 453,12 275,5 316,"45,1 %","54,79","1,32","0,5 %"
PRIVÉ,170780563,ÉTABLISSEMENT DE SOINS PASTEUR - ROYAN,M12,11 628,5 413,6 215,509,"54,0 %","61,31","1,94","0,3 %"
PRIVÉ,170780613,SA CLINIQUE DU MAIL,M12,9 606,5 074,4 532,191,"39,1 %","46,06","1,64","0,1 %"
PRIVÉ,170780621,POLYCLINIQUE SAINT-GEORGES,M12,6 435,1 987,4 448,0,"47,3 %","63,83","1,21","0,2 %"
PRIVÉ,170780647,CLINIQUE RICHELIEU - SAINTES,M12,7 840,1 869,5 971,0,"45,8 %","58,95","0,73","0,1 %"
PRIVÉ,170780662,CLINIQUE DE L'ATLANTIQUE,M12,19 388,3 000,16 388,1 à 10,"45,4 %","59,43","0,40","0,0 %"
PRIVÉ,180000358,CLINIQUE DES GRAINETIERES,M12,5 954,2 218,3 736,778,"50,6 %","60,99","1,50","0,5 %"
PRIVÉ,180004145,HÔPITAL PRIVÉ GUILLAUME DE VARYE,M12,13 107,6 300,6 807,4 985,"46,1 %","56,26","1,74","0,8 %"
PRIVÉ,190000224,CLINIQUE LES CEDRES BRIVE,M12,16 056,7 158,8 898,187,"48,3 %","60,19","2,04","0,3 %"
PRIVÉ,190000257,CLINIQUE SAINT-GERMAIN BRIVE,M12,8 289,4 314,3 975,170,"36,8 %","44,49","1,91","0,1 %"
PRIVÉ,190010553,UNITÉ DE DIALYSE BRIVE,M12,0,0,0,12 920,"71,4 %","65,90","0,00","0,0 %"
PRIVÉ,200200145,POLYCLINIQUE LA RESIDENCE,M12,13 598,5 329,8 269,4 902,"45,6 %","54,49","1,32","0,6 %"
PRIVÉ,210011847,POLYCLINIQUE DU PARC DREVON,M12,11 825,4 018,7 807,4 529,"45,5 %","56,97","1,12","0,9 %"
PRIVÉ,210780110,CLINIQUE SAINTE MARTHE,M12,13 901,6 574,7 327,115,"36,8 %","38,78","1,75","0,0 %"
PRIVÉ,210780136,CLINIQUE MÉDICO-CHIRURGICALE DE CHENOVE,M12,10 938,4 664,6 274,150,"44,3 %","53,49","1,59","0,2 %"
PRIVÉ,210780789,CLINIQUE MUTUALISTE BENIGNE JOLY,M12,11 916,6 350,5 566,16 515,"57,6 %","62,81","0,95","0,4 %"
PRIVÉ,210780979,CLINIQUE DE FONTAINE,M12,14 873,6 643,8 230,28,"58,9 %","58,07","1,63","0,3 %"
PRIVÉ,220000111,POLYCLINIQUE DU TREGOR,M12,7 090,2 286,4 804,1 946,"51,2 %","61,77","1,14","0,2 %"
PRIVÉ,220000269,CLINIQUE ARMORICAINE RADIOLOGIE,M12,1 015,953,62,9 227,"40,8 %","64,20","0,83","1,6 %"
PRIVÉ,220000285,CH PRIVÉ ST-BRIEUC - SITE STE-JEANNE D'ARC,M12,9 296,2 890,6 406,0,"46,4 %","55,51","0,97","0,0 %"
PRIVÉ,220000301,CH PRIVÉ ST-BRIEUC - SITE STE-THERESE,M12,13 866,7 023,6 843,299,"45,0 %","52,53","1,96","0,2 %"
PRIVÉ,220005599,POLYCLINIQUE DU PAYS DE RANCE,M12,9 908,3 035,6 873,82,"48,2 %","60,97","1,04","0,1 %"
PRIVÉ,220019558,UNIT DIALYSE LA BEAUCHÉE ST BRIEUC AUB,M12,0,0,0,4 533,"62,7 %","67,30","0,00","0,0 %"
PRIVÉ,220019848,UNITÉ DIALYSE LOUDEAC AUB SANTÉ,M12,0,0,0,658,"77,8 %","55,68","0,00","0,0 %"
PRIVÉ,220020507,UNITÉ DIALYSE LANNION AUB SANTÉ,M12,0,0,0,3 241,"66,6 %","74,84","0,00","0,0 %"
PRIVÉ,220022800,HÔPITAL PRIVÉ DES COTES D'ARMOR,M12,421,167,254,339,"44,7 %","55,20","0,56","0,4 %"
PRIVÉ,230780157,CLINIQUE DE LA MARCHE GUERET,M12,3 359,953,2 406,71,"47,0 %","61,83","1,19","0,1 %"
PRIVÉ,240000190,POLYCLINIQUE FRANCHEVILLE,M12,14 946,6 661,8 285,6 844,"48,5 %","60,82","1,48","1,0 %"
PRIVÉ,240000208,CLINIQUE PASTEUR,M12,7 586,2 197,5 389,1 à 10,"49,7 %","62,84","1,13","0,1 %"
PRIVÉ,240000216,CLINIQUE DU PARC,M12,6 362,1 551,4 811,0,"43,4 %","60,22","1,02","0,0 %"
PRIVÉ,240006734,CENTRE D'HEMODIALYSE FRANCHEVILLE,M12,0,0,0,20 327,"59,6 %","72,94","0,00","0,0 %"
PRIVÉ,250000270,CLINIQUE SAINT-VINCENT,M12,25 221,11 480,13 741,0,"53,2 %","58,87","1,49","0,1 %"
PRIVÉ,250011723,CLINIQUE DE MONTBÉLIARD,M8,5 257,1 916,3 341,0,"41,9 %","50,05","1,18","0,0 %"
PRIVÉ,250011848,POLYCLINIQUE DE FRANCHE COMTE,M12,18 106,9 332,8 774,1 869,"36,4 %","49,05","1,75","0,1 %"
PRIVÉ,260000260,CLINIQUE LA PARISIERE,M12,8 409,2 706,5 703,69,"50,5 %","56,26","0,96","0,0 %"
PRIVÉ,260003017,SA CLINIQUE KENNEDY,M12,16 304,5 805,10 499,17,"53,0 %","54,13","1,21","0,3 %"
PRIVÉ,260006267,CLINIQUE GENERALE,M12,8 757,1 812,6 945,2 986,"43,3 %","51,75","0,54","0,6 %"
PRIVÉ,270000326,CLINIQUE PASTEUR,M12,12 230,5 057,7 173,5 917,"51,6 %","59,85","0,96","0,5 %"
PRIVÉ,270000862,CLINIQUE BERGOUIGNAN,M12,6 973,3 187,3 786,0,"54,8 %","57,19","1,68","0,3 %"
PRIVÉ,280000159,CLINIQUE NOTRE DAME DE BON SECOURS,M12,8 674,3 643,5 031,897,"51,3 %","60,21","1,27","0,1 %"
PRIVÉ,280000449,POLE MEDICAL MAISON BLANCHE,M12,1 986,1 661,325,0,"58,6 %","68,83","4,70","0,8 %"
PRIVÉ,280504689,CLINIQUE NÉPHROLOGIQUE DE MAISON BLANCHE,M12,0,0,0,12 429,"56,5 %","67,90","0,00","0,0 %"
PRIVÉ,280505777,HÔPITAL PRIVÉ D'EURE ET LOIR,M12,11 352,4 801,6 551,1 267,"44,6 %","56,40","1,61","0,8 %"
PRIVÉ,290000140,CLINIQUE PASTEUR-SAINT ESPRIT,M12,17 096,6 976,10 120,7 498,"42,2 %","58,68","1,30","1,1 %"
PRIVÉ,290000207,CLINIQUE ST MICHEL ET STE ANNE,M12,12 349,3 912,8 437,2 064,"51,9 %","63,70","1,15","0,5 %"
PRIVÉ,290000215,POLYCLINIQUE QUIMPER SUD,M12,12 404,4 674,7 730,93,"43,8 %","57,47","1,51","0,2 %"
PRIVÉ,290000850,STE BRESTOISE DU REIN ARTIFICIEL,M12,0,0,0,7 335,"63,5 %","71,70","0,00","0,0 %"
PRIVÉ,290004142,CLINIQUE DU GRAND LARGE,M12,9 191,3 161,6 030,143,"46,1 %","53,16","1,29","0,2 %"
PRIVÉ,290005131,UNITÉ DIALYSE PLOURIN-LES-MORLAIX AUB,M12,0,0,0,7 327,"52,4 %","72,19","0,00","0,0 %"
PRIVÉ,290005230,UNITÉ DIALYSE DOUARNENEZ - AUB,M12,0,0,0,927,"59,3 %","79,35","0,00","0,0 %"
PRIVÉ,290019777,POLYCLINIQUE DE KERAUDREN,M12,25 167,14 579,10 588,107,"44,7 %","45,66","2,18","0,2 %"
PRIVÉ,290023431,CENTRE MÉDICO-CHIRURGICAL BAIE DE MORLAIX,M12,7 325,2 369,4 956,868,"50,3 %","59,72","0,94","0,3 %"
PRIVÉ,290023779,UNITÉ DIALYSE CARHAIX AUB,M12,0,0,0,3 758,"74,1 %","74,77","0,00","0,0 %"
PRIVÉ,290029669,UNITÉ DIALYSE QUIMPER AUB SANTÉ,M12,0,0,0,6 441,"57,3 %","76,72","0,00","0,0 %"
PRIVÉ,290030808,UNITÉ DIALYSE CROZON AUB SANTÉ,M12,0,0,0,1 193,"55,5 %","74,24","0,00","0,0 %"
PRIVÉ,290032028,UNITÉ DIALYSE BREST QUESTEL AUB SANTÉ,M12,0,0,0,7 069,"63,4 %","67,26","0,00","0,0 %"
PRIVÉ,290032655,UNITÉ DIALYSE QUIMPERLE MELLAC AUB,M12,0,0,0,793,"71,1 %","79,77","0,00","0,0 %"
PRIVÉ,290032713,UDM DE QUIMPER,M12,0,0,0,3 369,"65,4 %","70,13","0,00","0,0 %"
PRIVÉ,2A0000139,SA CLINISUD,M12,12 544,3 720,8 824,32,"48,6 %","57,39","1,30","0,3 %"
PRIVÉ,2A0000154,CLINIQUE DU SUD DE LA CORSE,M12,6 052,3 043,3 009,4 452,"53,8 %","58,94","1,40","1,0 %"
PRIVÉ,2B0000079,CLINIQUE DR FILIPPI,M12,4 065,386,3 679,0,"44,5 %","56,03","0,12","0,1 %"
PRIVÉ,2B0000392,POLYCLINIQUE DE FURIANI,M12,6 287,3 412,2 875,1 à 10,"60,6 %","59,18","2,03","0,3 %"
PRIVÉ,300002508,CENTRE DE CHIRURGIE AMBULATOIRE DES HAUTS D'AVIGNON,M12,4 505,0,4 505,0,"44,8 %","48,69","0,00","0,0 %"
PRIVÉ,300007119,AIDER ALES,M12,0,0,0,8 666,"61,1 %","76,39","0,00","0,0 %"
PRIVÉ,300008588,NEPHROCARE NIMES,M12,0,0,0,19 943,"59,2 %","71,70","0,00","0,0 %"
PRIVÉ,300008638,NEPHROCARE BAGNOLS SUR CEZE,M12,0,0,0,4 630,"73,7 %","72,18","0,00","0,0 %"
PRIVÉ,300780137,NOUVELLE CLINIQUE BONNEFON,M12,11 831,5 613,6 218,236,"47,9 %","58,05","2,40","1,1 %"
PRIVÉ,300780152,HÔPITAL PRIVÉ LES FRANCISCAINES,M12,15 551,10 609,4 942,188,"54,8 %","61,12","3,53","1,0 %"
PRIVÉ,300780228,POLYCLINIQUE LA GARAUD,M12,3 526,439,3 087,0,"46,4 %","53,38","0,29","0,0 %"
PRIVÉ,300780285,CLINIQUE VALDEGOUR,M12,1 163,1 130,33,6 512,"52,5 %","65,40","0,79","1,6 %"
PRIVÉ,300781465,CLINIQUE KENNEDY,M12,12 008,5 653,6 355,12,"40,5 %","48,13","1,87","0,1 %"
PRIVÉ,300788502,POLYCLINIQUE DU GRAND SUD,M12,26 941,12 649,14 292,1 624,"42,7 %","48,86","1,65","0,2 %"
PRIVÉ,310026083,CLINIQUE SAINT-CYPRIEN RIVE GAUCHE,M12,4 723,2 292,2 431,21,"39,2 %","36,72","1,56","0,0 %"
PRIVÉ,310780085,CLINIQUE SAINT-NICOLAS,M10,5 849,1 335,4 514,1 à 10,"43,2 %","43,96","0,24","0,0 %"
PRIVÉ,310780101,CLINIQUE SAINT JEAN LANGUEDOC,M12,29 431,11 372,18 059,3 784,"45,0 %","53,10","1,26","0,4 %"
PRIVÉ,310780135,CLINIQUE SARRUS-TEINTURIERS,M11,18 577,11 153,7 424,138,"36,9 %","33,60","2,27","0,2 %"
PRIVÉ,310780150,CLINIQUE MEDIPOLE GARONNE,M12,20 053,8 741,11 312,112,"45,8 %","47,95","1,17","0,0 %"
PRIVÉ,310780259,SA CLINIQUE PASTEUR,M12,33 394,21 382,12 012,12 078,"54,3 %","64,90","2,21","1,0 %"
PRIVÉ,310780283,NOUVELLE CLINIQUE DE L'UNION,M12,42 517,22 711,19 806,3 677,"48,4 %","55,68","1,97","0,7 %"
PRIVÉ,310780309,POLYCLINIQUE DU PARC,M12,14 226,6 654,7 572,265,"44,3 %","53,44","1,67","0,6 %"
PRIVÉ,310780366,CLINIQUE MONIE,M12,2 133,1 131,1 002,0,"48,3 %","68,40","5,73","5,1 %"
PRIVÉ,310780382,CLINIQUE AMBROISE PARE,M12,24 256,15 445,8 811,236,"37,9 %","39,83","2,67","0,3 %"
PRIVÉ,310781000,CLINIQUE DES CEDRES,M12,36 307,17 721,18 586,3 344,"48,8 %","56,12","2,15","0,9 %"
PRIVÉ,310781505,CLINIQUE D'OCCITANIE,M12,21 394,10 454,10 940,3 730,"50,7 %","56,30","1,94","0,8 %"
PRIVÉ,310781695,CLINIQUE DE LAGARDELLE,M12,794,792,1 à 10,0,"42,3 %","80,92","17,63","20,2 %"
PRIVÉ,310782016,CLINIQUE NÉPHROLOGIQUE SAINT EXUPERY,M12,1 296,1 261,35,40 644,"60,3 %","73,45","0,24","0,2 %"
PRIVÉ,310786389,CLINIQUE DES PYRENEES,M12,218,218,0,0,"28,4 %","83,06","4,17","0,0 %"
PRIVÉ,310794417,CENTRE NÉPHROLOGIQUE D'OCCITANIE,M12,0,0,0,18 425,"50,8 %","75,91","0,00","0,0 %"
PRIVÉ,320780067,POLYCLINIQUE DE GASCOGNE,M12,7 087,2 362,4 725,1 à 10,"53,3 %","59,52","1,20","0,2 %"
PRIVÉ,330017989,CENTRE D'HEMODIALYSE BORDEAUX RIVE DROITE,M12,0,0,0,14 722,"52,1 %","71,82","0,00","0,0 %"
PRIVÉ,330780040,NOUVELLE CLINIQUE BEL AIR,M12,17 163,7 739,9 424,0,"50,1 %","55,60","0,89","0,0 %"
PRIVÉ,330780081,CLINIQUE SAINT AUGUSTIN,M12,14 114,9 834,4 280,16,"64,2 %","58,82","3,23","0,8 %"
PRIVÉ,330780115,CLINIQUE TIVOLI-DUCOS,M12,15 680,6 828,8 852,8 889,"33,0 %","56,81","0,94","0,6 %"
PRIVÉ,330780206,CLINIQUE D'ARCACHON,M12,8 995,2 675,6 320,1 789,"49,8 %","58,95","1,01","0,8 %"
PRIVÉ,330780255,CLINIQUE DU LIBOURNAIS,M12,10 721,1 594,9 127,1 à 10,"46,9 %","59,73","0,52","0,0 %"
PRIVÉ,330780263,POLYCLINIQUE BORDEAUX RIVE DROITE,M12,27 486,11 543,15 943,2 715,"44,1 %","45,98","1,49","0,4 %"
PRIVÉ,330780271,CLINIQUE DU SPORT DE BORDEAUX MERIGNAC,M12,8 827,2 342,6 485,0,"59,6 %","44,34","0,81","0,0 %"
PRIVÉ,330780354,POLYCLINIQUE BORDEAUX CAUDERAN,M12,6 028,3 766,2 262,530,"50,2 %","62,93","2,33","0,6 %"
PRIVÉ,330780446,C.T.M.R. ST AUGUSTIN,M12,0,0,0,25 112,"64,1 %","70,85","0,00","0,0 %"
PRIVÉ,330780453,CENTRE D'HEMODIALYSE SAINT MARTIN,M12,0,0,0,20 580,"56,5 %","72,70","0,00","0,0 %"
PRIVÉ,330780479,POLYCLINIQUE BX-NORD AQUITAINE,M12,31 626,17 849,13 777,10 811,"44,8 %","51,85","1,98","1,2 %"
PRIVÉ,330780487,CLINIQUE OPHTALMOLOGIQUE THIERS,M12,6 020,968,5 052,0,"44,5 %","70,01","0,18","0,0 %"
PRIVÉ,330780503,HÔPITAL PRIVÉ SAINT-MARTIN,M12,23 574,11 322,12 252,241,"52,3 %","50,31","1,78","0,2 %"
PRIVÉ,330780511,CLINIQUE SAINTE ANNE,M12,8 612,3 287,5 325,1 708,"50,3 %","58,30","1,14","0,4 %"
PRIVÉ,330781402,NOUVELLE CLINIQUE BORDEAUX TONDU,M12,11 594,5 200,6 394,301,"45,5 %","42,47","1,40","0,4 %"
PRIVÉ,330782582,POLYCLINIQUE JEAN VILLAR,M12,20 355,9 102,11 253,1 746,"40,5 %","49,74","2,02","0,7 %"
PRIVÉ,330783374,CENTRE D'HEMODIALYSE PBNA,M12,0,0,0,22 752,"57,8 %","72,16","0,00","0,0 %"
PRIVÉ,340009539,CENTRE D'HEMODIALYSE AMBULATOIRE SAINT GUILHEM,M12,0,0,0,10 799,"60,6 %","72,27","0,00","0,0 %"
PRIVÉ,340009885,POLYCLINIQUE CHAMPEAU,M12,14 326,7 337,6 989,3 042,"35,5 %","49,70","1,59","0,4 %"
PRIVÉ,340015502,CLINIQUE LE MILLENAIRE,M12,24 206,14 672,9 534,0,"53,9 %","61,04","3,11","1,0 %"
PRIVÉ,340015965,SAS POLYCLINIQUE SAINT PRIVAT,M12,20 833,10 636,10 197,4 612,"56,1 %","60,49","2,05","0,8 %"
PRIVÉ,340015999,NEPHROCARE BEZIERS,M12,0,0,0,31 592,"63,3 %","74,97","0,00","0,0 %"
PRIVÉ,340017292,DIALYSE ST GUILHEM AGDE,M12,0,0,0,4 830,"59,7 %","66,55","0,00","0,0 %"
PRIVÉ,340017490,NEPHROCARE CASTELNAU LE ROCHET,M12,0,0,0,3 626,"84,3 %","58,97","0,00","0,1 %"
PRIVÉ,340019603,GCS HEMODIALYSE LAPEYRONIE,M12,0,0,0,7 910,"68,1 %","72,32","0,00","0,0 %"
PRIVÉ,340780139,CLINIQUE DU DR. CAUSSE,M12,8 385,3 903,4 482,0,"45,4 %","53,08","1,77","0,0 %"
PRIVÉ,340780147,POLYCLINIQUE DES 3 VALLEES,M12,3 704,2 021,1 683,0,"48,9 %","61,91","2,23","0,9 %"
PRIVÉ,340780154,POLYCLINIQUE PASTEUR,M12,7 655,1 950,5 705,47,"49,5 %","60,83","1,18","0,3 %"
PRIVÉ,340780568,CLINIQUE DU SOUFFLE LA VALONIE,M12,833,828,1 à 10,0,"56,8 %","67,25","6,21","0,8 %"
PRIVÉ,340780634,POLYCLINIQUE SAINT-JEAN,M12,21 048,7 443,13 605,848,"50,3 %","45,64","1,32","0,2 %"
PRIVÉ,340780667,CLINIQUE DU PARC,M12,22 700,11 227,11 473,6 507,"54,2 %","60,91","2,61","1,4 %"
PRIVÉ,340780675,CLINIQUE CLEMENTVILLE,M12,19 977,10 257,9 720,8 612,"39,4 %","47,60","1,65","0,9 %"
PRIVÉ,340780683,POLYCLINIQUE SAINT ROCH,M12,24 443,11 569,12 874,48,"30,2 %","42,84","1,89","0,1 %"
PRIVÉ,340780717,CLINIQUE SAINT- LOUIS,M12,7 870,4 194,3 676,242,"48,1 %","58,56","2,25","1,3 %"
PRIVÉ,340780725,CLINIQUE VIA DOMITIA POLE DE SANTÉ,M12,7 233,1 279,5 954,0,"47,3 %","55,67","0,31","0,0 %"
PRIVÉ,340780741,POLYCLINIQUE SAINTE THERESE,M12,10 476,3 396,7 080,22,"41,1 %","54,09","1,16","0,1 %"
PRIVÉ,340780840,NEPHROCARE CASTELNAU LE PARC,M12,0,0,0,31 999,"64,9 %","73,49","0,00","0,2 %"
PRIVÉ,350000121,CH PRIVÉ ST-GREGOIRE,M12,44 333,23 110,21 223,10 530,"46,3 %","52,01","1,99","0,6 %"
PRIVÉ,350000196,CLINIQUE DE LA COTE D'EMERAUDE,M12,9 429,3 357,6 072,2 631,"53,4 %","60,75","0,93","0,1 %"
PRIVÉ,350002192,POLYCLINIQUE SAINT LAURENT,M12,16 435,9 414,7 021,893,"56,1 %","63,50","2,30","1,3 %"
PRIVÉ,350002804,DIALYSE A DOMICILE AUB SANTÉ,M12,0,0,0,45 440,"64,7 %","60,35","0,00","0,0 %"
PRIVÉ,350005146,HÔPITAL PRIVÉ SEVIGNE,M12,21 551,7 929,13 622,4 935,"53,1 %","59,32","1,48","0,4 %"
PRIVÉ,350032934,UNITÉ DIALYSE PONTCHAILLOU RENNES AUB,M12,0,0,0,13 541,"66,1 %","70,98","0,00","0,0 %"
PRIVÉ,350040044,UNITÉ DIALYSE BROUSSAIS SAINT MALO AUB,M12,0,0,0,11 551,"63,8 %","76,30","0,00","0,0 %"
PRIVÉ,350042131,UNITÉ DIALYSE REDON - AUB,M12,0,0,0,1 604,"65,0 %","70,81","0,00","0,0 %"
PRIVÉ,350042602,UNITÉ DIALYSE FOUGERES AUB,M12,0,0,0,1 896,"58,8 %","80,64","0,00","0,0 %"
PRIVÉ,350045779,UDM DE SAINT MALO,M12,0,0,0,3 247,"54,1 %","67,18","0,00","0,0 %"
PRIVÉ,350046744,UNITÉ DE DIALYSE MEDICALISEE DE FOUGERES,M12,0,0,0,1 712,"63,1 %","68,64","0,00","0,0 %"
PRIVÉ,350046751,UNITÉ DIALYSE MONTGERMONT AUB,M12,0,0,0,6 796,"58,5 %","64,14","0,00","0,0 %"
PRIVÉ,360000129,CLINIQUE ST FRANCOIS,M12,10 233,3 482,6 751,202,"52,4 %","58,34","1,42","0,3 %"
PRIVÉ,360002133,RE NEPHRO CHATEAUROUX-AV.KENNEDY,M12,0,0,0,16 322,"67,2 %","71,05","0,00","0,0 %"
PRIVÉ,360002232,CENTRE DE CONVALESCENCE ET DIÉTÉTIQUE MANOIR EN BERRY,M12,1 163,1 158,1 à 10,0,"41,3 %","61,48","7,13","1,4 %"
PRIVÉ,370000051,CLINIQUE JEANNE D ARC,M12,5 044,1 259,3 785,0,"46,3 %","59,03","1,08","0,1 %"
PRIVÉ,370000085,NCT PLUS SITE SAINT-GATIEN,M12,17 027,8 114,8 913,12 633,"56,3 %","70,53","1,31","0,4 %"
PRIVÉ,370000093,SAS NOUVELLE CLINIQUE DE TOURS +,M12,17 510,8 845,8 665,2 376,"47,2 %","56,00","1,98","0,9 %"
PRIVÉ,370007569,PÔLE SANTÉ LÉONARD DE VINCI,M12,39 811,17 892,21 919,8 816,"41,2 %","51,64","1,84","1,0 %"
PRIVÉ,380013037,CENTRE ENDOSCOPIE NORD ISERE,M12,4 617,0,4 617,0,"44,2 %","55,07","0,00","0,0 %"
PRIVÉ,380780197,CLINIQUE SAINT VINCENT DE PAUL,M12,12 995,6 664,6 331,213,"45,4 %","42,46","1,89","0,1 %"
PRIVÉ,380780270,CLINIQUE DES ALPES,M12,6 659,1 383,5 276,0,"42,7 %","35,08","0,41","0,0 %"
PRIVÉ,380780288,CLINIQUE DE CHARTREUSE,M12,10 215,1 772,8 443,43,"50,0 %","52,04","0,59","0,0 %"
PRIVÉ,380781450,CLINIQUE SAINT CHARLES,M12,4 594,1 986,2 608,61,"52,5 %","51,22","2,15","0,5 %"
PRIVÉ,380785956,CLINIQUE DES CEDRES,M12,23 039,9 848,13 191,154,"43,8 %","50,57","1,86","0,3 %"
PRIVÉ,380786442,CLINIQUE BELLEDONNE,M12,28 705,14 410,14 295,124,"43,6 %","52,96","2,32","0,4 %"
PRIVÉ,390780559,CLINIQUE DU JURA,M12,2 440,869,1 571,0,"49,3 %","48,97","1,02","0,0 %"
PRIVÉ,390780575,POLYCLINIQUE DU PARC,M12,7 051,2 377,4 674,1 à 10,"53,6 %","55,57","1,04","0,1 %"
PRIVÉ,400780284,CLINIQUE ST-VINCENT DE PAUL,M12,2 532,1 082,1 450,0,"58,8 %","54,72","1,85","0,0 %"
PRIVÉ,400780342,CLINIQUE JEAN LE BON,M12,5 684,947,4 737,79,"46,8 %","52,13","0,21","0,0 %"
PRIVÉ,400780359,CLINIQUE DES LANDES,M12,9 433,2 903,6 530,21,"46,0 %","55,57","1,19","0,0 %"
PRIVÉ,400782769,POLYCLINIQUE DE L'ADOUR,M12,6 487,2 893,3 594,46,"50,8 %","63,76","2,44","1,3 %"
PRIVÉ,410000202,POLYCLINIQUE DE BLOIS,M12,17 206,7 903,9 303,33 891,"57,8 %","66,82","0,75","0,5 %"
PRIVÉ,410004998,CLINIQUE DU SAINT COEUR,M12,8 688,4 730,3 958,0,"44,2 %","51,63","2,23","0,4 %"
PRIVÉ,420011413,HÔPITAL PRIVÉ DE LA LOIRE,M12,33 971,17 370,16 601,2 512,"44,7 %","49,73","2,15","0,7 %"
PRIVÉ,420780504,CLINIQUE DU PARC,M12,19 148,5 059,14 089,64,"47,8 %","52,41","1,06","0,2 %"
PRIVÉ,420782310,CLINIQUE DU RENAISON,M12,16 436,6 092,10 344,234,"48,1 %","58,59","1,59","0,3 %"
PRIVÉ,420782591,CLINIQUE NOUVELLE DU FOREZ,M12,3 077,0,3 077,0,"45,0 %","55,74","0,00","0,0 %"
PRIVÉ,430000109,CLINIQUE BON SECOURS - LE PUY,M12,6 143,1 900,4 243,141,"58,7 %","60,72","1,33","0,4 %"
PRIVÉ,430007450,CENTRE MÉDICAL SPECIALISE LE CHAMBON SUR LIGNON,M12,2 972,607,2 365,0,"75,3 %","49,84","1,34","0,0 %"
PRIVÉ,440000404,CLINIQUE SAINTE MARIE,M12,6 720,2 465,4 255,0,"50,3 %","55,84","1,37","0,2 %"
PRIVÉ,440000412,CLINIQUE BRETECHE VIAUD,M12,14 728,9 855,4 873,25,"31,9 %","43,50","2,78","0,6 %"
PRIVÉ,440000487,CLINIQUE UROLOGIQUE NANTES ATLANTIS,M12,4 792,2 606,2 186,0,"82,0 %","53,28","1,73","0,2 %"
PRIVÉ,440000511,CLINIQUE JEANNE D'ARC,M12,16 146,1 915,14 231,0,"60,7 %","44,91","0,19","0,0 %"
PRIVÉ,440000651,CLINIQUE SOURDILLE SA,M12,13 513,2 161,11 352,0,"44,0 %","66,43","0,25","0,0 %"
PRIVÉ,440002020,POLYCLINIQUE DE L'EUROPE,M12,17 089,6 512,10 577,232,"50,8 %","60,87","1,29","0,2 %"
PRIVÉ,440005080,DIALYSE ECHO NANTES,M12,0,0,0,12 430,"59,9 %","59,32","0,00","0,0 %"
PRIVÉ,440023364,CENTRE CATHERINE DE SIENNE,M12,2 252,2 012,240,16 595,"40,1 %","62,60","0,88","1,6 %"
PRIVÉ,440024982,AHO CLINIQUE SAINT AUGUSTIN,M12,20 522,8 160,12 362,454,"54,2 %","53,08","1,31","0,4 %"
PRIVÉ,440029379,CLINIQUE JULES VERNE,M12,27 122,6 898,20 224,329,"46,4 %","49,46","0,69","0,0 %"
PRIVÉ,440033819,SANTÉ ATLANTIQUE,M12,33 865,17 454,16 411,19,"32,0 %","38,68","2,02","0,1 %"
PRIVÉ,440036176,CENTRE DIALYSE ECHO ST HERBLAIN,M12,0,0,0,13 370,"52,8 %","74,05","0,00","0,0 %"
PRIVÉ,440036499,CENTRE DIALYSE ECHO REZE,M12,0,0,0,22 984,"54,8 %","66,61","0,00","0,0 %"
PRIVÉ,440039568,DIALYSE ECHO LA BAULE,M12,0,0,0,3 586,"44,5 %","69,23","0,00","0,0 %"
PRIVÉ,440041580,L'HÔPITAL PRIVÉ DU CONFLUENT,M12,50 214,25 298,24 916,243,"52,4 %","57,12","2,09","0,8 %"
PRIVÉ,440048718,HÔPITAL DU CONFLUENT-SITE JULES VERNE,M12,1 à 10,0,1 à 10,921,"24,5 %","64,99","0,00","0,0 %"
PRIVÉ,440050441,DIALYSE ECHO ST NAZAIRE,M12,0,0,0,7 221,"55,4 %","66,06","0,00","0,0 %"
PRIVÉ,450000237,CLINIQUE JEANNE D'ARC - GIEN,M12,6 906,2 350,4 556,1 980,"49,2 %","60,83","1,25","0,3 %"
PRIVÉ,450000245,CLINIQUE L'ARCHETTE,M12,15 027,6 495,8 532,1 670,"45,7 %","59,95","1,56","0,3 %"
PRIVÉ,450000294,ORELIANCE - REINE BLANCHE,M12,7 265,6 888,377,445,"57,1 %","67,37","6,04","4,1 %"
PRIVÉ,450010079,ORELIANCE - LONGUES ALLEES,M12,28 994,9 564,19 430,3 936,"50,7 %","53,13","1,16","0,1 %"
PRIVÉ,450012935,CENTRE D'HEMODIALYSE ARCHETTE,M12,0,0,0,13 959,"54,4 %","72,30","0,00","0,0 %"
PRIVÉ,450012968,CLINIQUE DE MONTARGIS,M12,5 171,1 481,3 690,183,"49,4 %","58,49","0,97","0,0 %"
PRIVÉ,450013818,CENTRE D'HEMODIALYSE J. D'ARC,M12,0,0,0,4 132,"66,9 %","76,41","0,00","0,0 %"
PRIVÉ,450018312,RE D'HEMODIALYSE LA REINE BLANCHE,M12,0,0,0,11 038,"52,5 %","72,51","0,00","0,0 %"
PRIVÉ,450018460,CENTRE NÉPHROLOGIQUE DE MONTARGIS,M12,0,0,0,13 528,"59,8 %","73,31","0,00","0,0 %"
PRIVÉ,460006075,CLINIQUE FONT REDONDE,M12,45,43,1 à 10,908,"52,2 %","64,36","0,93","2,9 %"
PRIVÉ,460780042,CLINIQUE DU QUERCY BELLEVUE,M10,1 353,0,1 353,0,"47,6 %","60,35","0,00","0,0 %"
PRIVÉ,470000027,CLINIQUE ESQUIROL - SAINT-HILAIRE,M12,30 471,15 801,14 670,716,"51,3 %","59,34","2,40","1,1 %"
PRIVÉ,470000076,POLYCLINIQUE DU MARMANDAIS,M7,1 637,65,1 572,0,"51,8 %","58,65","0,12","0,0 %"
PRIVÉ,470000159,CLINIQUE CALABET,M12,0,0,0,6 542,"49,4 %","64,44","0,00","0,0 %"
PRIVÉ,490000262,CLINIQUE SAINT-JOSEPH,M12,13 626,6 506,7 120,1 452,"55,9 %","59,66","1,62","0,7 %"
PRIVÉ,490002037,POLYCLINIQUE DU PARC,M12,21 249,11 230,10 019,2 880,"49,5 %","51,93","1,92","0,5 %"
PRIVÉ,490007499,CENTRE DIALYSE ECHO ANGERS BOCQUEL,M12,0,0,0,20 243,"54,5 %","74,72","0,00","0,0 %"
PRIVÉ,490007929,CLINIQUE CHIRURGICALE DE LA LOIRE,M12,10 999,4 125,6 874,289,"52,1 %","56,77","1,38","0,2 %"
PRIVÉ,490009008,CENTRE DIALYSE ECHO CHOLET MARENGO,M12,0,0,0,9 379,"52,0 %","78,43","0,00","0,0 %"
PRIVÉ,490014909,CLINIQUE DE L'ANJOU,M12,37 223,18 456,18 767,681,"44,6 %","50,22","1,93","0,3 %"
PRIVÉ,490015906,CLINIQUE SAINT LEONARD,M12,10 006,5 671,4 335,320,"49,8 %","53,15","2,08","0,0 %"
PRIVÉ,490017613,DIALYSE ECHO TRELAZE,M12,0,0,0,2 430,"78,0 %","69,54","0,00","0,0 %"
PRIVÉ,490537818,CENTRE DIALYSE DIAVERUM ANGERS,M12,0,0,0,23 738,"63,6 %","70,62","0,00","0,0 %"
PRIVÉ,490540440,CENTRE DE LA MAIN,M12,5 021,0,5 021,0,"58,2 %","48,86","0,00","0,0 %"
PRIVÉ,500000146,HÔPITAL PRIVÉ DE LA BAIE,M12,12 103,3 251,8 852,3 514,"47,8 %","63,11","1,01","1,0 %"
PRIVÉ,500000203,POLYCLINIQUE DE LA MANCHE - SAINT-LO,M12,7 000,1 962,5 038,35,"49,4 %","62,08","1,14","0,1 %"
PRIVÉ,500000401,CLINIQUE DR. H. GUILLARD,M12,6 584,3 613,2 971,382,"40,9 %","47,68","2,23","0,2 %"
PRIVÉ,500002357,POLYCLINIQUE DU COTENTIN,M12,10 193,3 499,6 694,0,"45,9 %","57,80","1,30","0,1 %"
PRIVÉ,500021316,CENTRE DE DIALYSE D'AVRANCHES,M12,0,0,0,6 860,"66,9 %","73,46","0,00","0,0 %"
PRIVÉ,510000185,POLYCLINIQUE COURLANCY - REIMS,M12,32 404,19 533,12 871,18 049,"44,2 %","54,64","1,83","0,8 %"
PRIVÉ,510000193,POLYCLINIQUE SAINT-ANDRE,M12,25 835,13 188,12 647,296,"40,0 %","48,72","2,09","0,6 %"
PRIVÉ,510000227,POLYCLINIQUE PRIOLLET - CHALONS,M12,3 866,1 688,2 178,931,"41,7 %","53,22","1,22","0,0 %"
PRIVÉ,510000243,CLINIQUE D'EPERNAY,M12,6 232,2 521,3 711,157,"43,7 %","57,12","2,01","0,8 %"
PRIVÉ,510012040,POLYCLINIQUE LES BLEUETS - REIMS,M12,15 313,5 257,10 056,276,"51,6 %","54,57","1,27","0,5 %"
PRIVÉ,520780156,CLINIQUE DE LA COMPASSION,M12,3 045,1 077,1 968,0,"45,3 %","61,70","1,94","0,1 %"
PRIVÉ,520780180,CLINIQUE FRANCOIS 1ER,M12,5 992,1 940,4 052,1 481,"47,3 %","57,62","1,04","0,4 %"
PRIVÉ,520780214,CENTRE MÉDICO-CHIRURGICAL,M12,4 810,1 607,3 203,23 507,"60,6 %","70,75","0,31","0,3 %"
PRIVÉ,530002898,CENTRE DIALYSE ECHO LAVAL,M12,0,0,0,10 109,"62,0 %","70,85","0,00","0,0 %"
PRIVÉ,530031962,POLYCLINIQUE DU MAINE,M12,12 198,5 136,7 062,3 476,"41,8 %","61,02","1,53","0,9 %"
PRIVÉ,540000361,CLINIQUE JEANNE D'ARC - LUNEVILL,M12,7 669,1 796,5 873,113,"47,0 %","55,84","0,80","0,0 %"
PRIVÉ,540000445,ESPACE CHIRURGICAL AMBROISE PARE NANCY,M12,8 222,4 436,3 786,0,"56,3 %","64,36","1,71","0,3 %"
PRIVÉ,540000452,CLINIQUE ST ANDRE VANDOEUVRE,M12,14 196,4 689,9 507,1 à 10,"39,9 %","54,18","0,99","0,1 %"
PRIVÉ,540000478,CLINIQUE LOUIS PASTEUR,M12,29 835,12 845,16 990,15 556,"57,5 %","62,35","0,98","0,3 %"
PRIVÉ,540000486,POLYCLINIQUE DE GENTILLY,M12,26 156,13 717,12 439,30 987,"52,3 %","64,10","1,24","0,6 %"
PRIVÉ,540013224,POLYCLINIQUE MAJORELLE,M12,12 291,8 904,3 387,17,"18,7 %","31,64","2,85","0,2 %"
PRIVÉ,550000178,POLYCLINIQUE DU PARC - BAR-LE-DUC,M12,9 287,4 113,5 174,131,"44,3 %","57,13","1,99","0,2 %"
PRIVÉ,560002511,CLINIQUE DU TER,M12,12 466,4 205,8 261,91,"50,5 %","57,59","1,10","0,1 %"
PRIVÉ,560004004,UNITÉ DIALYSE LORIENT AUB SANTÉ,M12,0,0,0,4 732,"55,6 %","75,09","0,00","0,0 %"
PRIVÉ,560007510,POLYCLINIQUE DE PONTIVY,M12,7 911,2 461,5 450,1 à 10,"50,7 %","60,62","1,11","0,0 %"
PRIVÉ,560008799,CLINIQUE OCEANE,M12,34 115,15 136,18 979,6 547,"50,0 %","56,33","1,46","0,8 %"
PRIVÉ,560009490,AUTODIALYSE BELLE-ÎLE,M12,0,0,0,366,"40,4 %","65,63","0,00","0,0 %"
PRIVÉ,560009508,AUTODIALYSE AURAY,M12,0,0,0,1 110,"53,4 %","56,79","0,00","0,0 %"
PRIVÉ,560009524,AUTODIALYSE VANNES,M12,0,0,0,5 500,"67,8 %","61,79","0,00","0,0 %"
PRIVÉ,560014078,AUTODIALYSE MUZILLAC,M12,0,0,0,912,"80,7 %","62,15","0,00","0,0 %"
PRIVÉ,560014128,AUTODIALYSE PLOERMEL,M12,0,0,0,714,"53,1 %","52,38","0,00","0,0 %"
PRIVÉ,560020208,UDM DE PONTIVY,M12,0,0,0,2 656,"61,7 %","74,56","0,00","0,0 %"
PRIVÉ,560023152,CENTRE D'HEMODIALYSE AMBULATOIRE ECHO,M12,0,0,0,14 210,"63,0 %","71,89","0,00","0,0 %"
PRIVÉ,560023848,UNITÉ DIALYSE KERFRICHANT LORIENT AUB,M12,0,0,0,5 520,"63,9 %","67,29","0,00","0,0 %"
PRIVÉ,570000083,CLINIQUE SAINT NABOR,M12,11 030,4 657,6 373,29,"35,4 %","46,29","1,61","0,1 %"
PRIVÉ,570000356,CLINIQUE CHIRURGICALE AMBROISE PARE,M12,9 179,3 481,5 698,282,"49,4 %","59,97","1,57","0,1 %"
PRIVÉ,570000364,CLINIQUE NOTRE DAME,M12,9 715,1 669,8 046,185,"48,0 %","56,65","0,55","0,0 %"
PRIVÉ,570000646,HÔPITAL CLINIQUE CLAUDE BERNARD,M12,32 219,17 392,14 827,14 642,"41,3 %","54,81","1,62","0,6 %"
PRIVÉ,580780138,POLYCLINIQUE DU VAL DE LOIRE,M12,11 672,3 078,8 594,8 901,"46,9 %","63,41","0,72","0,3 %"
PRIVÉ,580780195,CLINIQUE DE COSNE-SUR-LOIRE,M12,5 662,2 416,3 246,0,"42,2 %","49,35","2,00","0,4 %"
PRIVÉ,590006896,POLYCLINIQUE DE LA THIERACHE,M12,6 382,2 016,4 366,56,"42,8 %","57,94","1,43","0,1 %"
PRIVÉ,590008041,POLYCLINIQUE VAUBAN,M12,18 577,9 437,9 140,9 078,"53,0 %","62,61","1,82","1,0 %"
PRIVÉ,590034815,CENTRE D'AUTODIALYSE PONT/SAMBRE,M12,0,0,0,1 430,"66,4 %","64,55","0,00","0,0 %"
PRIVÉ,590780060,INSTITUT OPHTALMIQUE,M12,8 368,1 603,6 765,0,"39,3 %","69,30","0,20","0,0 %"
PRIVÉ,590780094,CENTRE LEONARD DE VINCI,M12,1 110,729,381,8 749,"41,4 %","62,54","0,17","0,0 %"
PRIVÉ,590780250,CLINIQUE LILLE-SUD,M12,22 082,3 858,18 224,0,"50,2 %","41,61","0,31","0,0 %"
PRIVÉ,590780268,POLYCLINIQUE DU BOIS,M12,33 992,17 554,16 438,38 395,"49,2 %","58,94","1,12","0,4 %"
PRIVÉ,590780342,CLINIQUE AMBROISE PARE,M12,5 595,330,5 265,0,"41,1 %","68,46","0,06","0,0 %"
PRIVÉ,590780383,POLYCLINIQUE DE LA LOUVIERE,M12,31 160,13 506,17 654,37 154,"55,7 %","63,75","0,67","0,2 %"
PRIVÉ,590781571,CLINIQUE DU CAMBRESIS,M12,3 631,1 682,1 949,0,"41,3 %","54,86","2,22","0,0 %"
PRIVÉ,590781951,CLINIQUE DU CROISE LAROCHE SA,M12,8 290,5 775,2 515,0,"48,2 %","50,27","2,73","0,1 %"
PRIVÉ,590782256,CLINIQUE DES DENTELLIERES,M12,70,0,70,8 077,"37,8 %","60,51","0,00","0,0 %"
PRIVÉ,590782298,CLINIQUE DU PARC,M12,17 739,8 375,9 364,1 à 10,"42,2 %","40,13","1,78","0,1 %"
PRIVÉ,590782496,CLINIQUE SAINT JEAN,M12,265,235,30,0,"37,0 %","84,83","9,63","17,0 %"
PRIVÉ,590782546,CLINIQUE DE VILLENEUVE D'ASCQ,M12,2 698,638,2 060,0,"40,3 %","53,43","2,47","4,5 %"
PRIVÉ,590782553,HÔPITAL PRIVÉ DE VILLENEUVE D'ASCQ,M12,24 674,11 489,13 185,2 746,"41,3 %","47,12","1,66","0,3 %"
PRIVÉ,590784484,NEPHROCARE MAUBEUGE,M12,0,0,0,15 140,"50,7 %","72,27","0,00","0,1 %"
PRIVÉ,590788964,POLYCLINIQUE DU PARC,M12,6 573,2 216,4 357,5 003,"49,4 %","59,55","0,89","0,4 %"
PRIVÉ,590790655,CLINIQUE CHIRURGICALE ST ROCH,M12,2 527,1 284,1 243,0,"49,5 %","47,40","2,00","0,0 %"
PRIVÉ,590806360,CLINIQUE DE LA MITTERIE,M12,5 197,669,4 528,0,"62,8 %","48,94","0,92","0,0 %"
PRIVÉ,590810941,NEPHOCARE MAUBEUGE DIALYSE A DOMICILE,M12,0,0,0,355,"25,9 %","55,23","0,00","0,0 %"
PRIVÉ,590811006,CENTRE D'AUTODIALYSE DE MAUBEUGE,M12,0,0,0,1 179,"89,1 %","62,51","0,00","0,0 %"
PRIVÉ,590813176,CLINIQUE DES HETRES,M12,5 412,1 825,3 587,0,"48,7 %","48,19","2,01","0,7 %"
PRIVÉ,590813382,SA NOUVELLE CLINIQUE VILLETTE,M12,10 908,5 768,5 140,1 à 10,"40,9 %","39,02","1,92","0,1 %"
PRIVÉ,590813507,POLYCLINIQUE VAL DE SAMBRE,M12,9 566,5 503,4 063,0,"42,0 %","43,25","2,58","0,5 %"
PRIVÉ,590813747,CENTRE D'AUTODIALYSE DE FOURMIES,M12,0,0,0,1 296,"57,5 %","63,44","0,00","0,0 %"
PRIVÉ,590815056,CLINIQUE DE FLANDRE,M12,8 823,2 946,5 877,5 377,"45,4 %","57,10","0,97","0,7 %"
PRIVÉ,590816310,CLINIQUE ST AME,M12,15 466,6 492,8 974,352,"38,1 %","43,61","1,50","0,1 %"
PRIVÉ,590817458,CLINIQUE DE LA VICTOIRE,M12,9 972,2 284,7 688,1 945,"39,9 %","53,20","0,55","0,1 %"
PRIVÉ,590817839,POLYCLINIQUE DU VAL DE LYS,M12,5 501,3 968,1 533,16,"34,8 %","33,24","2,18","0,1 %"
PRIVÉ,600008643,CAB GASTRO ENTEROLOGIQUE,M12,2 457,0,2 457,0,"39,6 %","55,28","0,00","0,0 %"
PRIVÉ,600010862,SAS CENTRE CHIRURGICAL DE CHANTILLY,M12,4 299,1 346,2 953,0,"42,2 %","57,44","0,91","0,0 %"
CH,600100176,CENTRE DE SOINS DU VALOIS,M12,578,0,578,0,"49,1 %","58,60","0,00","0,0 %"
PRIVÉ,600100184,CLINIQUE LE VALOIS,M12,760,752,1 à 10,0,"43,9 %","75,96","9,03","9,1 %"
PRIVÉ,600100754,POLYCLINIQUE SAINT-COME SA,M12,20 471,9 735,10 736,17 542,"47,3 %","57,91","1,16","0,4 %"
PRIVÉ,600110175,CLINIQUE DU PARC SAINT LAZARE,M12,10 934,3 345,7 589,46,"49,7 %","52,91","1,08","0,1 %"
PRIVÉ,610006421,CLINIQUE D'ALENCON,M12,5 896,1 665,4 231,14,"48,7 %","52,31","0,92","0,0 %"
PRIVÉ,610780199,CLINIQUE ST DOMINIQUE,M12,4 294,1 556,2 738,53,"55,1 %","64,00","1,71","0,1 %"
PRIVÉ,620006049,CLINIQUE DE ST OMER,M12,12 344,4 115,8 229,416,"47,9 %","53,01","1,23","0,0 %"
PRIVÉ,620024208,CLINIQUE NÉPHROLOGIQUE DE L'AUDOMAROIS,M12,0,0,0,14 407,"69,5 %","67,80","0,00","0,0 %"
PRIVÉ,620100099,HÔPITAL PRIVÉ ARRAS LES BONNETTES,M12,23 221,9 339,13 882,6 141,"42,9 %","53,29","1,40","0,9 %"
PRIVÉ,620100487,CLINIQUE DES ACACIAS,M12,4 973,2 140,2 833,24,"45,8 %","57,08","1,99","0,5 %"
PRIVÉ,620100735,POLYCLINIQUE DE L'ARTOIS,M12,15 330,7 417,7 913,2 907,"42,8 %","51,76","2,17","0,6 %"
PRIVÉ,620100750,CLINIQUE AMBROISE PARE,M12,6 486,2 456,4 030,2 882,"55,5 %","54,42","1,11","0,2 %"
PRIVÉ,620101311,CLINIQUE DES 2 CAPS,M12,12 370,4 800,7 570,1 471,"47,2 %","53,61","1,36","0,5 %"
PRIVÉ,620101501,POLYCLINIQUE DE BOIS-BERNARD SA,M12,24 533,13 259,11 274,28 209,"57,1 %","60,78","0,95","0,3 %"
PRIVÉ,620105940,POLYCLINIQUE DU TERNOIS,M12,3 048,1 616,1 432,0,"46,2 %","57,68","3,07","1,3 %"
PRIVÉ,620106088,CLINIQUE MÉDICO-CHIRURGICALE,M12,5 941,1 980,3 961,70,"43,4 %","52,53","1,90","0,7 %"
PRIVÉ,620116046,SAS CLINIQUE CHIRURGICALE DES 7 VALLEES,M12,3 088,0,3 088,0,"48,1 %","47,51","0,00","0,0 %"
PRIVÉ,620118513,CENTRE MÉDICO CHIRURGICAL ET OBSTÉTRICAL COTE D'OPALE,M12,20 176,12 312,7 864,3 884,"46,3 %","52,20","2,19","1,2 %"
PRIVÉ,630005668,CENTRE D'HÉMODIALYSE AURA ARCHE,M12,0,0,0,12 854,"57,1 %","69,95","0,00","0,0 %"
PRIVÉ,630780211,POLE SANTÉ REPUBLIQUE - CLERMONT,M12,23 126,11 581,11 545,11 661,"48,9 %","58,61","1,43","0,7 %"
PRIVÉ,630780369,CLINIQUE DE LA PLAINE - CLERMONT,M12,9 635,1 859,7 776,0,"48,5 %","56,38","0,77","0,0 %"
PRIVÉ,630781839,CLINIQUE CHATAIGNERAIE - BEAUMONT,M12,31 131,14 064,17 067,919,"48,5 %","43,79","1,81","0,1 %"
PRIVÉ,630783108,CLINIQUE DES CHANDIOTS - CLERMONT,M12,6 065,724,5 341,0,"41,4 %","62,43","0,14","0,0 %"
PRIVÉ,640016580,CENTRE DE CARDIOLOGIE DU PAYS BASQUE,M12,5 540,5 020,520,1 à 10,"66,5 %","69,94","2,86","1,2 %"
PRIVÉ,640018206,CLINIQUE BELHARRA,M12,9 875,4 864,5 011,1 949,"46,3 %","54,28","1,69","0,6 %"
PRIVÉ,640780268,CLINIQUE DELAY,M12,8 712,1 052,7 660,104,"45,0 %","57,67","0,38","0,4 %"
PRIVÉ,640780433,CLINIQUE SAINT ETIENNE,M11,6 640,3 428,3 212,300,"60,4 %","59,05","2,22","0,6 %"
PRIVÉ,640780482,CLINIQUE LAFOURCADE,M11,8 716,4 097,4 619,29,"36,0 %","47,07","1,60","0,2 %"
PRIVÉ,640780490,CAPIO CLINIQUE AGUILERA,M12,14 159,6 066,8 093,862,"46,6 %","57,97","1,63","0,9 %"
PRIVÉ,640780623,CENTRE MÉDICAL ANNIE ENIA,M12,228,226,1 à 10,0,"43,9 %","71,19","14,14","64,5 %"
PRIVÉ,640780672,CLINIQUE MARIENIA,M12,485,0,485,0,"55,7 %","48,68","0,00","0,0 %"
PRIVÉ,640780748,POLYCLINIQUE COTE BASQUE SUD,M12,14 058,5 219,8 839,1 660,"47,9 %","60,99","1,39","0,8 %"
PRIVÉ,640780789,CLINIQUE CHIRURGICALE PAULMY,M11,2 084,1 426,658,2 588,"48,5 %","62,35","1,50","0,9 %"
PRIVÉ,640780938,POLYCLINIQUE PAU PYRENEES SITE MARZET,M12,13 809,6 682,7 127,6 775,"50,0 %","58,45","1,67","1,3 %"
PRIVÉ,640780946,POLYCLINIQUE PAU PYRENEES SITE NAVARRE,M12,19 475,10 399,9 076,269,"42,4 %","47,60","2,18","0,1 %"
PRIVÉ,640780987,CLINIQUE D'ORTHEZ,M12,2 492,914,1 578,0,"49,2 %","58,39","1,79","0,3 %"
PRIVÉ,640781225,CLINIQUE MEDICALE CARDIOLOGIQUE ARESSY,M12,4 219,3 802,417,33,"57,0 %","73,94","5,60","3,5 %"
PRIVÉ,640781308,CLINIQUE PRINCESS,M12,2 828,1 348,1 480,25,"33,5 %","52,03","2,54","0,0 %"
PRIVÉ,640781332,NEPHROCARE BEARN-CTRE DIALYSE DU BEARN,M12,0,0,0,28 891,"62,5 %","70,80","0,00","0,0 %"
PRIVÉ,640787156,CLINIQUE FONDATION LURO,M12,833,286,547,21,"45,7 %","73,02","3,35","2,8 %"
PRIVÉ,640789640,CENTRE D'HEMODIALYSE CLINIQUE DELAY,M12,0,0,0,20 391,"68,8 %","70,54","0,00","0,0 %"
PRIVÉ,650002579,CLINIQUE ORMEAU PYRENEES,M12,12 538,5 294,7 244,0,"51,0 %","61,86","1,89","0,2 %"
PRIVÉ,650780679,CLINIQUE ORMEAU SITE CENTRE,M12,11 338,7 236,4 102,5 786,"41,3 %","56,53","2,38","1,9 %"
PRIVÉ,660006305,LA CLINIQUE MUTUALISTE CATALANE,M12,17 345,6 086,11 259,378,"47,7 %","60,62","1,36","0,2 %"
PRIVÉ,660780628,CLINIQUE DU VALLESPIR,M12,4 765,2 203,2 562,0,"46,4 %","68,55","2,82","2,4 %"
PRIVÉ,660780669,CLINIQUE NOTRE DAME D ESPERANCE,M12,8 424,4 590,3 834,0,"28,9 %","35,19","2,08","0,0 %"
PRIVÉ,660780776,CLINIQUE SAINT MICHEL,M12,4 360,2 245,2 115,44,"47,2 %","63,93","2,25","1,1 %"
PRIVÉ,660780784,CLINIQUE SAINT PIERRE,M12,23 018,14 431,8 587,15 492,"50,9 %","59,92","1,83","1,0 %"
PRIVÉ,660790387,POLYCLINIQUE SAINT ROCH,M12,24 428,11 792,12 636,134,"56,5 %","60,84","2,52","0,8 %"
PRIVÉ,670002187,CENTRE D'AUTODIALYSE DE L'AURAL STRASBOURG,M12,0,0,0,26 035,"60,9 %","65,07","0,00","0,0 %"
PRIVÉ,670013325,CENTRE AUTONOME ENDOSCOPIE DIGESTIVE,M12,3 574,0,3 574,142,"44,2 %","55,65","0,00","0,0 %"
PRIVÉ,670013341,ENDOSAV,M12,1 699,0,1 699,61,"51,2 %","57,16","0,00","0,0 %"
PRIVÉ,670013895,CENTRE D'AUTODIALYSE AURAL SAVERNE,M12,0,0,0,4 373,"59,1 %","71,51","0,00","0,0 %"
PRIVÉ,670014455,CENTRE DE DIALYSE CHRONIQUE STRASBOURG,M12,0,0,0,2 404,"80,4 %","53,14","0,00","0,0 %"
PRIVÉ,670016237,CLINIQUE SAINTE ODILE STRASBOURG,M12,21 504,6 025,15 479,0,"46,0 %","57,00","0,99","0,1 %"
PRIVÉ,670780162,ETS DES DIACONESSES STRASBOURG,M12,17 159,4 458,12 701,0,"49,1 %","53,30","1,21","0,1 %"
PRIVÉ,670780170,CLINIQUE DE L'ORANGERIE STRASB.,M12,16 360,10 104,6 256,9 851,"43,3 %","61,17","1,58","0,4 %"
PRIVÉ,670780378,CLINIQUE SAINT-FRANCOIS HAGUENAU,M12,14 813,4 472,10 341,54,"50,3 %","51,95","1,22","0,2 %"
PRIVÉ,670780386,CLINIQUE SAINTE ODILE HAGUENAU,M12,9 843,4 388,5 455,472,"53,9 %","58,59","1,72","0,2 %"
PRIVÉ,670781574,HEMODIALYSE DIALYSE DOMICILE AURAL SIEGE SOCIAL DE STRASBOURG,M12,0,0,0,14 064,"62,1 %","64,05","0,00","0,0 %"
PRIVÉ,670795921,UNITÉ D'AUTODIALYSE AURAL HAGUENAU,M12,0,0,0,20 205,"59,9 %","68,54","0,00","0,0 %"
PRIVÉ,670799667,AURAL CLINIQUE SAINTE ANNE,M12,0,0,0,13 206,"59,8 %","64,79","0,00","0,0 %"
PRIVÉ,680000320,CLINIQUE DIACONAT FONDERIE,M12,21 448,12 588,8 860,38,"42,3 %","52,61","2,55","0,5 %"
PRIVÉ,680000338,CENTRE DE DIALYSE DIAVERUM MULHOUSE,M12,0,0,0,21 907,"54,5 %","69,72","0,00","0,0 %"
PRIVÉ,680000494,CLINIQUE DIACONAT ROOSEVELT,M12,22 190,9 897,12 293,812,"51,7 %","53,60","1,78","0,1 %"
PRIVÉ,680010824,UNITÉ D'AUTODIALYSE AURAL COLMAR,M12,0,0,0,14 071,"64,9 %","66,91","0,00","0,0 %"
PRIVÉ,680013778,UNITÉ D'AUTODIALYSE AURAL MULHOUSE,M12,0,0,0,15 379,"57,8 %","64,01","0,00","0,0 %"
PRIVÉ,680020088,NOUVELLE CLINIQUE DES TROIS FRONTIERES,M12,8 472,5 019,3 453,1 953,"46,6 %","56,38","2,79","2,0 %"
PRIVÉ,690011838,CENTRE DE CHIMIOTHERAPIE BAYARD,M12,170,0,170,1 060,"41,8 %","58,46","0,00","0,0 %"
PRIVÉ,690022108,CENTRE DE DIALYSE BAYARD,M12,0,0,0,14 255,"74,0 %","64,42","0,00","0,0 %"
PRIVÉ,690022959,HÔPITAL PRIVÉ MERE ENFANT NATECIA,M12,16 176,10 955,5 221,132,"23,8 %","25,05","3,15","0,1 %"
PRIVÉ,690023239,CLINIQUE DU PARC,M12,16 842,7 565,9 277,1 à 10,"45,0 %","53,60","1,36","0,0 %"
PRIVÉ,690023411,HÔPITAL PRIVÉ JEAN MERMOZ,M12,33 152,14 401,18 751,19 214,"43,7 %","57,39","1,29","0,6 %"
PRIVÉ,690029186,ENDO LYON SUD OUEST,M12,2 465,0,2 465,0,"46,9 %","58,23","0,00","0,0 %"
PRIVÉ,690780200,CLINIQUE EMILIE DE VIALAR,M12,1 630,720,910,0,"44,2 %","46,28","2,23","0,0 %"
PRIVÉ,690780226,CLINIQUE DE LA PART-DIEU,M12,2 596,341,2 255,0,"42,2 %","63,51","0,14","0,0 %"
PRIVÉ,690780259,CLINIQUE SAINT-CHARLES,M12,7 137,1 614,5 523,0,"37,8 %","55,20","0,64","0,0 %"
PRIVÉ,690780358,CLINIQUE DU VAL D'OUEST-VENDOME,M12,26 310,11 928,14 382,346,"38,1 %","36,52","1,66","0,1 %"
PRIVÉ,690780366,CLINIQUE CHARCOT,M12,13 451,5 193,8 258,3 186,"39,0 %","59,73","1,19","0,5 %"
PRIVÉ,690780382,CLINIQUE DU GRAND LARGE,M12,6 704,2 358,4 346,162,"52,6 %","54,83","1,48","0,3 %"
PRIVÉ,690780390,POLYCLINIQUE DE RILLIEUX,M12,14 210,7 600,6 610,1 044,"43,6 %","51,70","2,19","0,8 %"
PRIVÉ,690780499,NEPHROCARE TASSIN-CHARCOT,M12,0,0,0,39 822,"61,6 %","69,60","0,00","0,0 %"
PRIVÉ,690780648,CLINIQUE DE LA SAUVEGARDE,M12,24 059,11 065,12 994,5 813,"50,7 %","57,41","1,53","0,8 %"
PRIVÉ,690780655,HÔPITAL PRIVÉ DE L'EST LYONNAIS,M12,8 099,3 513,4 586,514,"45,2 %","53,24","1,93","1,2 %"
PRIVÉ,690780663,CLINIQUE TRENEL,M12,12 992,5 217,7 775,2 237,"49,4 %","55,34","1,20","0,4 %"
PRIVÉ,690782834,CLINIQUE DU TONKIN,M12,27 142,13 085,14 057,19 947,"52,7 %","61,65","1,29","0,5 %"
PRIVÉ,690791082,CENTRE SPECIALISE LES BRUYERES,M12,598,598,0,0,"81,3 %","44,70","6,88","0,0 %"
PRIVÉ,690793468,INFIRMERIE PROTESTANTE DE LYON,M12,18 300,9 774,8 526,4 685,"53,2 %","61,61","2,25","0,8 %"
PRIVÉ,690807367,POLYCLINIQUE DU BEAUJOLAIS,M12,15 045,6 151,8 894,1 484,"46,3 %","49,05","1,33","0,2 %"
PRIVÉ,700780174,CLINIQUE ST MARTIN,M12,6 948,2 116,4 832,120,"47,9 %","57,53","1,10","0,0 %"
PRIVÉ,710006859,POLYCLINIQUE DU VAL DE SAONE,M12,13 188,5 668,7 520,2 101,"46,3 %","57,83","1,77","0,5 %"
PRIVÉ,710780917,HÔPITAL PRIVÉ SAINTE MARIE,M12,19 318,9 014,10 304,14 431,"51,0 %","63,56","1,50","0,8 %"
PRIVÉ,710781410,CLINIQUE DU PARC,M12,4 493,1 868,2 625,0,"48,7 %","60,13","2,04","0,1 %"
PRIVÉ,710781824,CENTRE ORTHOPEDIQUE MEDICO-CHIR,M12,5 894,3 690,2 204,0,"51,1 %","56,46","3,20","0,0 %"
PRIVÉ,720000199,CLINIQUE DU PRE,M12,21 879,10 749,11 130,39,"52,0 %","56,79","2,01","0,2 %"
PRIVÉ,720000231,CLINIQUE DU TERTRE ROUGE,M12,5 967,4 685,1 282,15,"17,4 %","24,18","3,47","0,1 %"
PRIVÉ,720000249,CLINIQUE VICTOR HUGO,M12,2 746,1 510,1 236,17 579,"45,8 %","64,50","0,58","1,2 %"
PRIVÉ,720003441,CENTRE DIALYSE ECHO LE MANS CH,M12,0,0,0,9 221,"48,2 %","70,09","0,00","0,0 %"
PRIVÉ,720017748,CENTRE MÉDICO-CHIRURGICAL DU MANS,M12,32 412,16 680,15 732,538,"50,8 %","56,29","2,43","0,8 %"
PRIVÉ,720017839,CENTRE DIALYSE ECHO LE MANS PSS,M12,0,0,0,15 688,"61,3 %","71,56","0,00","0,0 %"
PRIVÉ,730004298,HÔPITAL PRIVÉ MEDIPOLE DE SAVOIE,M12,28 782,10 342,18 440,6 813,"43,8 %","54,79","1,17","0,5 %"
PRIVÉ,730780459,CLINIQUE HERBERT,M12,5 284,2 304,2 980,0,"46,1 %","58,86","1,80","0,1 %"
PRIVÉ,740014345,HÔPITAL PRIVÉ PAYS DE SAVOIE,M12,25 055,10 319,14 736,2 250,"44,0 %","48,70","1,46","0,2 %"
PRIVÉ,740780416,CLINIQUE DU LAC ET D'ARGONAY,M12,15 387,7 799,7 588,131,"52,0 %","53,76","1,91","0,3 %"
PRIVÉ,740780424,CLINIQUE GENERALE ANNECY,M12,17 324,9 279,8 045,4 986,"41,2 %","52,48","1,59","0,4 %"
PRIVÉ,750300014,SA CLINIQUE DU LOUVRE,M12,12 688,1 904,10 784,1 à 10,"41,9 %","54,26","0,24","0,0 %"
PRIVÉ,750300071,CLINIQUE GEOFFROY ST HILAIRE,M12,24 424,5 917,18 507,106,"37,5 %","55,21","0,93","0,1 %"
PRIVÉ,750300089,CLINIQUE DU SPORT,M12,5 926,2 904,3 022,0,"57,8 %","45,85","1,54","0,0 %"
PRIVÉ,750300097,INSTITUT ARTHUR VERNES,M12,4 093,539,3 554,0,"46,2 %","54,53","0,15","0,0 %"
PRIVÉ,750300121,FOND ST JEAN DE DIEU CLINIQUE OUDINOT,M12,10 272,3 334,6 938,5 627,"27,2 %","55,83","0,69","0,0 %"
PRIVÉ,750300139,CLINIQUE DE L ALMA,M12,9 954,3 708,6 246,13 474,"54,4 %","63,23","0,45","0,1 %"
PRIVÉ,750300154,CLINIQUE TURIN,M12,24 093,8 204,15 889,25 744,"52,4 %","62,39","0,44","0,0 %"
PRIVÉ,750300360,HÔPITAL PRIVÉ DES PEUPLIERS,M12,22 149,7 487,14 662,4 147,"42,4 %","57,17","0,79","0,1 %"
PRIVÉ,750300410,CLINIQUE JEANNE D'ARC,M12,6 792,3 174,3 618,19,"30,4 %","39,92","1,72","0,4 %"
PRIVÉ,750300493,CLINIQUE ARAGO,M12,4 035,3 102,933,115,"39,6 %","61,13","3,59","0,0 %"
PRIVÉ,750300550,CLINIQUE SAINTE GENEVIEVE,M12,6 731,1 424,5 307,0,"37,5 %","57,33","0,29","0,0 %"
PRIVÉ,750300592,CLINIQUE BLOMET,M12,8 211,2 917,5 294,1 à 10,"44,9 %","50,22","1,12","0,1 %"
PRIVÉ,750300667,MATERNITE SAINTE FELICITE,M12,5 561,5 468,93,1 à 10,"25,6 %","17,28","5,09","0,1 %"
PRIVÉ,750300741,CLINIQUE VICTOR HUGO,M12,6 213,1 814,4 399,0,"40,0 %","50,05","0,50","0,0 %"
PRIVÉ,750300766,CLINIQUE BIZET,M12,10 799,4 204,6 595,3 401,"36,2 %","57,19","1,62","0,9 %"
PRIVÉ,750300774,CLINIQUE JOUVENET,M12,12 903,4 213,8 690,0,"40,8 %","60,44","1,12","0,0 %"
PRIVÉ,750300840,CLINIQUE DE LA MUETTE,M12,13 644,4 913,8 731,42,"20,3 %","44,09","1,10","0,0 %"
PRIVÉ,750300857,CLINIQUE REMUSAT,M12,1 893,1 077,816,0,"32,9 %","49,35","1,89","0,2 %"
PRIVÉ,750300881,CLINIQUE DU TROCADERO,M12,14 604,3 470,11 134,0,"38,2 %","50,36","0,46","0,0 %"
PRIVÉ,750300915,CLINIQUE INTERNATIONALE PARC MONCEAU,M12,10 814,4 485,6 329,16 324,"54,1 %","61,36","0,48","0,0 %"
PRIVÉ,750300931,CLINIQUE SAINTE-THERESE,M12,4 281,3 287,994,1 à 10,"18,8 %","22,36","2,98","0,1 %"
PRIVÉ,750301137,CLINIQUE ALLERAY LABROUSTE,M12,12 637,7 068,5 569,3 318,"43,7 %","65,30","1,82","0,6 %"
PRIVÉ,750301145,CLINIQUE DU MONT LOUIS,M12,18 200,3 638,14 562,35,"44,3 %","49,67","0,60","0,0 %"
PRIVÉ,750301160,CLINIQUE DES MAUSSINS,M12,6 293,4 012,2 281,68,"56,2 %","47,24","2,43","0,0 %"
PRIVÉ,750790164,CLINIQUE ROOSEVELT,M12,197,0,197,0,"51,3 %","66,70","0,00","0,0 %"
PRIVÉ,750829053,CENTRE D'AUTODIALYSE CLINIQUE ALMA,M12,0,0,0,3 021,"70,3 %","50,80","0,00","0,0 %"
PRIVÉ,760021329,HÔPITAL PRIVÉ DE L'ESTUAIRE,M12,26 678,13 803,12 875,26 581,"53,6 %","62,70","1,30","0,7 %"
PRIVÉ,760025312,CLINIQUE MATHILDE,M12,32 557,12 474,20 083,4 863,"36,5 %","49,61","1,31","0,3 %"
PRIVÉ,760027292,POLYCLINIQUE MEGIVAL,M12,8 552,3 535,5 017,1 535,"48,6 %","58,65","1,42","0,5 %"
PRIVÉ,760780197,CLINIQUE LES AUBEPINES,M12,2 422,1 812,610,457,"11,3 %","35,51","2,45","0,3 %"
PRIVÉ,760780205,CLINIQUE SAINT ANTOINE,M12,3 896,1 560,2 336,0,"37,8 %","42,86","1,47","0,0 %"
PRIVÉ,760780510,CLINIQUE DU CEDRE,M12,15 719,7 656,8 063,2 003,"53,0 %","59,83","1,85","0,5 %"
PRIVÉ,760780619,CLINIQUE SAINT HILAIRE,M12,21 637,9 755,11 882,6 599,"47,7 %","60,85","1,21","0,6 %"
PRIVÉ,760780668,CLINIQUE HEMERA PAYS DE CAUX,M12,2 686,469,2 217,26,"47,0 %","56,42","0,29","0,0 %"
PRIVÉ,760780783,CLINIQUE TOUS VENTS,M12,4 530,1 783,2 747,39,"46,6 %","54,05","1,71","0,4 %"
PRIVÉ,760780791,CLINIQUE DES ORMEAUX,M12,12 484,5 495,6 989,5 700,"43,7 %","57,18","1,33","0,7 %"
PRIVÉ,760780825,CLINIQUE DE L'ABBAYE,M12,5 055,2 217,2 838,0,"47,0 %","52,51","1,84","0,2 %"
PRIVÉ,760783159,CLINIQUE DES ESSARTS,M12,1 107,1 105,1 à 10,0,"75,7 %","44,66","5,33","0,0 %"
PRIVÉ,760921809,CLINIQUE DE L'EUROPE,M12,22 112,9 923,12 189,19 078,"44,2 %","59,60","1,06","0,2 %"
PRIVÉ,770016087,CENTRE DIALYSE DIAVERUM MONTEREAU,M12,0,0,0,12 664,"52,6 %","71,62","0,00","0,0 %"
PRIVÉ,770020055,CENTRE NEPHROCARE MARNE LA VALLEE,M12,0,0,0,25 213,"61,1 %","64,40","0,00","0,0 %"
PRIVÉ,770300010,HÔPITAL PRIVÉ DE MARNE CHANTEREINE,M12,11 652,3 941,7 711,1 129,"45,3 %","53,01","2,45","1,2 %"
PRIVÉ,770300135,CLINIQUE MÉDICO-CHIRURGICALE LES FONTAINES,M12,8 076,4 671,3 405,0,"55,7 %","55,56","2,56","0,6 %"
PRIVÉ,770300143,POLYCLINIQUE SAINT JEAN,M12,8 384,3 300,5 084,4 790,"50,1 %","56,11","1,21","0,7 %"
PRIVÉ,770300192,CLINIQUE ST BRICE,M12,5 645,1 515,4 130,111,"46,4 %","54,04","0,75","0,1 %"
PRIVÉ,770300275,POLYCLINIQUE DE LA FORET,M12,9 474,3 121,6 353,1 363,"47,2 %","55,74","1,04","0,0 %"
PRIVÉ,770300283,CLINIQUE CHIRURGICALE ERMITAGE,M12,9 158,2 378,6 780,116,"51,5 %","56,18","0,84","0,1 %"
PRIVÉ,770790707,CLINIQUE DE TOURNAN,M12,11 387,5 328,6 059,11 366,"51,8 %","57,27","1,20","0,2 %"
PRIVÉ,770813400,CLINIQUE SAINT FARON,M12,8 629,2 414,6 215,2 919,"43,9 %","55,64","0,77","0,6 %"
PRIVÉ,780008298,CLINIQUE SAINT REMY,M12,350,350,0,0,"31,1 %","86,12","13,89","6,6 %"
PRIVÉ,780017802,CENTRE D'HEMODIALYSE DE MANTES,M12,0,0,0,12 902,"50,2 %","70,56","0,00","0,0 %"
PRIVÉ,780018727,CLINIQUE SAINT GERMAIN,M12,8 123,3 896,4 227,11 733,"48,9 %","58,64","0,95","0,2 %"
PRIVÉ,780022737,POLYCLINIQUE DE MAISONS LAFFITTE,M12,1 207,1 090,117,361,"38,0 %","70,87","6,81","4,0 %"
PRIVÉ,780300075,CENTRE CARDIOLOGIQUE D EVECQUEMONT,M12,3 906,3 811,95,0,"61,9 %","68,89","5,60","1,5 %"
PRIVÉ,780300125,POLYCLINIQUE LA REGION MANTAISE,M12,9 351,2 885,6 466,0,"54,3 %","50,41","1,50","0,3 %"
PRIVÉ,780300208,CLINIQUE SAINT LOUIS,M12,11 176,4 235,6 941,806,"45,2 %","44,83","1,47","0,2 %"
PRIVÉ,780300323,CLINIQUE DES FRANCISCAINES,M12,14 003,9 243,4 760,0,"44,9 %","40,21","2,87","0,2 %"
PRIVÉ,780300364,CLINIQUE DU CHATEAU DE LA MAYE,M12,14 305,839,13 466,0,"45,2 %","52,79","0,09","0,0 %"
PRIVÉ,780300406,CENTRE MÉDICO-CHIRURGICAL DE PARLY II,M12,17 897,9 805,8 092,0,"46,4 %","52,40","2,79","0,5 %"
PRIVÉ,780300414,CENTRE MÉDICO-CHIRURGICAL EUROPE,M12,18 576,7 664,10 912,17 898,"54,9 %","62,86","1,33","0,8 %"
PRIVÉ,780300422,HÔPITAL PRIVÉ OUEST,M12,26 018,10 652,15 366,19 088,"54,4 %","56,81","1,09","0,3 %"
PRIVÉ,780300455,CH PRIVÉ DU MONTGARDE,M12,10 639,2 395,8 244,25,"54,3 %","48,70","0,72","0,1 %"
PRIVÉ,790009948,POLYCLINIQUE INKERMANN,M12,17 656,8 702,8 954,95,"46,4 %","58,07","2,23","0,5 %"
PRIVÉ,800002503,SA SAINTE ISABELLE,M12,8 547,3 027,5 520,19 842,"56,8 %","65,95","0,42","0,0 %"
PRIVÉ,800009466,POLYCLINIQUE DE PICARDIE,M12,15 215,6 832,8 383,669,"51,6 %","53,01","1,82","0,4 %"
PRIVÉ,800009920,SA CLINIQUE VICTOR PAUCHET,M12,24 803,13 538,11 265,217,"35,6 %","43,82","2,33","0,3 %"
PRIVÉ,800013179,SAS CLINIQUE DE L'EUROPE,M12,6 314,2 629,3 685,9 938,"42,1 %","61,16","0,66","1,0 %"
PRIVÉ,800015729,SAS CARDIOLOGIE ET URGENCES,M12,4 745,4 295,450,0,"59,4 %","66,74","2,94","1,5 %"
PRIVÉ,800018491,CCO SOPP AMIENS,M12,2 898,0,2 898,0,"41,4 %","70,97","0,00","0,0 %"
PRIVÉ,810000224,CENTRE MÉDICO CHIRURGICAL ET OBSTÉTRICAL CLAUDE BERNARD,M12,20 771,12 782,7 989,29 504,"53,1 %","67,38","1,28","0,7 %"
PRIVÉ,810101170,CLINIQUE TOULOUSE LAUTREC,M12,10 731,4 671,6 060,298,"54,5 %","61,76","1,57","0,2 %"
PRIVÉ,810101444,CLINIQUE DU SIDOBRE,M12,12 826,5 672,7 154,207,"51,8 %","61,59","1,90","0,4 %"
PRIVÉ,820000040,CLINIQUE CROIX SAINT MICHEL,M12,11 153,5 377,5 776,0,"41,3 %","44,82","1,88","0,3 %"
PRIVÉ,820000057,CLINIQUE DU PONT DE CHAUME,M12,20 674,12 735,7 939,21 626,"49,9 %","63,07","1,47","0,7 %"
PRIVÉ,820000065,CLINIQUE DU DOCTEUR CAVE,M12,7 370,1 921,5 449,0,"48,1 %","59,68","0,51","0,0 %"
PRIVÉ,830012688,CENTRE NÉPHROLOGIQUE LES FLEURS,M12,0,0,0,24 191,"69,1 %","73,24","0,00","0,0 %"
PRIVÉ,830100103,CLINIQUE STE MARGUERITE,M12,13 268,4 486,8 782,21 381,"57,4 %","65,27","0,62","0,3 %"
PRIVÉ,830100251,CLINIQUE DU CAP D'OR,M12,8 978,3 539,5 439,3 239,"49,5 %","60,12","1,32","1,2 %"
PRIVÉ,830100319,POLYCLINIQUE LES FLEURS,M12,16 448,9 298,7 150,73,"60,0 %","65,29","2,52","1,1 %"
PRIVÉ,830100327,CLINIQUE LES LAURIERS,M12,8 453,1 834,6 619,0,"45,1 %","58,89","0,66","0,0 %"
PRIVÉ,830100368,CLINIQUE CHIRURGICALE DU GOLFE DE SAINT TROPEZ,M12,6 039,1 772,4 267,1 à 10,"51,3 %","58,97","1,21","0,1 %"
PRIVÉ,830100392,POLYCLINIQUE NOTRE DAME,M12,12 779,5 051,7 728,130,"54,3 %","62,29","1,77","0,6 %"
PRIVÉ,830100418,CLINIQUE NOTRE DAME DE LA MERCI,M12,5 511,1 184,4 327,1 à 10,"42,3 %","60,33","0,63","0,0 %"
PRIVÉ,830100434,CLINIQUE SAINT JEAN,M12,25 407,8 779,16 628,4 829,"39,4 %","48,08","1,14","0,2 %"
PRIVÉ,830100459,CLINIQUE SAINT MICHEL,M12,14 897,3 767,11 130,22,"41,7 %","56,37","0,66","0,0 %"
PRIVÉ,830100475,CLINIQUE SAINT ROCH,M12,6 541,2 559,3 982,1 à 10,"44,1 %","53,46","1,53","0,2 %"
PRIVÉ,830100855,CENTRE DE GÉRONTOLOGIE ST.FRANCOIS,M12,1 125,1 121,1 à 10,0,"33,6 %","82,98","11,13","2,6 %"
PRIVÉ,830215687,DIAVERUM DRAGUIGNAN CENTRE DE DIALYSE,M12,0,0,0,18 770,"69,9 %","71,99","0,00","0,0 %"
PRIVÉ,840000285,POLYCLINIQUE URBAIN V,M12,13 703,6 836,6 867,45,"24,5 %","44,05","1,76","0,0 %"
PRIVÉ,840000327,CLINIQUE DU DR MONTAGARD,M12,2 394,1 826,568,0,"47,0 %","56,91","3,91","0,0 %"
PRIVÉ,840000400,SYNERGIA LUBERON,M12,8 381,2 528,5 853,0,"47,2 %","56,83","1,15","0,1 %"
PRIVÉ,840000467,CAPIO CLINIQUE D'ORANGE,M12,8 364,1 871,6 493,1 à 10,"48,8 %","54,21","0,65","0,0 %"
PRIVÉ,840007850,ATIR CENTRE DE DIALYSE,M12,0,0,0,7 628,"65,9 %","68,29","0,00","0,0 %"
PRIVÉ,840011043,CENTRE D'HEMODIALYSE DE L'ATIR,M12,0,0,0,17 931,"54,1 %","72,68","0,00","0,0 %"
PRIVÉ,840013270,CLINIQUE DE PROVENCE,M12,901,400,501,1 à 10,"49,2 %","58,95","1,44","0,0 %"
PRIVÉ,840013312,CLINIQUE RHONE DURANCE,M12,9 401,6 956,2 445,123,"71,2 %","67,10","2,60","0,5 %"
PRIVÉ,840013445,CLINIQUE FONTVERT ST FRANCOIS,M12,15 846,2 396,13 450,26,"48,5 %","52,12","0,32","0,0 %"
PRIVÉ,840017172,SYNERGIA VENTOUX,M12,9 826,3 798,6 028,1 à 10,"51,7 %","56,42","1,58","0,2 %"
PRIVÉ,840017222,ATIR CENTRE D'HÉMODIALYSE,M12,0,0,0,16 068,"70,6 %","71,51","0,00","0,0 %"
PRIVÉ,840017461,HEMODIALYSE ATIR CH ORANGE,M12,0,0,0,14 144,"70,9 %","73,18","0,00","0,0 %"
PRIVÉ,850000118,CLINIQUE SAINT CHARLES,M12,20 206,7 916,12 290,0,"46,0 %","50,64","1,52","0,5 %"
PRIVÉ,850000126,CLINIQUE SUD VENDEE,M12,9 895,3 494,6 401,23,"48,3 %","57,49","1,29","0,1 %"
PRIVÉ,850000134,CLINIQUE CHIRURGICALE PORTE OCEANE,M12,8 539,4 021,4 518,0,"50,5 %","60,89","2,17","0,3 %"
PRIVÉ,850009333,DIALYSE ECHO LA ROCHE SUR YON,M12,0,0,0,12 378,"63,3 %","69,40","0,00","0,0 %"
PRIVÉ,850011271,DIALYSE ECHO CHALLANS,M12,0,0,0,7 167,"68,6 %","68,25","0,00","0,0 %"
PRIVÉ,850022047,DIALYSE ECHO ILE D'YEU,M12,0,0,0,565,"69,0 %","73,09","0,00","0,0 %"
PRIVÉ,850023151,DIALYSE ECHO FONTENAY LE COMTE,M12,0,0,0,4 233,"52,9 %","66,59","0,00","0,0 %"
PRIVÉ,850025156,CENTRE DIALYSE ECHO OLONNES SUR MER,M12,0,0,0,10 719,"69,8 %","70,79","0,00","0,0 %"
PRIVÉ,860010321,POLYCLINIQUE DE POITIERS,M12,24 012,9 941,14 071,217,"51,3 %","54,27","1,65","0,3 %"
PRIVÉ,860780311,CLINIQUE DE CHATELLERAULT,M12,9 860,3 370,6 490,0,"44,9 %","58,19","1,36","0,2 %"
PRIVÉ,860780568,CLINIQUE FIEF DE GRIMOIRE,M12,7 830,4 314,3 516,1 à 10,"25,1 %","41,72","1,71","0,0 %"
PRIVÉ,870000080,UNITÉ DE DIALYSE LIMOGES BUISSON,M12,0,0,0,10 781,"55,6 %","70,93","0,00","0,0 %"
PRIVÉ,870000288,CLINIQUE FRANÇOIS CHENIEUX,M12,34 266,18 373,15 893,8 868,"49,1 %","63,06","2,20","0,9 %"
PRIVÉ,870000411,CLINIQUE EMAILLEURS-COLOMBIER LIMOGES,M12,11 933,6 998,4 935,114,"35,3 %","44,77","2,46","0,2 %"
PRIVÉ,880788591,POLYCLINIQUE LA LIGNE BLEUE,M12,21 733,10 948,10 785,14 624,"48,7 %","58,60","1,34","0,2 %"
PRIVÉ,890000169,CLINIQUE PAUL PICQUET SENS,M12,12 586,4 901,7 685,1 843,"46,6 %","55,03","1,39","0,4 %"
PRIVÉ,890002389,POLYCLINIQUE STE MARGUERITE AUXERRE,M12,10 430,3 078,7 352,2 400,"52,1 %","60,95","1,22","0,8 %"
PRIVÉ,900000035,HÔPITAL PRIVÉ DE LA MIOTTE,M12,9 266,2 525,6 741,54,"49,9 %","52,70","0,88","0,0 %"
PRIVÉ,910002609,CENTRE D'HEMODIALYSE D'ATHIS,M12,0,0,0,11 290,"59,0 %","66,58","0,00","0,0 %"
PRIVÉ,910009349,CENTRE D'HEMODIALYSE D ETAMPES,M12,0,0,0,15 057,"69,7 %","71,18","0,00","0,0 %"
PRIVÉ,910015965,CLINIQUE LE MOULIN DE VIRY,M12,429,427,1 à 10,0,"31,9 %","83,01","12,33","2,1 %"
PRIVÉ,910300011,CLINIQUE DES CHARMILLES,M12,12 747,1 696,11 051,0,"48,9 %","50,88","0,35","0,0 %"
PRIVÉ,910300029,HÔPITAL D ATHIS MONS SITE JULES VALLES,M12,1 045,1 035,1 à 10,1 à 10,"38,5 %","78,60","8,30","3,6 %"
PRIVÉ,910300060,CLINIQUE GERIATRIQUE LES VALLEES,M12,388,387,1 à 10,0,"26,3 %","86,09","13,20","2,6 %"
PRIVÉ,910300144,CENTRE MÉDICO-CHIRURGICAL ET OBST,M12,16 128,6 712,9 416,24 787,"54,8 %","57,93","0,82","0,3 %"
PRIVÉ,910300177,CLINIQUE DE L'YVETTE,M12,17 756,7 654,10 102,1 à 10,"42,4 %","45,53","1,55","0,1 %"
PRIVÉ,910300219,HÔPITAL PRIVÉ JACQUES CARTIER,M12,22 733,12 061,10 672,10 972,"55,4 %","59,61","2,15","0,8 %"
PRIVÉ,910300300,HÔPITAL PRIVÉ DU VAL D'YERRES,M12,5 249,2 802,2 447,903,"46,7 %","60,56","4,54","3,2 %"
PRIVÉ,910300326,CLINIQUE PASTEUR,M12,633,585,48,3 452,"37,5 %","65,16","1,10","1,6 %"
PRIVÉ,910300359,HÔPITAL PRIVÉ D ATHIS MONS,M12,7 104,3 026,4 078,1 à 10,"38,4 %","36,31","1,68","0,1 %"
PRIVÉ,910803543,CH PRIVÉ CLAUDE GALIEN,M12,23 470,12 062,11 408,19 719,"52,0 %","57,30","1,50","0,5 %"
PRIVÉ,910805357,CLINIQUE DE L ESSONNE,M12,11 765,3 749,8 016,121,"46,2 %","39,90","1,23","0,0 %"
PRIVÉ,920008539,HÔPITAL AMERICAIN 2,M12,0,0,0,9 939,"53,9 %","68,76","0,00","0,0 %"
PRIVÉ,920300043,HÔPITAL PRIVÉ D ANTONY,M12,47 013,21 700,25 313,24 569,"46,7 %","53,91","1,54","0,6 %"
PRIVÉ,920300183,CENTRE CHIRURGICAL DES PRINCES,M12,12 020,848,11 172,0,"38,3 %","54,36","0,16","0,0 %"
PRIVÉ,920300191,C.C.B.B. MARCEL SEMBAT,M12,9 540,2 072,7 468,108,"63,6 %","26,14","0,57","0,0 %"
PRIVÉ,920300209,CLINIQUE AMBROISE PARE,M11,4 031,2 401,1 630,42,"25,5 %","23,97","2,34","0,2 %"
PRIVÉ,920300266,CLINIQUE DU PLATEAU,M12,1 176,1 170,1 à 10,0,"41,5 %","71,74","5,11","9,0 %"
PRIVÉ,920300365,CLINIQUE LA MONTAGNE,M12,10 076,2 172,7 904,0,"50,9 %","44,78","0,57","0,0 %"
PRIVÉ,920300415,CLINIQUE LAMBERT,M12,9 646,3 656,5 990,20 060,"48,9 %","59,80","0,63","0,3 %"
PRIVÉ,920300597,CLINIQUE DE MEUDON LA FORET,M12,14 599,5 006,9 593,2 236,"47,2 %","56,12","1,49","0,6 %"
PRIVÉ,920300670,CLINIQUE SAINTE ISABELLE,M12,4 423,2 275,2 148,1 à 10,"33,1 %","36,14","1,24","0,0 %"
PRIVÉ,920300712,CENTRE CHIRURGICAL P. CHEREST,M12,8 633,1 781,6 852,0,"35,3 %","56,93","0,28","0,0 %"
PRIVÉ,920300753,CENTRE CHIRURGICAL AMBROISE PARE,M12,14 020,11 651,2 369,9 226,"56,5 %","68,33","2,39","0,6 %"
PRIVÉ,920300761,CLINIQUE HARTMANN,M12,12 063,3 656,8 407,7 916,"32,0 %","54,61","0,71","0,4 %"
PRIVÉ,920300787,HÔPITAL AMERICAIN,M12,14 332,7 638,6 694,1 533,"42,4 %","51,44","2,42","1,0 %"
PRIVÉ,920300837,CLINIQUE LES MARTINETS,M12,10 745,2 551,8 194,13 003,"52,8 %","56,86","0,34","0,0 %"
PRIVÉ,920300936,CENTRE CHIRURGICAL VAL D'OR,M12,6 002,3 200,2 802,0,"51,0 %","58,03","3,32","1,3 %"
PRIVÉ,920301033,CENTRE CANCEROLOGIE DE LA PORTE ST CLOUD,M12,284,282,1 à 10,7 114,"31,2 %","62,35","0,12","0,0 %"
PRIVÉ,920803798,CLINIQUE DE LA DEFENSE,M12,349,345,1 à 10,0,"43,8 %","67,73","25,49","30,7 %"
PRIVÉ,920811775,UNITÉ D'AUTODIALYSE DE SURESNES,M12,0,0,0,7 856,"66,0 %","56,45","0,00","0,0 %"
PRIVÉ,930014428,CENTRE DE DIALYSE DE L'ESTREE,M12,0,0,0,11 533,"62,4 %","66,31","0,00","0,0 %"
PRIVÉ,930022603,CENTRE DE DIALYSE DE MONTFERMEIL,M12,0,0,0,8 517,"59,4 %","63,34","0,00","0,0 %"
PRIVÉ,930300025,HÔPITAL EUROPEEN LA ROSERAIE,M12,14 654,8 254,6 400,19 907,"59,0 %","56,22","1,43","0,6 %"
PRIVÉ,930300066,HÔPITAL PRIVÉ DE L EST PARISIEN,M12,14 440,5 619,8 821,38 969,"61,6 %","64,81","0,53","0,1 %"
PRIVÉ,930300082,CENTRE CHIRURGICAL FLOREAL,M12,12 713,3 259,9 454,1 586,"54,1 %","44,96","1,27","0,6 %"
PRIVÉ,930300116,HÔPITAL PRIVÉ DE SEINE ST DENIS,M12,21 581,10 867,10 714,1 629,"39,5 %","37,55","2,38","0,3 %"
PRIVÉ,930300264,CLINIQUE LES LILAS,M12,6 319,3 104,3 215,0,"53,0 %","46,05","1,91","0,0 %"
PRIVÉ,930300298,POLYCLINIQUE VAUBAN,M12,12 631,5 106,7 525,29,"41,5 %","35,04","1,49","0,1 %"
PRIVÉ,930300504,CLINIQUE HOFFMANN,M12,5 397,2 298,3 099,0,"47,0 %","59,82","5,98","2,0 %"
PRIVÉ,930300553,CLINIQUE DE L'ESTREE,M12,18 550,10 113,8 437,1 958,"42,3 %","39,52","2,72","0,5 %"
PRIVÉ,930300587,CLINIQUE DU LANDY,M12,7 230,1 212,6 018,19 046,"46,5 %","63,67","0,23","0,0 %"
PRIVÉ,930300595,CLINIQUE DU VERT GALANT,M12,13 776,5 914,7 862,18 544,"47,5 %","58,33","1,03","0,4 %"
PRIVÉ,930300629,CLINIQUE DE LA DHUYS,M12,2 231,1 221,1 010,0,"38,4 %","55,82","5,01","2,9 %"
PRIVÉ,930300645,CENTRE CARDIOLOGIQUE DU NORD,M12,14 264,10 250,4 014,0,"61,6 %","65,03","3,74","1,0 %"
PRIVÉ,940000078,UNITÉ D'AUTODIALYSE DE CRETEIL,M12,0,0,0,9 837,"61,1 %","56,09","0,00","0,0 %"
PRIVÉ,940006679,HÔPITAL PRIVÉ DE MARNE-LA-VALLÉE,M12,17 919,7 833,10 086,11 556,"45,0 %","49,02","1,05","0,1 %"
PRIVÉ,940300031,HÔPITAL PRIVÉ PAUL D'EGINE,M12,23 642,6 608,17 034,18 590,"52,9 %","58,47","0,79","0,3 %"
PRIVÉ,940300163,CLINIQUE LES TOURNELLES,M12,588,588,0,0,"32,3 %","84,22","11,73","4,6 %"
PRIVÉ,940300270,HÔPITAL PRIVÉ ARMAND BRILLARD,M12,20 293,10 695,9 598,15 235,"41,1 %","55,09","1,40","0,3 %"
PRIVÉ,940300379,CLINIQUE GASTON METIVET,M12,10 475,5 015,5 460,0,"37,7 %","48,15","2,15","0,3 %"
PRIVÉ,940300445,CLINIQUE DU SUD,M12,6 469,2 858,3 611,21 499,"57,3 %","65,25","0,71","0,3 %"
PRIVÉ,940300452,CLINIQUE MEDICALE DE DIETETIQUE,M12,2 277,2 277,0,0,"20,6 %","49,57","3,95","0,0 %"
PRIVÉ,940300494,POLYCLINIQUE DE VILLENEUVE ST GEORGES,M12,7 721,3 313,4 408,21 287,"55,4 %","66,76","0,56","0,1 %"
PRIVÉ,940300551,HÔPITAL PRIVÉ DE VITRY SITE NORIETS,M12,5 384,3 331,2 053,31,"22,7 %","29,56","2,50","0,1 %"
PRIVÉ,940300569,HÔPITAL PRIVÉ DE VITRY SITE PASTEUR,M12,9 403,3 777,5 626,0,"51,9 %","48,69","2,47","0,4 %"
PRIVÉ,940813017,UNITÉ D'AUTODIALYSE DE VILLEJUIF,M12,0,0,0,9 253,"76,3 %","57,49","0,00","0,0 %"
PRIVÉ,940813033,CLINIQUE DE BERCY,M12,13 452,2 515,10 937,237,"46,4 %","49,93","0,53","0,0 %"
PRIVÉ,950002709,UNITÉ D'AUTODIALYSE CLINIQUE PARISIS,M12,0,0,0,5 056,"76,2 %","58,76","0,00","0,0 %"
PRIVÉ,950300095,POLYCLINIQUE DU PLATEAU,M12,5 726,1 650,4 076,20 743,"52,0 %","67,08","0,39","0,1 %"
PRIVÉ,950300137,CLINIQUE DE DOMONT,M12,10 019,0,10 019,0,"45,3 %","53,89","0,00","0,0 %"
PRIVÉ,950300152,CLINIQUE MIRABEAU,M12,222,221,1 à 10,0,"39,6 %","81,92","17,23","14,9 %"
PRIVÉ,950300202,CLINIQUE CONTI,M12,16 487,5 723,10 764,114,"44,5 %","46,75","1,28","0,0 %"
PRIVÉ,950300244,CH PRIVÉ SAINTE MARIE,M12,22 041,6 188,15 853,6 968,"47,3 %","52,28","0,99","0,6 %"
PRIVÉ,950300277,HÔPITAL PRIVÉ NORD PARISIEN,M12,19 517,7 719,11 798,25 723,"48,9 %","54,40","0,78","0,2 %"
PRIVÉ,950300301,CLINIQUE MEDICALE DU PARC ST OUEN,M12,437,434,1 à 10,1 595,"59,8 %","63,46","2,34","7,1 %"
PRIVÉ,950300350,CLINIQUE DU PARISIS,M12,5 477,1 721,3 756,7 712,"53,4 %","56,19","0,52","0,1 %"
PRIVÉ,950807982,CLINIQUE CLAUDE BERNARD,M12,27 831,10 610,17 221,11 779,"50,9 %","51,19","1,05","0,3 %"
PRIVÉ,970100012,POLYCLINIQUE DE LA GUADELOUPE,M12,11 283,5 416,5 867,1 à 10,"39,1 %","54,17","1,83","0,1 %"
PRIVÉ,970100020,CENTRE MEDICO-SOCIAL,M12,6 643,1 615,5 028,151,"33,4 %","56,49","0,92","0,1 %"
PRIVÉ,970100111,LES NOUVELLES EAUX VIVES,M12,1 à 10,1 à 10,0,16 766,"55,1 %","68,42","0,00","0,0 %"
PRIVÉ,970100137,POLYCLINIQUE SAINT-CHRISTOPHE,M5,113,112,1 à 10,1 à 10,"49,2 %","72,79","4,67","2,5 %"
PRIVÉ,970102596,CLINIQUE DE CHOISY,M12,2 097,1 072,1 025,42 629,"49,7 %","65,22","0,10","0,0 %"
PRIVÉ,970103099,CLINIQUE LES NOUVELLES EAUX-MARINES,M12,456,456,0,0,"43,2 %","69,99","7,21","0,4 %"
PRIVÉ,970107249,CLINIQUE LES EAUX CLAIRES,M12,26 204,10 890,15 314,24,"38,7 %","50,34","1,60","0,2 %"
PRIVÉ,970107454,A.U.D.R.A.,M12,0,0,0,35 940,"54,1 %","61,87","0,00","0,0 %"
PRIVÉ,970111662,GGCO,M12,0,0,0,5 305,"33,0 %","60,90","0,00","0,0 %"
PRIVÉ,970202313,CLINIQUE SAINT PAUL,M12,15 486,5 623,9 863,0,"36,3 %","52,54","1,42","0,0 %"
PRIVÉ,970202321,SA CLINIQUE SAINTE MARIE,M12,6 684,3 362,3 322,1 à 10,"35,5 %","47,30","2,92","0,4 %"
PRIVÉ,970203774,STEER SARL,M12,0,0,0,14 922,"67,7 %","62,53","0,00","0,0 %"
PRIVÉ,970209219,E.T.E.E.R.,M12,0,0,0,12 281,"66,9 %","67,02","0,00","0,0 %"
PRIVÉ,970302055,HÔPITAL PRIVÉ SAINT-GABRIEL,M12,6 112,2 502,3 610,9 454,"50,5 %","53,37","0,61","0,0 %"
PRIVÉ,970302071,CLINIQUE SAINT-PAUL,M12,154,152,1 à 10,0,"42,2 %","53,67","2,11","0,6 %"
PRIVÉ,970404018,CENTRE D'HEMODIALYSE MG DURIEUX,M12,0,0,0,12 765,"57,6 %","69,56","0,00","0,0 %"
PRIVÉ,970404109,INSTITUT ROBERT DEBRE,M12,380,380,0,0,"84,7 %","46,91","5,93","0,0 %"
PRIVÉ,970404158,CENTRE UDM-UAD,M12,0,0,0,14 122,"38,4 %","68,79","0,00","0,0 %"
PRIVÉ,970404844,CLINIQUE SAINT-VINCENT,M12,6 966,1 326,5 640,29,"41,6 %","48,19","0,31","0,0 %"
PRIVÉ,970405064,CENTRE,M12,0,0,0,10 917,"53,7 %","70,44","0,00","0,0 %"
PRIVÉ,970405411,SODIA DELPRA,M12,0,0,0,24 960,"55,5 %","64,24","0,00","0,0 %"
PRIVÉ,970405452,SODIA JEANNE D'ARC,M12,0,0,0,21 621,"44,7 %","68,27","0,00","0,0 %"
PRIVÉ,970462024,CLINIQUE JEANNE D'ARC,M12,4 671,3 483,1 188,54,"13,8 %","21,80","3,01","0,2 %"
PRIVÉ,970462073,CLINIQUE DURIEUX,M12,15 046,5 124,9 922,20,"41,0 %","43,97","1,04","0,0 %"
PRIVÉ,970462081,CLINIQUE LES ORCHIDEES,M12,10 959,3 656,7 303,2 252,"48,2 %","45,56","0,81","0,0 %"
PRIVÉ,970462107,CLINIQUE SAINTE CLOTILDE,M12,23 705,15 848,7 857,5 352,"41,8 %","48,91","2,35","0,6 %"
PRIVÉ,970466751,SARL AVICENNE,M12,3 501,0,3 501,0,"44,8 %","60,19","0,00","0,0 %"
PRIVÉ,980500763,UNITÉ D'AUTODIALYSE MAMOUDZOU,M12,0,0,0,4 481,"57,7 %","62,01","0,00","0,0 %"
,,Total,,NA,NA,NA,NA,"49,8 %","58,10","1,23","0,4 %"
