﻿Catégorie,Finess,Raison Sociale,Période,Nombre de séjoursséances total,Nombre de séjours en hospit complète,Nombre de séjours en hospit partielle,Nombre de séances,Sexe ratio (% homme),Age moyen,Durée moyenne de séjour,% décès
PRIVÉ,010007300,CLINIQUE AMBULATOIRE CENDANEG,M12,2 141,0,2 141,0,"48,0 %","60,13","0,00","0,0 %"
PRIVÉ,010780195,CLINIQUE CONVERT BOURG-EN-B.,M12,18 632,8 173,10 459,2 929,"51,5 %","58,80","1,57","0,6 %"
PRIVÉ,010780203,HÔPITAL PRIVÉ D'AMBERIEU,M12,11 359,6 614,4 745,140,"41,9 %","49,72","2,24","1,1 %"
PRIVÉ,010780294,NEPHROCARE CH BELLEY,M12,0,0,0,9 248,"58,5 %","69,13","0,00","0,0 %"
PRIVÉ,020000360,CLINIQUE SAINT CHRISTOPHE,M12,7 220,1 687,5 533,1 à 10,"52,0 %","53,01","0,74","0,0 %"
PRIVÉ,020010047,POLYCLINIQUE ST CLAUDE,M12,15 986,6 631,9 355,1 642,"44,0 %","53,94","1,65","0,8 %"
PRIVÉ,030780548,POLYCLINIQUE PERGOLA - VICHY,M12,7 708,2 470,5 238,69,"48,5 %","61,71","1,17","0,4 %"
PRIVÉ,030781116,CLINIQUE ST-FRANC ST ANT -DESERTINE,M12,16 684,8 020,8 664,5 978,"56,3 %","64,70","2,21","1,4 %"
PRIVÉ,030785430,POLYCLINIQUE ST-ODILON - MOULINS,M12,9 175,3 688,5 487,1 658,"51,6 %","61,71","1,17","0,4 %"
PRIVÉ,040780470,CLINIQUE CHIRURGICALE TOUTES AURES,M12,6 047,769,5 278,0,"46,8 %","60,46","0,52","0,0 %"
PRIVÉ,040784860,CENTRE D'HEMODIALYSE DES ALPES,M12,0,0,0,14 776,"66,3 %","70,87","0,00","0,0 %"
PRIVÉ,050000090,CLINIQUE DES HAUTES-ALPES,M12,12 330,3 019,9 311,464,"50,3 %","57,15","0,68","0,1 %"
PRIVÉ,060010949,AGAHTIR UDM ANTIBES,M12,0,0,0,8 457,"71,3 %","68,04","0,00","0,0 %"
PRIVÉ,060021276,AGAHTIR CENTRE D'HEMODIALYSE,M12,0,0,0,9 604,"50,2 %","74,07","0,00","0,0 %"
PRIVÉ,060021417,HÔPITAL PRIVÉ CANNES OXFORD,M12,17 025,4 035,12 990,100,"46,8 %","58,52","0,92","0,2 %"
PRIVÉ,060022845,UNITÉ DIALYSE MEDICALISEE INST TZANCK,M12,0,0,0,6 782,"55,4 %","70,61","0,00","0,0 %"
PRIVÉ,060780442,CLINIQUE SAINT FRANCOIS,M12,5 675,1 669,4 006,0,"43,2 %","56,42","0,35","0,0 %"
PRIVÉ,060780491,INSTITUT ARNAULT TZANCK,M12,16 994,7 179,9 815,1 à 10,"55,7 %","62,43","2,25","0,8 %"
PRIVÉ,060780517,POLYCLINIQUE SAINT-JEAN,M12,25 125,9 405,15 720,7 289,"44,2 %","57,38","1,29","0,7 %"
PRIVÉ,060780590,CLINIQUE DU PALAIS,M12,8 114,2 142,5 972,232,"49,3 %","56,05","0,82","0,1 %"
PRIVÉ,060780665,CLINIQUE LE MERIDIEN,M12,4 249,1 186,3 063,1 à 10,"44,6 %","57,78","1,74","0,8 %"
PRIVÉ,060780699,CLINIQUE MOZART,M12,2 111,1 à 10,2 106,1 à 10,"27,8 %","51,14","0,00","0,0 %"
PRIVÉ,060780715,CLINIQUE SAINT GEORGE,M12,36 091,17 888,18 203,8 736,"43,1 %","56,90","1,62","0,5 %"
PRIVÉ,060780723,CLINIQUE DU PARC IMPERIAL,M12,15 136,5 349,9 787,4 774,"48,5 %","61,21","0,94","0,4 %"
PRIVÉ,060780756,CLINIQUE SANTA MARIA,M12,13 714,6 763,6 951,15,"29,7 %","38,19","1,81","0,1 %"
PRIVÉ,060781200,CLINIQUE SAINT ANTOINE,M12,12 015,4 697,7 318,173,"42,9 %","61,69","2,05","1,1 %"
PRIVÉ,060785219,CLINIQUE PLEIN CIEL,M12,5 086,4 998,88,7 891,"44,8 %","67,93","2,64","2,3 %"
PRIVÉ,060791860,CENTRE D'HEMODIALYSE A TZANCK,M12,0,0,0,25 706,"66,4 %","71,18","0,00","0,0 %"
PRIVÉ,060792900,A TZANCK AUTODIALYSE MOUGINS,M12,0,0,0,2 607,"61,2 %","63,48","0,00","0,0 %"
PRIVÉ,060792926,CENTRE D'HEMODIALYSE LA RIVIERA ANTIBES,M12,0,0,0,11 281,"57,1 %","73,77","0,00","0,0 %"
PRIVÉ,060800166,HP A. TZANCK MOUGINS SOPHIA ANTIPOLIS,M12,16 778,4 647,12 131,286,"52,2 %","58,16","1,25","0,2 %"
PRIVÉ,070780168,CLINIQUE DU VIVARAIS,M12,5 513,1 601,3 912,19,"48,4 %","58,33","1,01","0,1 %"
PRIVÉ,070780408,CLINIQUE DES CEVENNES,M12,3 248,790,2 458,1 à 10,"49,2 %","55,12","0,80","0,0 %"
PRIVÉ,070780424,CLINIQUE PASTEUR,M12,17 813,9 843,7 970,13,"44,2 %","52,56","2,74","0,5 %"
PRIVÉ,100000082,CLINIQUE PAYS DE SEINE,M12,4 039,1 027,3 012,0,"48,3 %","59,22","0,94","0,2 %"
PRIVÉ,100000124,POLYCLINIQUE MONTIER LA CELLE,M12,8 725,4 435,4 290,21,"48,5 %","59,72","2,00","0,2 %"
PRIVÉ,100000157,CLINIQUE DES URSULINES,M12,4 279,800,3 479,181,"42,5 %","52,88","0,30","0,0 %"
PRIVÉ,100002351,CLINIQUE DE CHAMPAGNE - TROYES,M12,12 394,5 144,7 250,6 681,"46,8 %","54,41","0,99","0,1 %"
PRIVÉ,110007259,UDM HÔPITAL PRIVÉ DU GRAND NARBONNE,M12,0,0,0,3 484,"73,0 %","65,07","0,00","0,0 %"
PRIVÉ,110780228,HÔPITAL PRIVÉ DU GRAND NARBONNE,M12,19 761,8 906,10 855,19 126,"54,2 %","64,63","1,13","0,7 %"
PRIVÉ,110780483,CLINIQUE MONTREAL,M12,13 892,3 626,10 266,1 529,"49,5 %","61,14","0,88","1,1 %"
PRIVÉ,130008253,CLINIQUE DE VITROLLES,M12,9 436,4 517,4 919,197,"33,5 %","32,02","1,73","0,1 %"
PRIVÉ,130034531,DIAVERUM PROVENCE ARLES,M12,0,0,0,17 188,"57,1 %","73,27","0,00","0,0 %"
PRIVÉ,130037922,HPC RESIDENCE DU PARC,M12,9 789,5 018,4 771,366,"43,6 %","58,14","2,71","0,8 %"
PRIVÉ,130038003,DIALYSAIX - CENTRE D'HÉMODIALYSE D'AIX EN PROVENCE,M12,0,0,0,22 693,"63,3 %","74,76","0,00","0,0 %"
PRIVÉ,130041767,EUROMED CARDIO,M12,2 548,2 360,188,0,"63,6 %","68,20","4,18","1,1 %"
PRIVÉ,130042096,GCS CENTRE CARDIO AXIUM RAMBO,M12,3 283,3 154,129,0,"67,4 %","69,48","2,77","0,3 %"
PRIVÉ,130044753,CLINIQUE MONTICELLI VELODROME,M12,536,29,507,0,"49,3 %","57,35","0,07","0,0 %"
PRIVÉ,130781289,POLYCLINIQUE DU PARC RAMBOT LA PROVENCALE,M12,6 963,1 560,5 403,8 996,"44,4 %","58,89","0,56","0,5 %"
PRIVÉ,130781370,CLINIQUE JEANNE D'ARC,M12,7 883,2 402,5 481,270,"49,3 %","54,71","1,29","0,1 %"
PRIVÉ,130781479,CLINIQUE LA CASAMANCE,M12,20 988,10 154,10 834,3 995,"49,1 %","58,33","2,43","1,2 %"
PRIVÉ,130781867,CLINIQUE DE LA CIOTAT,M12,7 511,1 374,6 137,3 139,"48,9 %","61,48","0,37","0,1 %"
PRIVÉ,130782071,CLINIQUE DE L'ETANG DE L'OLIVIER,M12,9 677,3 248,6 429,15,"48,8 %","51,60","1,61","0,5 %"
PRIVÉ,130782147,CLINIQUE GENERALE DE MARIGNANE,M12,14 238,6 792,7 446,24,"53,7 %","61,08","2,90","2,0 %"
PRIVÉ,130782162,CLINIQUE DE MARTIGUES,M12,8 534,2 208,6 326,1 à 10,"49,7 %","55,89","0,99","0,2 %"
PRIVÉ,130782675,CLINIQUE CHIRURGICALE DU DR VIGNOLI,M12,8 234,1 052,7 182,1 à 10,"49,9 %","56,29","0,37","0,0 %"
PRIVÉ,130783327,CLINIQUE BOUCHARD,M12,18 399,8 733,9 666,24 860,"49,1 %","58,78","0,91","0,2 %"
PRIVÉ,130783723,CLINIQUE JUGE,M12,17 773,4 362,13 411,11,"44,5 %","49,21","0,62","0,0 %"
PRIVÉ,130783772,CLINIQUE MONTICELLI,M10,7 401,1 690,5 711,0,"44,3 %","56,57","0,28","0,0 %"
PRIVÉ,130783962,CLINIQUE WULFRAN PUGET,M12,7 402,678,6 724,0,"43,4 %","67,85","0,11","0,0 %"
PRIVÉ,130784051,POLYCLINIQUE CLAIRVAL,M12,16 733,12 991,3 742,15 153,"57,9 %","63,58","2,76","0,8 %"
PRIVÉ,130784481,DIAVERUM PROVENCE MARSEILLE 8E,M12,0,0,0,48 967,"60,5 %","72,29","0,00","0,0 %"
PRIVÉ,130784713,CLINIQUE BEAUREGARD,M12,22 093,13 233,8 860,6 223,"36,0 %","50,29","2,64","0,8 %"
PRIVÉ,130784903,CLINIQUE MÉDICO-CHIRURGICALE LA PHOCEANNE,M12,4 799,1 371,3 428,0,"40,0 %","67,13","2,67","0,2 %"
PRIVÉ,130785389,CLINIQUE CHANTECLER,M12,10 300,1 623,8 677,0,"54,5 %","54,12","0,53","0,0 %"
PRIVÉ,130785678,CLINIQUE VERT COTEAU,M12,8 040,2 904,5 136,2 054,"49,5 %","59,21","3,01","1,3 %"
PRIVÉ,130786361,POLYCLINIQUE DU PARC RAMBOT,M12,24 652,9 510,15 142,372,"53,1 %","59,36","1,96","0,8 %"
PRIVÉ,130789159,CENTRE CARDIO-VASCULAIRE VALMANT,M12,918,913,1 à 10,0,"40,0 %","82,36","10,41","3,8 %"
PRIVÉ,130809809,CENTRE D'HEMODIALYSE DE PROVENCE,M12,0,0,0,21 240,"57,0 %","73,84","0,00","0,0 %"
PRIVÉ,130810740,CLINIQUE AXIUM,M12,22 393,5 182,17 211,0,"49,4 %","52,97","1,06","0,4 %"
PRIVÉ,140000290,CLINIQUE NOTRE-DAME,M12,6 597,2 958,3 639,114,"44,5 %","58,12","1,79","0,2 %"
PRIVÉ,140016759,POLYCLINIQUE DU PARC,M12,24 360,12 999,11 361,3 862,"40,8 %","50,46","1,84","0,6 %"
PRIVÉ,140017237,CH PRIVÉ ST MARTIN CAEN,M12,37 845,15 517,22 328,14 957,"56,0 %","64,46","1,15","0,2 %"
PRIVÉ,140018730,POLYCLINIQUE DE LISIEUX,M12,7 003,2 334,4 669,0,"51,0 %","58,46","0,96","0,0 %"
PRIVÉ,140026709,POLYCLINIQUE DE DEAUVILLE-CRICQUEBOEUF,M12,5 774,2 221,3 553,0,"45,9 %","56,98","1,43","0,3 %"
PRIVÉ,150780120,CLINIQUE DU HAUT CANTAL,M12,417,411,1 à 10,0,"49,6 %","66,03","4,39","0,7 %"
PRIVÉ,150780732,CENTRE MÉDICO-CHIRURGICAL AURILLAC,M12,11 995,5 754,6 241,15 956,"55,6 %","67,74","1,41","0,6 %"
PRIVÉ,160000170,CLINIQUE SAINT JOSEPH ANGOULEME,M12,9 682,3 032,6 650,0,"49,4 %","56,87","1,02","0,1 %"
PRIVÉ,160000279,CLINIQUE DE COGNAC,M12,6 822,1 985,4 837,0,"45,7 %","55,16","1,11","0,1 %"
PRIVÉ,160013207,CENTRE CLINICAL,M12,20 270,8 062,12 208,5 252,"45,0 %","55,86","1,29","0,5 %"
PRIVÉ,170780563,ÉTABLISSEMENT DE SOINS PASTEUR - ROYAN,M12,11 571,5 036,6 535,589,"55,9 %","61,65","1,76","0,4 %"
PRIVÉ,170780613,SA CLINIQUE DU MAIL,M12,9 697,5 047,4 650,199,"39,4 %","47,29","1,63","0,1 %"
PRIVÉ,170780621,POLYCLINIQUE SAINT-GEORGES,M12,6 287,1 857,4 430,0,"46,6 %","63,91","1,35","0,2 %"
PRIVÉ,170780647,CLINIQUE RICHELIEU - SAINTES,M12,8 347,1 860,6 487,1 à 10,"45,0 %","57,52","0,59","0,0 %"
PRIVÉ,170780662,CLINIQUE DE L'ATLANTIQUE,M12,20 716,3 130,17 586,1 à 10,"45,1 %","60,01","0,36","0,0 %"
PRIVÉ,180000358,CLINIQUE DES GRAINETIERES,M12,6 232,2 203,4 029,777,"50,6 %","60,61","1,40","0,3 %"
PRIVÉ,180004145,HÔPITAL PRIVÉ GUILLAUME DE VARYE,M12,14 469,6 153,8 316,4 959,"46,4 %","56,34","1,62","0,8 %"
PRIVÉ,190000224,CLINIQUE LES CEDRES BRIVE,M12,15 872,6 832,9 040,205,"49,4 %","61,02","1,97","0,3 %"
PRIVÉ,190000257,CLINIQUE SAINT-GERMAIN BRIVE,M12,8 455,4 032,4 423,131,"37,6 %","45,32","1,73","0,1 %"
PRIVÉ,190010553,UNITÉ DE DIALYSE BRIVE,M12,0,0,0,14 330,"72,8 %","66,17","0,00","0,0 %"
PRIVÉ,200200145,POLYCLINIQUE LA RESIDENCE,M12,14 004,5 349,8 655,4 334,"45,7 %","55,04","1,33","0,6 %"
PRIVÉ,210011847,POLYCLINIQUE DU PARC DREVON,M12,12 922,4 253,8 669,4 613,"44,3 %","56,65","1,10","1,1 %"
PRIVÉ,210780110,CLINIQUE SAINTE MARTHE,M12,13 474,6 173,7 301,100,"36,8 %","39,76","1,64","0,0 %"
PRIVÉ,210780136,CLINIQUE MÉDICO-CHIRURGICALE DE CHENOVE,M12,11 571,4 636,6 935,113,"43,2 %","53,47","1,35","0,1 %"
PRIVÉ,210780789,CLINIQUE MUTUALISTE BENIGNE JOLY,M12,12 217,6 665,5 552,18 742,"60,4 %","63,90","0,98","0,4 %"
PRIVÉ,210780979,CLINIQUE DE FONTAINE,M12,16 058,6 388,9 670,22,"59,1 %","57,50","1,31","0,2 %"
PRIVÉ,220000111,POLYCLINIQUE DU TREGOR,M12,6 881,2 095,4 786,1 747,"50,4 %","61,42","1,02","0,2 %"
PRIVÉ,220005599,POLYCLINIQUE DU PAYS DE RANCE,M12,10 100,2 860,7 240,47,"48,5 %","61,88","1,01","0,1 %"
PRIVÉ,220013106,UNITÉ DIALYSE BEGARD AUB SANTÉ,M12,0,0,0,1 047,"54,7 %","64,53","0,00","0,0 %"
PRIVÉ,220013130,UNITÉ D'AUTODIALYSE PAIMPOL - AUB,M12,0,0,0,585,"93,3 %","59,59","0,00","0,0 %"
PRIVÉ,220013155,UNITÉ D'AUTODIALYSE SAINT ALBAN - AUB,M12,0,0,0,350,"92,9 %","73,16","0,00","0,0 %"
PRIVÉ,220016778,UNITÉ DIALYSE SAINT BRIEUC AUB SANTÉ,M12,0,0,0,59,"66,1 %","57,44","0,00","0,0 %"
PRIVÉ,220019558,UNIT DIALYSE LA BEAUCHÉE ST BRIEUC AUB,M12,0,0,0,6 405,"64,9 %","66,95","0,00","0,0 %"
PRIVÉ,220019848,UNITÉ DIALYSE LOUDEAC AUB SANTÉ,M12,0,0,0,709,"58,3 %","56,94","0,00","0,0 %"
PRIVÉ,220020507,UNITÉ DIALYSE LANNION AUB SANTÉ,M12,0,0,0,4 717,"63,2 %","72,87","0,00","0,0 %"
PRIVÉ,220021976,UNITÉ DIALYSE DINAN AUB SANTÉ,M12,0,0,0,1 559,"50,8 %","68,93","0,00","0,0 %"
PRIVÉ,220022800,HÔPITAL PRIVÉ DES COTES D'ARMOR,M12,25 863,11 138,14 725,10 468,"45,3 %","56,77","1,28","0,6 %"
PRIVÉ,230780157,CLINIQUE DE LA MARCHE GUERET,M12,3 991,1 213,2 778,70,"44,8 %","60,37","1,24","0,0 %"
PRIVÉ,240000190,POLYCLINIQUE FRANCHEVILLE,M12,16 480,6 573,9 907,6 789,"49,3 %","60,83","1,41","0,9 %"
PRIVÉ,240000208,CLINIQUE PASTEUR,M12,7 695,2 095,5 600,1 à 10,"50,8 %","63,60","1,05","0,1 %"
PRIVÉ,240000216,CLINIQUE DU PARC,M12,6 957,1 381,5 576,0,"42,9 %","59,33","0,78","0,0 %"
PRIVÉ,240006734,CENTRE D'HEMODIALYSE FRANCHEVILLE,M12,0,0,0,22 928,"58,5 %","73,20","0,00","0,0 %"
PRIVÉ,250000270,CLINIQUE SAINT-VINCENT,M12,26 385,11 166,15 219,1 à 10,"53,8 %","59,43","1,36","0,1 %"
PRIVÉ,250011848,POLYCLINIQUE DE FRANCHE COMTE,M12,18 586,9 049,9 537,1 856,"35,8 %","50,12","1,61","0,1 %"
PRIVÉ,260000260,CLINIQUE LA PARISIERE,M12,9 009,2 438,6 571,131,"52,6 %","56,78","0,72","0,1 %"
PRIVÉ,260003017,SA CLINIQUE KENNEDY,M12,16 965,5 666,11 299,19,"53,7 %","54,89","1,06","0,2 %"
PRIVÉ,260006267,CLINIQUE GENERALE,M12,9 289,1 619,7 670,3 877,"44,0 %","52,43","0,52","0,7 %"
PRIVÉ,270000326,CLINIQUE PASTEUR,M12,12 880,5 268,7 612,5 384,"51,2 %","60,30","1,05","0,5 %"
PRIVÉ,270000862,CLINIQUE BERGOUIGNAN,M12,7 769,3 515,4 254,0,"54,8 %","57,21","1,53","0,3 %"
PRIVÉ,280000159,CLINIQUE NOTRE DAME DE BON SECOURS,M12,8 090,3 581,4 509,1 684,"51,7 %","60,07","1,23","0,5 %"
PRIVÉ,280000449,POLE MEDICAL MAISON BLANCHE,M12,1 999,1 706,293,0,"54,9 %","68,83","4,46","0,9 %"
PRIVÉ,280504689,CLINIQUE NÉPHROLOGIQUE DE MAISON BLANCHE,M12,0,0,0,13 141,"60,6 %","69,50","0,00","0,0 %"
PRIVÉ,280505777,HÔPITAL PRIVÉ D'EURE ET LOIR,M12,11 626,4 361,7 265,716,"44,5 %","57,17","1,29","0,5 %"
PRIVÉ,290000140,CLINIQUE PASTEUR-SAINT ESPRIT,M12,16 441,6 403,10 038,7 944,"43,7 %","59,40","1,16","0,9 %"
PRIVÉ,290000207,CLINIQUE ST MICHEL ET STE ANNE,M12,12 760,4 021,8 739,2 567,"52,1 %","64,56","1,10","0,6 %"
PRIVÉ,290000215,POLYCLINIQUE QUIMPER SUD,M12,12 953,4 610,8 343,122,"44,8 %","57,25","1,33","0,1 %"
PRIVÉ,290000850,STE BRESTOISE DU REIN ARTIFICIEL,M12,0,0,0,8 057,"64,9 %","71,92","0,00","0,0 %"
PRIVÉ,290004142,CLINIQUE DU GRAND LARGE,M12,9 459,3 162,6 297,177,"45,6 %","53,71","1,19","0,2 %"
PRIVÉ,290005131,UNITÉ DIALYSE PLOURIN-LES-MORLAIX AUB,M12,0,0,0,7 205,"50,0 %","72,51","0,00","0,0 %"
PRIVÉ,290005172,UNITÉ DIALYSE BREST HERMITAGE AUB,M12,0,0,0,3 710,"61,6 %","61,47","0,00","0,0 %"
PRIVÉ,290005230,UNITÉ DIALYSE DOUARNENEZ - AUB,M12,0,0,0,2 462,"56,1 %","74,88","0,00","0,0 %"
PRIVÉ,290018555,UNITÉ D'AUTODIALYSE MORLAIX - AUB,M12,0,0,0,1 233,"50,4 %","67,78","0,00","0,0 %"
PRIVÉ,290018563,UNITÉ DIALYSE QUIMPER KERRADENNEC AUB,M12,0,0,0,6 837,"62,2 %","66,17","0,00","0,0 %"
PRIVÉ,290019777,POLYCLINIQUE DE KERAUDREN,M12,25 385,13 962,11 423,118,"46,1 %","46,94","2,00","0,2 %"
PRIVÉ,290021070,UNITÉ D'AUTODIALYSE CONCARNEAU - AUB,M12,0,0,0,1 884,"88,4 %","70,94","0,00","0,0 %"
PRIVÉ,290023431,CENTRE MÉDICO-CHIRURGICAL BAIE DE MORLAIX,M12,7 184,2 303,4 881,802,"50,8 %","60,09","0,89","0,2 %"
PRIVÉ,290023779,UNITÉ DIALYSE CARHAIX AUB,M12,0,0,0,3 428,"75,8 %","72,25","0,00","0,0 %"
PRIVÉ,290023787,UNITÉ DIALYSE LANDIVISIAU AUB SANTÉ,M12,0,0,0,458,"46,1 %","62,16","0,00","0,0 %"
PRIVÉ,290025337,UNITÉ DIALYSE PLONEOUR LANVERN AUB,M12,0,0,0,607,"54,5 %","68,73","0,00","0,0 %"
PRIVÉ,290028539,UNITÉ DIALYSE LANDERNEAU - AUB,M12,0,0,0,645,"74,9 %","68,62","0,00","0,0 %"
PRIVÉ,290029669,UNITÉ DIALYSE QUIMPER AUB SANTÉ,M12,0,0,0,6 440,"54,3 %","75,10","0,00","0,0 %"
PRIVÉ,290030808,UNITÉ DIALYSE CROZON AUB SANTÉ,M12,0,0,0,2 848,"47,1 %","71,92","0,00","0,0 %"
PRIVÉ,290032028,UNITÉ DIALYSE BREST QUESTEL AUB SANTÉ,M12,0,0,0,10 399,"64,5 %","64,36","0,00","0,0 %"
PRIVÉ,290032655,UNITÉ DIALYSE QUIMPERLE MELLAC AUB,M12,0,0,0,1 292,"50,9 %","74,29","0,00","0,0 %"
PRIVÉ,290032713,UDM DE QUIMPER,M10,0,0,0,3 023,"62,4 %","72,30","0,00","0,0 %"
PRIVÉ,2A0000139,SA CLINISUD,M12,13 158,3 894,9 264,99,"48,8 %","57,32","1,20","0,3 %"
PRIVÉ,2A0000154,CLINIQUE DU SUD DE LA CORSE,M12,5 753,2 762,2 991,2 651,"53,6 %","57,80","1,54","0,9 %"
PRIVÉ,2B0000079,CLINIQUE DR FILIPPI,M12,4 240,427,3 813,0,"44,7 %","57,38","0,13","0,1 %"
PRIVÉ,2B0000392,POLYCLINIQUE DE FURIANI,M12,5 672,2 747,2 925,1 à 10,"58,8 %","58,15","1,81","0,2 %"
PRIVÉ,2B0005664,CLINIQUE DE TOGA,M12,226,225,1 à 10,0,"57,1 %","72,76","18,07","42,0 %"
PRIVÉ,300002508,CENTRE DE CHIRURGIE AMBULATOIRE DES HAUTS D'AVIGNON,M12,4 277,0,4 277,0,"45,8 %","50,27","0,00","0,0 %"
PRIVÉ,300007119,AIDER ALES,M12,0,0,0,8 781,"59,5 %","76,80","0,00","0,0 %"
PRIVÉ,300008588,NEPHROCARE NIMES,M12,0,0,0,19 404,"59,4 %","70,71","0,00","0,0 %"
PRIVÉ,300008638,NEPHROCARE BAGNOLS SUR CEZE,M12,0,0,0,5 076,"73,7 %","72,15","0,00","0,0 %"
PRIVÉ,300017209,KENVAL INSTITUT DE CANCEROLOGIE,M12,685,664,21,4 407,"48,6 %","65,23","0,85","1,5 %"
PRIVÉ,300780137,NOUVELLE CLINIQUE BONNEFON,M12,12 401,5 567,6 834,210,"48,2 %","58,37","2,42","1,1 %"
PRIVÉ,300780152,HÔPITAL PRIVÉ LES FRANCISCAINES,M12,15 375,10 509,4 866,183,"54,5 %","60,96","3,48","0,8 %"
PRIVÉ,300780228,POLYCLINIQUE LA GARAUD,M12,3 447,379,3 068,30,"47,7 %","52,63","0,19","0,0 %"
PRIVÉ,300780285,CLINIQUE VALDEGOUR,M3,252,238,14,1 524,"53,5 %","66,29","0,94","1,7 %"
PRIVÉ,300781465,CLINIQUE KENNEDY,M12,12 393,5 563,6 830,32,"40,6 %","49,65","1,76","0,0 %"
PRIVÉ,300788502,POLYCLINIQUE DU GRAND SUD,M12,28 255,12 170,16 085,2 783,"41,9 %","50,05","1,42","0,1 %"
PRIVÉ,310026083,CLINIQUE SAINT-CYPRIEN RIVE GAUCHE,M12,28 926,13 871,15 055,212,"39,5 %","36,74","1,57","0,1 %"
PRIVÉ,310780101,CLINIQUE SAINT JEAN LANGUEDOC,M12,30 238,11 409,18 829,4 279,"46,3 %","54,04","1,19","0,4 %"
PRIVÉ,310780150,CLINIQUE MEDIPOLE GARONNE,M12,21 041,8 817,12 224,163,"46,0 %","48,14","1,13","0,0 %"
PRIVÉ,310780259,SA CLINIQUE PASTEUR,M12,35 563,22 112,13 451,13 573,"55,2 %","65,00","2,04","0,8 %"
PRIVÉ,310780283,NOUVELLE CLINIQUE DE L'UNION,M12,43 895,22 481,21 414,4 711,"48,1 %","55,63","1,88","0,7 %"
PRIVÉ,310780309,POLYCLINIQUE DU PARC,M12,14 372,6 995,7 377,229,"46,3 %","53,79","1,65","0,7 %"
PRIVÉ,310780366,CLINIQUE MONIE,M12,2 212,1 176,1 036,0,"45,8 %","69,03","5,42","5,2 %"
PRIVÉ,310780382,CLINIQUE AMBROISE PARE,M12,25 183,15 145,10 038,468,"38,1 %","40,60","2,38","0,2 %"
PRIVÉ,310781000,CLINIQUE DES CEDRES,M12,38 656,18 411,20 245,3 473,"49,1 %","56,44","2,03","0,9 %"
PRIVÉ,310781505,CLINIQUE D'OCCITANIE,M12,21 947,10 979,10 968,3 773,"52,6 %","56,40","1,99","0,7 %"
PRIVÉ,310781695,CLINIQUE DE LAGARDELLE,M12,993,989,1 à 10,0,"43,3 %","80,33","15,39","22,4 %"
PRIVÉ,310782016,CLINIQUE NÉPHROLOGIQUE SAINT EXUPERY,M12,1 311,1 284,27,42 837,"61,6 %","73,40","0,23","0,1 %"
PRIVÉ,310786389,CLINIQUE DES PYRENEES,M12,217,217,0,0,"34,1 %","83,82","4,62","0,5 %"
PRIVÉ,310794417,CENTRE NÉPHROLOGIQUE D'OCCITANIE,M12,0,0,0,18 790,"49,9 %","75,98","0,00","0,0 %"
PRIVÉ,320780067,POLYCLINIQUE DE GASCOGNE,M12,7 621,2 439,5 182,1 à 10,"52,7 %","61,38","1,35","0,5 %"
PRIVÉ,330017989,CENTRE D'HEMODIALYSE BORDEAUX RIVE DROITE,M12,0,0,0,14 720,"55,4 %","74,14","0,00","0,0 %"
PRIVÉ,330780040,NOUVELLE CLINIQUE BEL AIR,M12,17 432,7 649,9 783,0,"49,5 %","55,40","0,85","0,0 %"
PRIVÉ,330780081,CLINIQUE SAINT AUGUSTIN,M12,15 355,10 248,5 107,23,"64,1 %","59,43","3,13","0,5 %"
PRIVÉ,330780115,CLINIQUE TIVOLI-DUCOS,M12,16 566,6 279,10 287,8 953,"34,4 %","56,71","0,86","0,5 %"
PRIVÉ,330780206,CLINIQUE D'ARCACHON,M12,8 904,2 471,6 433,2 012,"50,5 %","59,11","0,86","0,7 %"
PRIVÉ,330780255,CLINIQUE DU LIBOURNAIS,M12,11 272,1 432,9 840,1 à 10,"47,8 %","59,08","0,40","0,0 %"
PRIVÉ,330780263,POLYCLINIQUE BORDEAUX RIVE DROITE,M12,27 591,11 769,15 822,2 741,"44,9 %","47,18","1,45","0,4 %"
PRIVÉ,330780271,CLINIQUE DU SPORT DE BORDEAUX MERIGNAC,M12,8 789,2 102,6 687,0,"58,8 %","44,28","0,67","0,0 %"
PRIVÉ,330780354,POLYCLINIQUE BORDEAUX CAUDERAN,M12,5 416,3 426,1 990,590,"50,8 %","63,83","2,62","0,8 %"
PRIVÉ,330780446,C.T.M.R. ST AUGUSTIN,M12,0,0,0,25 606,"66,1 %","72,14","0,00","0,0 %"
PRIVÉ,330780453,CENTRE D'HEMODIALYSE SAINT MARTIN,M12,0,0,0,20 142,"54,0 %","72,68","0,00","0,0 %"
PRIVÉ,330780479,POLYCLINIQUE BX-NORD AQUITAINE,M12,33 233,19 223,14 010,11 452,"45,1 %","52,80","1,97","1,1 %"
PRIVÉ,330780487,CLINIQUE OPHTALMOLOGIQUE THIERS,M12,6 631,605,6 026,0,"48,4 %","65,53","0,10","0,0 %"
PRIVÉ,330780503,HÔPITAL PRIVÉ SAINT-MARTIN,M12,23 697,10 582,13 115,227,"54,5 %","51,80","1,69","0,1 %"
PRIVÉ,330780511,CLINIQUE SAINTE ANNE,M12,8 689,2 883,5 806,1 994,"51,0 %","59,09","0,90","0,4 %"
PRIVÉ,330781402,NOUVELLE CLINIQUE BORDEAUX TONDU,M12,11 717,5 116,6 601,282,"45,2 %","41,73","1,28","0,4 %"
PRIVÉ,330782582,POLYCLINIQUE JEAN VILLAR,M12,21 723,9 294,12 429,1 711,"40,6 %","49,94","1,84","0,5 %"
PRIVÉ,330783374,CENTRE D'HEMODIALYSE PBNA,M12,0,0,0,24 434,"62,0 %","71,97","0,00","0,0 %"
PRIVÉ,340009539,CENTRE D'HEMODIALYSE AMBULATOIRE SAINT GUILHEM,M12,0,0,0,13 104,"63,1 %","72,66","0,00","0,0 %"
PRIVÉ,340009885,POLYCLINIQUE CHAMPEAU,M12,14 509,7 112,7 397,3 193,"35,0 %","50,45","1,45","0,4 %"
PRIVÉ,340015502,CLINIQUE LE MILLENAIRE,M12,24 864,15 180,9 684,344,"54,6 %","61,13","2,90","0,8 %"
PRIVÉ,340015965,SAS POLYCLINIQUE SAINT PRIVAT,M12,21 472,10 582,10 890,4 911,"54,4 %","60,38","1,95","0,9 %"
PRIVÉ,340015999,NEPHROCARE BEZIERS,M12,0,0,0,30 456,"61,6 %","75,05","0,00","0,0 %"
PRIVÉ,340017292,DIALYSE ST GUILHEM AGDE,M12,0,0,0,3 933,"67,4 %","66,12","0,00","0,0 %"
PRIVÉ,340017490,NEPHROCARE CASTELNAU LE ROCHET,M12,0,0,0,4 566,"76,0 %","62,67","0,00","0,0 %"
PRIVÉ,340019603,GCS HEMODIALYSE LAPEYRONIE,M12,0,0,0,8 574,"69,8 %","72,95","0,00","0,0 %"
PRIVÉ,340780139,CLINIQUE DU DR. CAUSSE,M12,8 586,3 844,4 742,0,"46,0 %","54,05","1,65","0,0 %"
PRIVÉ,340780147,POLYCLINIQUE DES 3 VALLEES,M12,3 562,1 879,1 683,0,"49,2 %","63,50","2,17","0,8 %"
PRIVÉ,340780154,POLYCLINIQUE PASTEUR,M12,8 079,2 040,6 039,55,"49,8 %","60,34","1,12","0,4 %"
PRIVÉ,340780568,CLINIQUE DU SOUFFLE LA VALONIE,M12,1 069,1 062,1 à 10,0,"52,8 %","68,12","6,12","0,5 %"
PRIVÉ,340780634,POLYCLINIQUE SAINT-JEAN,M12,23 218,7 547,15 671,906,"50,3 %","46,51","1,19","0,2 %"
PRIVÉ,340780667,CLINIQUE DU PARC,M12,24 185,11 803,12 382,6 798,"55,2 %","60,89","2,38","1,1 %"
PRIVÉ,340780675,CLINIQUE CLEMENTVILLE,M12,16 526,9 030,7 496,9 081,"36,9 %","49,29","1,74","1,0 %"
PRIVÉ,340780683,POLYCLINIQUE SAINT ROCH,M12,30 368,13 314,17 054,27,"35,1 %","42,52","1,71","0,2 %"
PRIVÉ,340780717,CLINIQUE SAINT- LOUIS,M12,8 208,4 415,3 793,167,"47,3 %","59,26","2,24","1,2 %"
PRIVÉ,340780725,CLINIQUE VIA DOMITIA POLE DE SANTÉ,M12,7 582,1 457,6 125,0,"48,0 %","57,21","0,39","0,0 %"
PRIVÉ,340780741,POLYCLINIQUE SAINTE THERESE,M12,10 185,3 214,6 971,47,"41,4 %","53,67","1,19","0,1 %"
PRIVÉ,340780840,NEPHROCARE CASTELNAU LE PARC,M12,0,0,0,30 394,"65,4 %","73,31","0,00","0,1 %"
PRIVÉ,350000121,CH PRIVÉ ST-GREGOIRE,M12,46 228,22 762,23 466,11 572,"46,3 %","52,19","1,92","0,7 %"
PRIVÉ,350000196,CLINIQUE DE LA COTE D'EMERAUDE,M12,10 085,3 437,6 648,2 631,"54,0 %","61,42","0,84","0,1 %"
PRIVÉ,350002192,POLYCLINIQUE SAINT LAURENT,M12,16 786,9 212,7 574,864,"57,1 %","63,37","2,26","1,2 %"
PRIVÉ,350002804,DIALYSE A DOMICILE AUB SANTÉ,M12,0,0,0,8 350,"57,6 %","66,13","0,00","0,0 %"
PRIVÉ,350005146,HÔPITAL PRIVÉ SEVIGNE,M12,22 658,8 165,14 493,5 594,"53,1 %","59,24","1,40","0,4 %"
PRIVÉ,350030763,UNITÉ DIALYSE SAINT MALO AUB SANTÉ,M12,0,0,0,1 922,"69,8 %","52,96","0,00","0,0 %"
PRIVÉ,350032934,UNITÉ DIALYSE PONTCHAILLOU RENNES AUB,M12,0,0,0,16 120,"62,7 %","67,83","0,00","0,0 %"
PRIVÉ,350040044,UNITÉ DIALYSE BROUSSAIS SAINT MALO AUB,M12,0,0,0,16 175,"61,3 %","72,96","0,00","0,0 %"
PRIVÉ,350041059,UNITÉ D'AUTODIALYSE DINARD - AUB,M12,0,0,0,189,"41,3 %","57,96","0,00","0,0 %"
PRIVÉ,350042131,UNITÉ DIALYSE REDON - AUB,M12,0,0,0,2 344,"77,6 %","67,98","0,00","0,0 %"
PRIVÉ,350042602,UNITÉ DIALYSE FOUGERES AUB,M12,0,0,0,4 488,"59,7 %","72,74","0,00","0,0 %"
PRIVÉ,350045779,UDM DE SAINT MALO,M10,0,0,0,2 802,"62,8 %","65,40","0,00","0,0 %"
PRIVÉ,350046744,UNITÉ DE DIALYSE MEDICALISEE DE FOUGERES,M10,0,0,0,1 293,"68,4 %","66,08","0,00","0,0 %"
PRIVÉ,350046751,UNITÉ DIALYSE MONTGERMONT AUB,M12,0,0,0,14 416,"67,9 %","58,13","0,00","0,0 %"
PRIVÉ,360000129,CLINIQUE ST FRANCOIS,M12,10 779,3 269,7 510,166,"53,1 %","58,14","1,21","0,4 %"
PRIVÉ,360002133,RE NEPHRO CHATEAUROUX-AV.KENNEDY,M12,0,0,0,16 882,"66,3 %","70,97","0,00","0,0 %"
PRIVÉ,360002232,CENTRE DE CONVALESCENCE ET DIÉTÉTIQUE MANOIR EN BERRY,M12,1 330,1 321,1 à 10,0,"42,7 %","62,33","6,20","0,8 %"
PRIVÉ,370000051,CLINIQUE JEANNE D ARC,M12,5 144,1 196,3 948,0,"46,5 %","58,91","1,05","0,1 %"
PRIVÉ,370000085,NCT PLUS SITE SAINT-GATIEN,M12,17 581,8 108,9 473,11 855,"57,3 %","70,63","1,28","0,4 %"
PRIVÉ,370000093,SAS NOUVELLE CLINIQUE DE TOURS +,M12,18 786,9 560,9 226,2 374,"46,7 %","56,17","1,95","0,9 %"
PRIVÉ,370007569,PÔLE SANTÉ LÉONARD DE VINCI,M12,41 481,18 026,23 455,8 591,"40,6 %","51,87","1,74","0,9 %"
PRIVÉ,380013037,CENTRE ENDOSCOPIE NORD ISERE,M12,4 980,0,4 980,0,"45,4 %","56,11","0,00","0,0 %"
PRIVÉ,380020123,CLINIQUE DES COTES DU RHONE,M12,1 764,731,1 033,1 à 10,"50,6 %","50,96","1,85","0,5 %"
PRIVÉ,380780197,CLINIQUE SAINT VINCENT DE PAUL,M12,13 585,6 303,7 282,250,"42,9 %","43,42","1,79","0,1 %"
PRIVÉ,380780270,CLINIQUE DES ALPES,M12,4 826,767,4 059,0,"44,3 %","34,56","0,29","0,0 %"
PRIVÉ,380780288,CLINIQUE DE CHARTREUSE,M12,10 814,1 786,9 028,47,"49,9 %","53,67","0,56","0,0 %"
PRIVÉ,380781450,CLINIQUE SAINT CHARLES,M12,2 413,1 035,1 378,17,"52,6 %","49,63","2,22","0,5 %"
PRIVÉ,380785956,CLINIQUE DES CEDRES,M12,23 917,10 017,13 900,269,"44,6 %","51,23","1,77","0,3 %"
PRIVÉ,380786442,CLINIQUE BELLEDONNE,M12,31 687,14 972,16 715,126,"44,0 %","52,18","2,06","0,3 %"
PRIVÉ,390780559,CLINIQUE DU JURA,M12,2 301,798,1 503,0,"50,2 %","50,09","0,97","0,0 %"
PRIVÉ,390780575,POLYCLINIQUE DU PARC,M12,7 351,2 327,5 024,1 à 10,"53,8 %","56,58","0,97","0,0 %"
PRIVÉ,400780284,CLINIQUE ST-VINCENT DE PAUL,M5,838,391,447,0,"61,1 %","54,93","1,96","0,0 %"
PRIVÉ,400780342,CLINIQUE JEAN LE BON,M12,6 390,1 034,5 356,122,"46,8 %","52,18","0,24","0,0 %"
PRIVÉ,400780359,CLINIQUE DES LANDES,M12,10 022,2 832,7 190,15,"47,8 %","55,37","1,07","0,1 %"
PRIVÉ,400782769,POLYCLINIQUE DE L'ADOUR,M12,5 873,2 693,3 180,20,"49,9 %","64,65","2,72","1,3 %"
PRIVÉ,410000202,POLYCLINIQUE DE BLOIS,M12,17 630,7 881,9 749,34 315,"59,1 %","66,83","0,73","0,4 %"
PRIVÉ,410004998,CLINIQUE DU SAINT COEUR,M12,8 301,4 486,3 815,0,"46,0 %","51,92","2,12","0,3 %"
PRIVÉ,420011413,HÔPITAL PRIVÉ DE LA LOIRE,M12,36 588,18 207,18 381,3 165,"44,5 %","50,37","2,01","0,6 %"
PRIVÉ,420780504,CLINIQUE DU PARC,M12,19 468,4 546,14 922,108,"48,2 %","52,08","0,93","0,1 %"
PRIVÉ,420782310,CLINIQUE DU RENAISON,M12,18 294,6 144,12 150,381,"48,2 %","58,16","1,41","0,2 %"
PRIVÉ,420782591,CLINIQUE NOUVELLE DU FOREZ,M12,3 286,0,3 286,0,"46,4 %","55,95","0,00","0,0 %"
PRIVÉ,430000109,CLINIQUE BON SECOURS - LE PUY,M12,6 493,1 854,4 639,125,"58,2 %","60,66","1,07","0,2 %"
PRIVÉ,430007450,CENTRE MÉDICAL SPECIALISE LE CHAMBON SUR LIGNON,M12,3 687,638,3 049,0,"73,9 %","50,70","1,15","0,0 %"
PRIVÉ,440000404,CLINIQUE SAINTE MARIE,M12,6 603,2 385,4 218,1 à 10,"51,6 %","57,26","1,32","0,2 %"
PRIVÉ,440000412,CLINIQUE BRETECHE VIAUD,M12,14 934,9 614,5 320,41,"31,8 %","43,68","2,72","0,8 %"
PRIVÉ,440000487,CLINIQUE UROLOGIQUE NANTES ATLANTIS,M12,4 833,2 454,2 379,0,"84,7 %","52,74","1,64","0,1 %"
PRIVÉ,440000511,CLINIQUE JEANNE D'ARC,M12,17 882,2 261,15 621,0,"60,9 %","44,65","0,21","0,0 %"
PRIVÉ,440000651,CLINIQUE SOURDILLE SA,M12,12 765,1 407,11 358,0,"42,3 %","66,60","0,18","0,0 %"
PRIVÉ,440002020,POLYCLINIQUE DE L'EUROPE,M12,17 486,5 748,11 738,156,"51,3 %","60,80","1,21","0,2 %"
PRIVÉ,440005080,DIALYSE ECHO NANTES,M12,0,0,0,13 707,"63,1 %","60,61","0,00","0,0 %"
PRIVÉ,440023364,CENTRE CATHERINE DE SIENNE,M12,2 225,1 955,270,15 888,"38,8 %","62,56","0,80","1,4 %"
PRIVÉ,440024982,AHO CLINIQUE SAINT AUGUSTIN,M12,20 979,7 629,13 350,505,"54,3 %","53,14","1,18","0,3 %"
PRIVÉ,440029379,CLINIQUE JULES VERNE,M12,29 976,6 709,23 267,360,"45,9 %","51,23","0,60","0,1 %"
PRIVÉ,440033819,SANTÉ ATLANTIQUE,M12,33 973,16 534,17 439,16,"32,4 %","39,53","1,86","0,1 %"
PRIVÉ,440036176,CENTRE DIALYSE ECHO ST HERBLAIN,M12,0,0,0,13 447,"54,1 %","74,80","0,00","0,0 %"
PRIVÉ,440036499,CENTRE DIALYSE ECHO REZE,M12,0,0,0,22 737,"51,3 %","68,13","0,00","0,0 %"
PRIVÉ,440039568,DIALYSE ECHO LA BAULE,M12,0,0,0,4 555,"55,7 %","70,68","0,00","0,0 %"
PRIVÉ,440041580,L'HÔPITAL PRIVÉ DU CONFLUENT,M12,51 688,25 465,26 223,3 250,"51,5 %","57,86","1,96","0,8 %"
PRIVÉ,440048718,HÔPITAL DU CONFLUENT-SITE JULES VERNE,M12,1 à 10,0,1 à 10,2 090,"25,9 %","63,03","0,00","0,0 %"
PRIVÉ,440050441,DIALYSE ECHO ST NAZAIRE,M12,0,0,0,7 299,"54,0 %","68,05","0,00","0,0 %"
PRIVÉ,450000237,CLINIQUE JEANNE D'ARC - GIEN,M12,6 835,2 241,4 594,2 427,"48,9 %","60,74","1,10","0,3 %"
PRIVÉ,450000245,CLINIQUE L'ARCHETTE,M12,14 940,6 191,8 749,1 679,"47,3 %","60,65","1,48","0,3 %"
PRIVÉ,450000294,ORELIANCE - REINE BLANCHE,M12,7 773,7 400,373,459,"58,5 %","67,91","5,59","3,7 %"
PRIVÉ,450010079,ORELIANCE - LONGUES ALLEES,M12,31 566,9 778,21 788,4 486,"50,8 %","53,84","0,99","0,1 %"
PRIVÉ,450012935,CENTRE D'HEMODIALYSE ARCHETTE,M12,0,0,0,13 976,"56,5 %","72,29","0,00","0,0 %"
PRIVÉ,450012968,CLINIQUE DE MONTARGIS,M12,5 484,1 398,4 086,98,"50,9 %","58,90","0,82","0,0 %"
PRIVÉ,450013818,CENTRE D'HEMODIALYSE J. D'ARC,M12,0,0,0,3 917,"59,3 %","71,49","0,00","0,0 %"
PRIVÉ,450018312,RE D'HEMODIALYSE LA REINE BLANCHE,M12,0,0,0,11 637,"47,2 %","71,85","0,00","0,0 %"
PRIVÉ,450018460,CENTRE NÉPHROLOGIQUE DE MONTARGIS,M12,0,0,0,15 673,"60,6 %","73,26","0,00","0,0 %"
PRIVÉ,460006075,CLINIQUE FONT REDONDE,M12,63,62,1 à 10,777,"56,9 %","65,93","1,26","4,9 %"
PRIVÉ,470000027,CLINIQUE ESQUIROL - SAINT-HILAIRE,M12,31 248,16 128,15 120,674,"51,1 %","59,35","2,37","1,1 %"
PRIVÉ,470000159,CLINIQUE CALABET,M12,0,0,0,6 761,"48,7 %","64,81","0,00","0,0 %"
PRIVÉ,490000262,CLINIQUE SAINT-JOSEPH,M12,14 010,6 549,7 461,1 478,"56,5 %","59,75","1,60","0,6 %"
PRIVÉ,490002037,POLYCLINIQUE DU PARC,M12,23 515,11 137,12 378,4 066,"49,5 %","53,96","1,64","0,4 %"
PRIVÉ,490007499,CENTRE DIALYSE ECHO ANGERS BOCQUEL,M12,0,0,0,20 474,"52,8 %","75,03","0,00","0,0 %"
PRIVÉ,490007929,CLINIQUE CHIRURGICALE DE LA LOIRE,M12,11 220,3 888,7 332,316,"51,9 %","56,88","1,26","0,2 %"
PRIVÉ,490009008,CENTRE DIALYSE ECHO CHOLET MARENGO,M12,0,0,0,9 541,"52,5 %","75,31","0,00","0,0 %"
PRIVÉ,490014909,CLINIQUE DE L'ANJOU,M12,37 543,18 282,19 261,716,"45,4 %","51,12","1,87","0,3 %"
PRIVÉ,490015906,CLINIQUE SAINT LEONARD,M12,10 528,5 725,4 803,339,"50,5 %","52,91","1,95","0,0 %"
PRIVÉ,490017613,DIALYSE ECHO TRELAZE,M12,0,0,0,3 071,"68,9 %","69,95","0,00","0,0 %"
PRIVÉ,490537818,CENTRE DIALYSE DIAVERUM ANGERS,M12,0,0,0,24 749,"61,9 %","70,84","0,00","0,0 %"
PRIVÉ,490540440,CENTRE DE LA MAIN,M12,5 390,0,5 390,0,"58,9 %","48,86","0,00","0,0 %"
PRIVÉ,500000146,HÔPITAL PRIVÉ DE LA BAIE,M12,12 760,3 365,9 395,3 242,"47,2 %","63,95","1,03","0,9 %"
PRIVÉ,500000203,POLYCLINIQUE DE LA MANCHE - SAINT-LO,M12,6 372,1 638,4 734,66,"50,7 %","61,40","0,98","0,0 %"
PRIVÉ,500000401,CLINIQUE DR. H. GUILLARD,M12,5 374,2 366,3 008,597,"47,9 %","56,50","1,65","0,2 %"
PRIVÉ,500002357,POLYCLINIQUE DU COTENTIN,M12,10 505,3 480,7 025,0,"46,4 %","57,98","1,23","0,1 %"
PRIVÉ,500021316,CENTRE DE DIALYSE D'AVRANCHES,M12,0,0,0,9 342,"64,7 %","70,90","0,00","0,0 %"
PRIVÉ,510000185,POLYCLINIQUE COURLANCY - REIMS,M12,35 195,20 658,14 537,18 306,"43,8 %","55,12","1,81","0,8 %"
PRIVÉ,510000193,POLYCLINIQUE SAINT-ANDRE,M12,27 532,13 539,13 993,321,"40,1 %","49,42","1,96","0,4 %"
PRIVÉ,510000227,POLYCLINIQUE PRIOLLET - CHALONS,M12,4 305,1 605,2 700,638,"42,9 %","53,56","1,05","0,0 %"
PRIVÉ,510000243,CLINIQUE D'EPERNAY,M12,6 719,2 469,4 250,320,"45,7 %","57,25","1,95","0,6 %"
PRIVÉ,510012040,POLYCLINIQUE LES BLEUETS - REIMS,M12,14 723,4 444,10 279,377,"49,6 %","54,50","1,03","0,4 %"
PRIVÉ,520780156,CLINIQUE DE LA COMPASSION,M12,3 169,1 100,2 069,0,"47,1 %","61,55","1,79","0,1 %"
PRIVÉ,520780180,CLINIQUE FRANCOIS 1ER,M12,5 856,1 582,4 274,1 508,"47,5 %","58,40","0,85","0,3 %"
PRIVÉ,520780214,CENTRE MÉDICO-CHIRURGICAL,M12,5 163,1 877,3 286,22 718,"58,9 %","70,59","0,35","0,4 %"
PRIVÉ,530002898,CENTRE DIALYSE ECHO LAVAL,M12,0,0,0,11 305,"60,9 %","71,10","0,00","0,0 %"
PRIVÉ,530031962,POLYCLINIQUE DU MAINE,M12,13 177,5 299,7 878,3 587,"45,8 %","61,67","1,43","0,8 %"
PRIVÉ,540000361,CLINIQUE JEANNE D'ARC - LUNEVILL,M12,7 870,1 848,6 022,153,"47,7 %","56,57","0,67","0,0 %"
PRIVÉ,540000445,ESPACE CHIRURGICAL AMBROISE PARE NANCY,M12,8 609,4 208,4 401,13,"58,1 %","65,36","1,51","0,3 %"
PRIVÉ,540000452,CLINIQUE ST ANDRE VANDOEUVRE,M12,14 552,4 327,10 225,1 à 10,"40,4 %","53,77","0,82","0,0 %"
PRIVÉ,540000478,CLINIQUE LOUIS PASTEUR,M12,31 371,13 227,18 144,17 344,"59,3 %","62,41","0,92","0,2 %"
PRIVÉ,540000486,POLYCLINIQUE DE GENTILLY,M12,27 826,14 262,13 564,32 059,"52,7 %","64,15","1,22","0,7 %"
PRIVÉ,540013224,POLYCLINIQUE MAJORELLE,M12,12 145,8 739,3 406,55,"19,2 %","32,09","2,79","0,1 %"
PRIVÉ,550000178,POLYCLINIQUE DU PARC - BAR-LE-DUC,M12,9 405,4 095,5 310,131,"46,0 %","57,15","1,90","0,2 %"
PRIVÉ,560002511,CLINIQUE DU TER,M12,12 176,4 138,8 038,94,"50,0 %","58,71","1,08","0,1 %"
PRIVÉ,560004004,UNITÉ DIALYSE LORIENT AUB SANTÉ,M12,0,0,0,4 238,"52,7 %","76,16","0,00","0,0 %"
PRIVÉ,560006348,UNITÉ DIALYSE KERIO PONTIVY AUB,M12,0,0,0,3 158,"64,3 %","71,27","0,00","0,0 %"
PRIVÉ,560007510,POLYCLINIQUE DE PONTIVY,M12,7 682,2 285,5 397,31,"50,7 %","60,63","1,03","0,1 %"
PRIVÉ,560008799,CLINIQUE OCEANE,M12,35 195,15 244,19 951,6 642,"49,7 %","56,57","1,45","0,8 %"
PRIVÉ,560009490,AUTODIALYSE BELLE-ÎLE,M12,0,0,0,510,"66,7 %","67,77","0,00","0,0 %"
PRIVÉ,560009508,AUTODIALYSE AURAY,M12,0,0,0,976,"56,3 %","51,74","0,00","0,0 %"
PRIVÉ,560009524,AUTODIALYSE VANNES,M12,0,0,0,6 012,"66,1 %","63,11","0,00","0,0 %"
PRIVÉ,560014078,AUTODIALYSE MUZILLAC,M12,0,0,0,685,"80,0 %","64,52","0,00","0,0 %"
PRIVÉ,560014128,AUTODIALYSE PLOERMEL,M12,0,0,0,783,"75,1 %","60,99","0,00","0,0 %"
PRIVÉ,560020208,UDM DE PONTIVY,M10,0,0,0,2 536,"65,3 %","71,36","0,00","0,0 %"
PRIVÉ,560023152,CENTRE D'HEMODIALYSE AMBULATOIRE ECHO,M12,0,0,0,13 908,"64,9 %","73,01","0,00","0,0 %"
PRIVÉ,560023848,UNITÉ DIALYSE KERFRICHANT LORIENT AUB,M12,0,0,0,6 861,"64,8 %","65,52","0,00","0,0 %"
PRIVÉ,570000083,CLINIQUE SAINT NABOR,M12,11 646,4 642,7 004,28,"35,8 %","46,53","1,46","0,0 %"
PRIVÉ,570000356,CLINIQUE CHIRURGICALE AMBROISE PARE,M12,9 981,3 093,6 888,347,"50,0 %","60,03","1,13","0,0 %"
PRIVÉ,570000364,CLINIQUE NOTRE DAME,M12,9 674,1 559,8 115,257,"46,0 %","57,57","0,45","0,0 %"
PRIVÉ,570000646,HÔPITAL CLINIQUE CLAUDE BERNARD,M12,34 503,17 801,16 702,14 309,"41,2 %","54,70","1,56","0,6 %"
PRIVÉ,580780138,POLYCLINIQUE DU VAL DE LOIRE,M12,12 602,2 710,9 892,9 221,"48,8 %","63,80","0,62","0,3 %"
PRIVÉ,580780195,CLINIQUE DE COSNE-SUR-LOIRE,M12,5 176,2 043,3 133,0,"44,3 %","50,71","1,90","0,5 %"
PRIVÉ,590006896,POLYCLINIQUE DE LA THIERACHE,M12,6 717,1 844,4 873,12,"45,0 %","55,93","1,19","0,0 %"
PRIVÉ,590008041,POLYCLINIQUE VAUBAN,M12,18 747,9 030,9 717,10 368,"56,3 %","62,93","1,67","1,2 %"
PRIVÉ,590034815,CENTRE D'AUTODIALYSE PONT/SAMBRE,M12,0,0,0,1 531,"77,7 %","66,10","0,00","0,0 %"
PRIVÉ,590780060,INSTITUT OPHTALMIQUE,M12,8 714,807,7 907,0,"39,4 %","67,72","0,11","0,0 %"
PRIVÉ,590780094,CENTRE LEONARD DE VINCI,M12,1 341,820,521,8 280,"43,1 %","62,43","0,19","0,1 %"
PRIVÉ,590780250,CLINIQUE LILLE-SUD,M12,22 913,2 678,20 235,0,"50,8 %","41,44","0,22","0,0 %"
PRIVÉ,590780268,POLYCLINIQUE DU BOIS,M12,34 333,17 192,17 141,40 455,"49,7 %","60,00","1,06","0,4 %"
PRIVÉ,590780342,CLINIQUE AMBROISE PARE,M12,5 824,284,5 540,0,"41,6 %","68,29","0,06","0,0 %"
PRIVÉ,590780383,POLYCLINIQUE DE LA LOUVIERE,M12,31 942,13 402,18 540,40 006,"54,9 %","64,12","0,60","0,2 %"
PRIVÉ,590781571,CLINIQUE DU CAMBRESIS,M12,3 714,1 687,2 027,0,"40,0 %","54,05","2,14","0,0 %"
PRIVÉ,590781951,CLINIQUE DU CROISE LAROCHE SA,M12,8 422,5 478,2 944,0,"47,8 %","49,31","2,46","0,1 %"
PRIVÉ,590782256,CLINIQUE DES DENTELLIERES,M12,384,0,384,7 681,"35,3 %","60,41","0,00","0,0 %"
PRIVÉ,590782298,CLINIQUE DU PARC,M12,17 745,7 662,10 083,22,"43,3 %","40,41","1,59","0,1 %"
PRIVÉ,590782496,CLINIQUE SAINT JEAN,M12,215,139,76,0,"40,5 %","83,87","6,39","14,4 %"
PRIVÉ,590782546,CLINIQUE DE VILLENEUVE D'ASCQ,M12,2 852,608,2 244,0,"38,1 %","53,26","1,93","3,9 %"
PRIVÉ,590782553,HÔPITAL PRIVÉ DE VILLENEUVE D'ASCQ,M12,25 491,11 303,14 188,2 804,"42,1 %","46,85","1,55","0,2 %"
PRIVÉ,590784484,NEPHROCARE MAUBEUGE,M12,0,0,0,15 472,"53,4 %","71,58","0,00","0,0 %"
PRIVÉ,590788964,POLYCLINIQUE DU PARC,M12,6 374,2 002,4 372,5 261,"48,0 %","59,78","0,71","0,4 %"
PRIVÉ,590790655,CLINIQUE CHIRURGICALE ST ROCH,M12,2 405,1 212,1 193,0,"49,7 %","47,86","2,04","0,2 %"
PRIVÉ,590806360,CLINIQUE DE LA MITTERIE,M12,5 906,663,5 243,0,"68,1 %","49,45","0,78","0,0 %"
PRIVÉ,590810941,NEPHOCARE MAUBEUGE DIALYSE A DOMICILE,M12,0,0,0,238,"12,6 %","67,57","0,00","0,4 %"
PRIVÉ,590811006,CENTRE D'AUTODIALYSE DE MAUBEUGE,M12,0,0,0,1 374,"74,5 %","57,36","0,00","0,0 %"
PRIVÉ,590813176,CLINIQUE DES HETRES,M12,5 297,1 712,3 585,0,"48,9 %","48,58","1,78","0,4 %"
PRIVÉ,590813382,SA NOUVELLE CLINIQUE VILLETTE,M12,10 855,5 394,5 461,1 à 10,"41,6 %","39,90","1,75","0,1 %"
PRIVÉ,590813507,POLYCLINIQUE VAL DE SAMBRE,M12,9 641,5 298,4 343,0,"42,5 %","44,65","2,47","0,5 %"
PRIVÉ,590813747,CENTRE D'AUTODIALYSE DE FOURMIES,M12,0,0,0,1 316,"75,8 %","63,47","0,00","0,0 %"
PRIVÉ,590815056,CLINIQUE DE FLANDRE,M12,9 113,2 832,6 281,5 390,"46,8 %","57,40","0,88","0,8 %"
PRIVÉ,590816310,CLINIQUE ST AME,M12,15 539,6 204,9 335,436,"38,4 %","44,10","1,41","0,1 %"
PRIVÉ,590817458,CLINIQUE DE LA VICTOIRE,M12,10 631,2 400,8 231,2 242,"40,2 %","54,27","0,87","0,5 %"
PRIVÉ,590817839,POLYCLINIQUE DU VAL DE LYS,M12,5 535,3 976,1 559,12,"36,9 %","34,94","2,06","0,1 %"
PRIVÉ,600008643,CAB GASTRO ENTEROLOGIQUE,M12,2 710,0,2 710,0,"43,4 %","55,26","0,00","0,0 %"
PRIVÉ,600010862,SAS CENTRE CHIRURGICAL DE CHANTILLY,M12,5 513,1 490,4 023,0,"42,8 %","59,10","0,84","0,0 %"
CH,600100176,CENTRE DE SOINS DU VALOIS,M12,651,0,651,0,"53,6 %","57,21","0,00","0,0 %"
PRIVÉ,600100184,CLINIQUE LE VALOIS,M12,517,513,1 à 10,0,"33,8 %","76,51","11,82","6,8 %"
PRIVÉ,600100754,POLYCLINIQUE SAINT-COME SA,M12,20 942,9 874,11 068,18 161,"48,8 %","57,87","1,14","0,3 %"
PRIVÉ,600110175,CLINIQUE DU PARC SAINT LAZARE,M12,11 898,3 366,8 532,91,"50,7 %","53,64","0,93","0,2 %"
PRIVÉ,610006421,CLINIQUE D'ALENCON,M12,5 918,1 509,4 409,24,"49,5 %","52,46","0,76","0,1 %"
PRIVÉ,610780199,CLINIQUE ST DOMINIQUE,M12,3 388,1 313,2 075,106,"59,2 %","62,21","1,77","0,0 %"
PRIVÉ,620006049,CLINIQUE DE ST OMER,M12,12 221,3 979,8 242,545,"48,2 %","53,73","1,17","0,0 %"
PRIVÉ,620024208,CLINIQUE NÉPHROLOGIQUE DE L'AUDOMAROIS,M12,0,0,0,15 572,"70,5 %","68,71","0,00","0,0 %"
PRIVÉ,620100099,HÔPITAL PRIVÉ ARRAS LES BONNETTES,M12,24 559,8 940,15 619,6 497,"41,1 %","53,17","1,23","0,7 %"
PRIVÉ,620100487,CLINIQUE DES ACACIAS,M12,5 385,2 088,3 297,19,"47,4 %","58,43","1,80","0,6 %"
PRIVÉ,620100735,POLYCLINIQUE DE L'ARTOIS,M12,15 070,7 161,7 909,3 031,"43,8 %","52,45","2,11","0,7 %"
PRIVÉ,620100750,CLINIQUE AMBROISE PARE,M12,6 701,2 383,4 318,2 525,"54,6 %","53,29","1,10","0,3 %"
PRIVÉ,620101311,CLINIQUE DES 2 CAPS,M12,12 184,4 542,7 642,1 259,"48,2 %","54,70","1,34","0,4 %"
PRIVÉ,620101501,POLYCLINIQUE DE BOIS-BERNARD SA,M12,24 497,13 037,11 460,29 029,"58,1 %","60,73","0,91","0,3 %"
PRIVÉ,620105940,POLYCLINIQUE DU TERNOIS,M12,2 742,1 443,1 299,0,"45,3 %","59,74","3,29","1,1 %"
PRIVÉ,620106088,CLINIQUE MÉDICO-CHIRURGICALE,M12,5 337,1 354,3 983,62,"41,9 %","52,50","2,00","0,7 %"
PRIVÉ,620116046,SAS CLINIQUE CHIRURGICALE DES 7 VALLEES,M12,2 890,0,2 890,53,"49,1 %","47,41","0,00","0,0 %"
PRIVÉ,620118513,CENTRE MÉDICO CHIRURGICAL ET OBSTÉTRICAL COTE D'OPALE,M12,19 729,11 929,7 800,4 105,"47,4 %","52,14","2,14","0,9 %"
PRIVÉ,630005668,CENTRE D'HÉMODIALYSE AURA ARCHE,M12,0,0,0,13 151,"56,0 %","67,76","0,00","0,0 %"
PRIVÉ,630780211,POLE SANTÉ REPUBLIQUE - CLERMONT,M12,23 630,11 534,12 096,11 880,"47,1 %","58,87","1,40","0,7 %"
PRIVÉ,630780369,CLINIQUE DE LA PLAINE - CLERMONT,M12,10 111,1 713,8 398,0,"49,7 %","57,39","0,68","0,0 %"
PRIVÉ,630781821,CLINIQUE DU GRAND PRE - DURTOL,M12,247,247,0,0,"38,9 %","82,70","18,40","4,5 %"
PRIVÉ,630781839,CLINIQUE CHATAIGNERAIE - BEAUMONT,M12,31 584,14 010,17 574,982,"49,2 %","44,09","1,67","0,1 %"
PRIVÉ,630783108,CLINIQUE DES CHANDIOTS - CLERMONT,M12,6 939,993,5 946,0,"42,0 %","64,41","0,16","0,0 %"
PRIVÉ,640016580,CENTRE DE CARDIOLOGIE DU PAYS BASQUE,M12,6 621,5 750,871,1 à 10,"67,5 %","70,52","2,76","1,1 %"
PRIVÉ,640018206,CLINIQUE BELHARRA,M12,27 842,13 745,14 097,5 518,"46,1 %","54,20","1,71","0,6 %"
PRIVÉ,640780268,CLINIQUE DELAY,M12,9 536,1 075,8 461,149,"44,5 %","57,89","0,39","0,4 %"
PRIVÉ,640780490,CAPIO CLINIQUE AGUILERA,M12,14 895,6 220,8 675,821,"47,3 %","58,25","1,59","0,7 %"
PRIVÉ,640780623,CENTRE MÉDICAL ANNIE ENIA,M12,268,264,1 à 10,0,"54,5 %","71,23","11,81","55,2 %"
PRIVÉ,640780672,CLINIQUE MARIENIA,M12,544,0,544,0,"55,5 %","49,40","0,00","0,0 %"
PRIVÉ,640780748,POLYCLINIQUE COTE BASQUE SUD,M12,14 666,5 216,9 450,1 859,"47,7 %","61,29","1,24","0,6 %"
PRIVÉ,640780938,POLYCLINIQUE PAU PYRENEES SITE MARZET,M12,14 999,6 898,8 101,7 005,"50,4 %","58,59","1,62","1,3 %"
PRIVÉ,640780946,POLYCLINIQUE PAU PYRENEES SITE NAVARRE,M12,19 206,9 837,9 369,275,"41,6 %","49,13","2,07","0,1 %"
PRIVÉ,640780987,CLINIQUE D'ORTHEZ,M12,2 366,865,1 501,0,"50,7 %","59,67","1,93","0,7 %"
PRIVÉ,640781225,CLINIQUE MEDICALE CARDIOLOGIQUE ARESSY,M12,4 581,4 009,572,43,"56,5 %","73,50","5,37","2,7 %"
PRIVÉ,640781308,CLINIQUE PRINCESS,M12,2 860,1 315,1 545,1 à 10,"33,4 %","52,45","2,47","0,0 %"
PRIVÉ,640781332,NEPHROCARE BEARN-CTRE DIALYSE DU BEARN,M12,0,0,0,29 773,"61,9 %","72,97","0,00","0,0 %"
PRIVÉ,640787156,CLINIQUE FONDATION LURO,M12,893,294,599,26,"47,6 %","71,12","3,15","2,0 %"
PRIVÉ,640789640,CENTRE D'HEMODIALYSE CLINIQUE DELAY,M12,0,0,0,21 096,"69,4 %","68,75","0,00","0,0 %"
PRIVÉ,650002579,CLINIQUE ORMEAU PYRENEES,M12,11 419,4 277,7 142,33,"51,1 %","60,06","1,52","0,2 %"
PRIVÉ,650780679,CLINIQUE ORMEAU SITE CENTRE,M12,9 167,6 431,2 736,5 972,"40,2 %","58,11","2,55","2,2 %"
PRIVÉ,660005216,AIDER UAD DE PERPIGNAN,M12,0,0,0,311,"30,9 %","59,14","0,00","0,0 %"
PRIVÉ,660006305,LA CLINIQUE MUTUALISTE CATALANE,M12,18 672,6 306,12 366,446,"48,4 %","60,12","1,23","0,2 %"
PRIVÉ,660780628,CLINIQUE DU VALLESPIR,M12,4 859,2 093,2 766,0,"45,5 %","68,76","2,73","2,6 %"
PRIVÉ,660780669,CLINIQUE NOTRE DAME D ESPERANCE,M12,7 148,4 240,2 908,0,"26,5 %","32,33","2,19","0,1 %"
PRIVÉ,660780776,CLINIQUE SAINT MICHEL,M12,4 219,1 893,2 326,66,"49,1 %","62,99","2,04","1,0 %"
PRIVÉ,660780784,CLINIQUE SAINT PIERRE,M12,23 036,14 333,8 703,15 235,"50,8 %","59,92","1,84","1,0 %"
PRIVÉ,660790387,POLYCLINIQUE SAINT ROCH,M12,26 424,11 669,14 755,133,"57,6 %","61,31","2,24","0,6 %"
PRIVÉ,670002187,CENTRE D'AUTODIALYSE DE L'AURAL STRASBOURG,M12,0,0,0,28 587,"61,1 %","65,80","0,00","0,0 %"
PRIVÉ,670013325,CENTRE AUTONOME ENDOSCOPIE DIGESTIVE,M12,3 736,0,3 736,172,"45,1 %","55,96","0,00","0,0 %"
PRIVÉ,670013341,ENDOSAV,M12,1 745,0,1 745,64,"50,0 %","57,97","0,00","0,0 %"
PRIVÉ,670013895,CENTRE D'AUTODIALYSE AURAL SAVERNE,M12,0,0,0,4 334,"63,6 %","71,49","0,00","0,0 %"
PRIVÉ,670014455,CENTRE DE DIALYSE CHRONIQUE STRASBOURG,M12,0,0,0,1 483,"80,2 %","44,98","0,00","0,0 %"
PRIVÉ,670016237,CLINIQUE SAINTE ODILE STRASBOURG,M12,21 387,5 837,15 550,0,"46,5 %","57,68","0,97","0,1 %"
PRIVÉ,670017862,GCS CLINIQUE DES DIACONESSES,M12,8 236,2 141,6 095,0,"48,5 %","52,88","1,13","0,1 %"
PRIVÉ,670780162,ETS DES DIACONESSES STRASBOURG,M7,9 450,2 327,7 123,1 à 10,"48,4 %","53,47","1,09","0,1 %"
PRIVÉ,670780170,CLINIQUE DE L'ORANGERIE STRASB.,M12,16 346,9 682,6 664,9 561,"42,5 %","61,49","1,46","0,5 %"
PRIVÉ,670780378,CLINIQUE SAINT-FRANCOIS HAGUENAU,M12,15 947,4 643,11 304,94,"52,0 %","52,03","1,11","0,1 %"
PRIVÉ,670780386,CLINIQUE SAINTE ODILE HAGUENAU,M12,9 928,4 264,5 664,398,"54,4 %","59,10","1,51","0,2 %"
PRIVÉ,670781574,HEMODIALYSE DIALYSE DOMICILE AURAL SIEGE SOCIAL DE STRASBOURG,M12,0,0,0,13 708,"63,2 %","65,11","0,00","0,0 %"
PRIVÉ,670795921,UNITÉ D'AUTODIALYSE AURAL HAGUENAU,M12,0,0,0,20 617,"58,0 %","68,52","0,00","0,0 %"
PRIVÉ,670799667,AURAL CLINIQUE SAINTE ANNE,M12,0,0,0,14 467,"62,6 %","66,15","0,00","0,0 %"
PRIVÉ,680000320,CLINIQUE DIACONAT FONDERIE,M12,23 371,13 214,10 157,70,"42,0 %","52,80","2,40","0,5 %"
PRIVÉ,680000338,CENTRE DE DIALYSE DIAVERUM MULHOUSE,M12,0,0,0,20 717,"58,7 %","70,02","0,00","0,0 %"
PRIVÉ,680000494,CLINIQUE DIACONAT ROOSEVELT,M12,22 563,10 339,12 224,842,"50,7 %","54,30","1,77","0,1 %"
PRIVÉ,680010824,UNITÉ D'AUTODIALYSE AURAL COLMAR,M12,0,0,0,16 878,"67,8 %","68,11","0,00","0,0 %"
PRIVÉ,680013778,UNITÉ D'AUTODIALYSE AURAL MULHOUSE,M12,0,0,0,18 145,"57,6 %","65,87","0,00","0,0 %"
PRIVÉ,680020088,NOUVELLE CLINIQUE DES TROIS FRONTIERES,M12,8 219,4 729,3 490,1 304,"47,0 %","56,02","2,77","1,5 %"
PRIVÉ,690022108,CENTRE DE DIALYSE BAYARD,M12,0,0,0,15 113,"72,0 %","64,99","0,00","0,0 %"
PRIVÉ,690022959,HÔPITAL PRIVÉ MERE ENFANT NATECIA,M12,15 986,9 950,6 036,226,"25,1 %","26,83","2,84","0,1 %"
PRIVÉ,690023239,CLINIQUE DU PARC,M12,18 066,7 532,10 534,1 à 10,"44,6 %","53,06","1,27","0,0 %"
PRIVÉ,690023411,HÔPITAL PRIVÉ JEAN MERMOZ,M12,34 210,14 128,20 082,20 060,"46,2 %","57,25","1,22","0,6 %"
PRIVÉ,690029186,ENDO LYON SUD OUEST,M12,2 597,0,2 597,0,"45,7 %","58,68","0,00","0,0 %"
PRIVÉ,690780200,CLINIQUE EMILIE DE VIALAR,M12,1 818,678,1 140,0,"42,1 %","44,63","1,71","0,0 %"
PRIVÉ,690780226,CLINIQUE DE LA PART-DIEU,M12,2 601,233,2 368,0,"41,7 %","64,29","0,09","0,0 %"
PRIVÉ,690780259,CLINIQUE SAINT-CHARLES,M12,8 101,1 614,6 487,0,"38,5 %","55,19","0,55","0,0 %"
PRIVÉ,690780358,CLINIQUE DU VAL D'OUEST-VENDOME,M12,26 619,11 039,15 580,399,"38,8 %","37,07","1,51","0,1 %"
PRIVÉ,690780366,CLINIQUE CHARCOT,M12,13 899,5 048,8 851,3 519,"40,0 %","59,73","1,09","0,4 %"
PRIVÉ,690780382,CLINIQUE DU GRAND LARGE,M12,6 973,2 204,4 769,144,"52,6 %","54,56","1,27","0,2 %"
PRIVÉ,690780390,POLYCLINIQUE DE RILLIEUX,M12,14 766,7 658,7 108,1 357,"43,2 %","52,39","2,18","0,7 %"
PRIVÉ,690780499,NEPHROCARE TASSIN-CHARCOT,M12,0,0,0,40 746,"61,1 %","70,35","0,00","0,0 %"
PRIVÉ,690780648,CLINIQUE DE LA SAUVEGARDE,M12,25 122,11 149,13 973,6 055,"51,6 %","57,87","1,43","0,7 %"
PRIVÉ,690780655,HÔPITAL PRIVÉ DE L'EST LYONNAIS,M12,8 663,3 621,5 042,633,"46,8 %","53,60","1,87","1,2 %"
PRIVÉ,690780663,CLINIQUE TRENEL,M12,13 745,4 841,8 904,2 430,"50,3 %","56,23","1,02","0,3 %"
PRIVÉ,690782834,CLINIQUE DU TONKIN,M12,29 712,13 255,16 457,21 062,"52,6 %","61,73","1,15","0,4 %"
PRIVÉ,690791082,CENTRE SPECIALISE LES BRUYERES,M12,592,591,1 à 10,0,"79,1 %","44,71","6,81","0,0 %"
PRIVÉ,690793468,INFIRMERIE PROTESTANTE DE LYON,M12,19 889,10 012,9 877,5 031,"53,7 %","61,16","2,05","0,7 %"
PRIVÉ,690807367,POLYCLINIQUE DU BEAUJOLAIS,M12,16 098,6 145,9 953,1 611,"46,7 %","49,64","1,26","0,3 %"
PRIVÉ,700780174,CLINIQUE ST MARTIN,M12,6 526,1 819,4 707,93,"48,8 %","58,16","1,02","0,0 %"
PRIVÉ,710006859,POLYCLINIQUE DU VAL DE SAONE,M12,13 831,5 689,8 142,2 363,"47,5 %","58,82","1,60","0,5 %"
PRIVÉ,710780917,HÔPITAL PRIVÉ SAINTE MARIE,M12,19 071,8 130,10 941,15 030,"50,9 %","63,65","1,27","0,7 %"
PRIVÉ,710781410,CLINIQUE DU PARC,M12,4 494,1 814,2 680,0,"47,5 %","61,22","1,71","0,1 %"
PRIVÉ,710781824,CENTRE ORTHOPEDIQUE MEDICO-CHIR,M12,5 542,3 292,2 250,0,"50,5 %","55,68","2,74","0,0 %"
PRIVÉ,720000199,CLINIQUE DU PRE,M12,22 117,10 488,11 629,28,"51,9 %","56,92","1,84","0,2 %"
PRIVÉ,720000231,CLINIQUE DU TERTRE ROUGE,M12,5 946,4 526,1 420,24,"17,0 %","25,23","3,21","0,1 %"
PRIVÉ,720000249,CLINIQUE VICTOR HUGO,M12,2 937,1 484,1 453,17 774,"48,6 %","64,61","0,58","0,9 %"
PRIVÉ,720003441,CENTRE DIALYSE ECHO LE MANS CH,M12,0,0,0,9 394,"43,7 %","70,28","0,00","0,0 %"
PRIVÉ,720017748,CENTRE MÉDICO-CHIRURGICAL DU MANS,M12,33 458,16 690,16 768,484,"51,5 %","56,65","2,33","0,7 %"
PRIVÉ,720017839,CENTRE DIALYSE ECHO LE MANS PSS,M12,0,0,0,14 411,"64,2 %","71,37","0,00","0,0 %"
PRIVÉ,730004298,HÔPITAL PRIVÉ MEDIPOLE DE SAVOIE,M12,29 318,10 224,19 094,7 511,"44,8 %","55,40","1,11","0,4 %"
PRIVÉ,730780459,CLINIQUE HERBERT,M12,4 996,2 044,2 952,0,"47,8 %","58,78","1,59","0,1 %"
PRIVÉ,740014345,HÔPITAL PRIVÉ PAYS DE SAVOIE,M12,25 385,9 562,15 823,2 102,"44,6 %","48,68","1,35","0,2 %"
PRIVÉ,740780416,CLINIQUE DU LAC ET D'ARGONAY,M12,15 239,7 795,7 444,214,"52,6 %","53,79","1,84","0,2 %"
PRIVÉ,740780424,CLINIQUE GENERALE ANNECY,M12,17 708,9 091,8 617,4 648,"40,7 %","52,50","1,56","0,6 %"
PRIVÉ,740780440,CLINIQUE DES GRANDES ALPES,M12,56,0,56,0,"48,2 %","48,39","0,00","0,0 %"
PRIVÉ,750009318,CENTRE DE DIALYSE BICHAT-AURA,M12,0,0,0,5 958,"56,5 %","72,82","0,00","0,0 %"
PRIVÉ,750300014,SA CLINIQUE DU LOUVRE,M12,13 395,1 891,11 504,1 à 10,"42,9 %","53,96","0,22","0,0 %"
PRIVÉ,750300071,CLINIQUE GEOFFROY ST HILAIRE,M12,24 475,5 793,18 682,165,"37,4 %","55,81","0,92","0,1 %"
PRIVÉ,750300089,CLINIQUE DU SPORT,M12,6 415,2 940,3 475,0,"59,9 %","45,46","1,35","0,0 %"
PRIVÉ,750300097,INSTITUT ARTHUR VERNES,M12,4 630,580,4 050,1 à 10,"44,4 %","54,49","0,15","0,1 %"
PRIVÉ,750300121,FOND ST JEAN DE DIEU CLINIQUE OUDINOT,M12,11 124,3 221,7 903,5 426,"28,8 %","56,16","0,61","0,0 %"
PRIVÉ,750300139,CLINIQUE DE L ALMA,M12,10 652,3 906,6 746,13 579,"52,9 %","62,10","0,43","0,1 %"
PRIVÉ,750300154,CLINIQUE TURIN,M12,24 267,8 408,15 859,27 449,"52,8 %","62,73","0,43","0,0 %"
PRIVÉ,750300360,HÔPITAL PRIVÉ DES PEUPLIERS,M12,25 286,7 953,17 333,4 592,"43,9 %","56,33","0,71","0,1 %"
PRIVÉ,750300410,CLINIQUE JEANNE D'ARC,M12,6 743,3 170,3 573,22,"33,9 %","41,76","1,90","0,3 %"
PRIVÉ,750300493,CLINIQUE ARAGO,M12,4 219,3 112,1 107,145,"40,6 %","60,92","3,35","0,0 %"
PRIVÉ,750300550,CLINIQUE SAINTE GENEVIEVE,M12,6 973,1 231,5 742,0,"37,8 %","56,75","0,24","0,0 %"
PRIVÉ,750300592,CLINIQUE BLOMET,M12,8 449,2 643,5 806,0,"43,4 %","49,01","0,84","0,0 %"
PRIVÉ,750300667,MATERNITE SAINTE FELICITE,M12,5 399,5 281,118,1 à 10,"24,6 %","17,37","5,02","0,1 %"
PRIVÉ,750300741,CLINIQUE VICTOR HUGO,M12,6 917,1 945,4 972,0,"37,0 %","50,31","0,42","0,0 %"
PRIVÉ,750300766,CLINIQUE BIZET,M12,11 640,4 844,6 796,3 277,"38,8 %","57,08","1,72","1,0 %"
PRIVÉ,750300774,CLINIQUE JOUVENET,M12,12 439,3 760,8 679,0,"39,6 %","61,22","1,02","0,0 %"
PRIVÉ,750300840,CLINIQUE DE LA MUETTE,M12,13 653,4 920,8 733,1 à 10,"20,3 %","44,44","1,06","0,0 %"
PRIVÉ,750300857,CLINIQUE REMUSAT,M12,2 275,1 248,1 027,0,"35,4 %","51,07","2,05","0,2 %"
PRIVÉ,750300881,CLINIQUE DU TROCADERO,M12,14 954,3 311,11 643,1 à 10,"37,9 %","50,78","0,42","0,0 %"
PRIVÉ,750300915,CLINIQUE INTERNATIONALE PARC MONCEAU,M12,11 732,4 257,7 475,16 818,"53,7 %","60,73","0,41","0,0 %"
PRIVÉ,750300931,CLINIQUE SAINTE-THERESE,M12,3 892,2 927,965,0,"18,1 %","22,63","2,87","0,0 %"
PRIVÉ,750301137,CLINIQUE ALLERAY LABROUSTE,M12,11 825,6 611,5 214,3 543,"44,5 %","65,29","1,91","0,7 %"
PRIVÉ,750301145,CLINIQUE DU MONT LOUIS,M12,18 627,3 817,14 810,43,"43,3 %","52,13","0,71","0,1 %"
PRIVÉ,750301160,CLINIQUE DES MAUSSINS,M12,6 174,3 499,2 675,114,"55,7 %","47,70","2,16","0,0 %"
PRIVÉ,750790164,CLINIQUE ROOSEVELT,M12,135,0,135,0,"48,9 %","72,50","0,00","0,0 %"
PRIVÉ,750829053,CENTRE D'AUTODIALYSE CLINIQUE ALMA,M12,0,0,0,3 616,"61,6 %","54,43","0,00","0,0 %"
PRIVÉ,760021329,HÔPITAL PRIVÉ DE L'ESTUAIRE,M12,26 347,12 964,13 383,27 099,"52,3 %","63,43","1,18","0,7 %"
PRIVÉ,760025312,CLINIQUE MATHILDE,M12,33 254,12 632,20 622,5 277,"37,0 %","50,04","1,26","0,2 %"
PRIVÉ,760027292,POLYCLINIQUE MEGIVAL,M12,8 423,3 237,5 186,1 366,"51,7 %","58,70","1,38","0,4 %"
PRIVÉ,760780197,CLINIQUE LES AUBEPINES,M12,2 190,1 621,569,319,"12,8 %","35,22","2,54","0,3 %"
PRIVÉ,760780205,CLINIQUE SAINT ANTOINE,M12,3 788,1 530,2 258,0,"37,4 %","40,85","1,36","0,0 %"
PRIVÉ,760780510,CLINIQUE DU CEDRE,M12,15 944,7 076,8 868,1 871,"51,1 %","59,63","1,60","0,5 %"
PRIVÉ,760780619,CLINIQUE SAINT HILAIRE,M12,23 434,10 125,13 309,3 859,"47,9 %","60,25","1,23","0,6 %"
PRIVÉ,760780668,CLINIQUE HEMERA PAYS DE CAUX,M12,2 579,186,2 393,41,"45,0 %","58,60","0,12","0,0 %"
PRIVÉ,760780783,CLINIQUE TOUS VENTS,M12,4 618,1 725,2 893,41,"47,0 %","54,54","1,59","0,4 %"
PRIVÉ,760780791,CLINIQUE DES ORMEAUX,M12,12 271,5 120,7 151,6 681,"45,1 %","57,60","1,21","0,7 %"
PRIVÉ,760780825,CLINIQUE DE L'ABBAYE,M12,5 010,2 044,2 966,0,"48,3 %","52,58","1,50","0,1 %"
PRIVÉ,760783159,CLINIQUE DES ESSARTS,M12,1 049,1 048,1 à 10,0,"76,3 %","44,99","6,12","0,0 %"
PRIVÉ,760921809,CLINIQUE DE L'EUROPE,M12,22 821,9 918,12 903,21 128,"45,8 %","60,90","0,95","0,2 %"
PRIVÉ,770016087,CENTRE DIALYSE DIAVERUM MONTEREAU,M12,0,0,0,13 344,"52,5 %","72,01","0,00","0,0 %"
PRIVÉ,770020055,CENTRE NEPHROCARE MARNE LA VALLEE,M12,0,0,0,27 879,"58,7 %","65,10","0,00","0,0 %"
PRIVÉ,770300010,HÔPITAL PRIVÉ DE MARNE CHANTEREINE,M12,12 528,4 063,8 465,1 168,"45,3 %","52,56","2,39","1,2 %"
PRIVÉ,770300135,CLINIQUE MÉDICO-CHIRURGICALE LES FONTAINES,M12,8 078,4 454,3 624,1 à 10,"56,1 %","55,87","2,31","0,4 %"
PRIVÉ,770300143,POLYCLINIQUE SAINT JEAN,M12,8 128,2 998,5 130,4 370,"47,4 %","56,35","1,18","0,6 %"
PRIVÉ,770300192,CLINIQUE ST BRICE,M12,6 306,1 538,4 768,125,"46,2 %","54,66","0,65","0,0 %"
PRIVÉ,770300275,POLYCLINIQUE DE LA FORET,M12,9 141,2 685,6 456,1 044,"48,4 %","56,73","0,86","0,0 %"
PRIVÉ,770300283,CLINIQUE CHIRURGICALE ERMITAGE,M12,8 469,2 191,6 278,178,"51,5 %","56,39","0,86","0,0 %"
PRIVÉ,770790707,CLINIQUE DE TOURNAN,M12,10 827,4 777,6 050,11 171,"50,4 %","58,03","1,07","0,2 %"
PRIVÉ,770813400,CLINIQUE SAINT FARON,M12,9 107,2 492,6 615,2 889,"43,6 %","56,53","0,98","0,7 %"
PRIVÉ,780008298,CLINIQUE SAINT REMY,M12,260,258,1 à 10,0,"32,7 %","86,23","15,73","8,1 %"
PRIVÉ,780018727,CLINIQUE SAINT GERMAIN,M12,7 951,3 820,4 131,11 546,"47,5 %","59,20","0,92","0,2 %"
PRIVÉ,780022737,POLYCLINIQUE DE MAISONS LAFFITTE,M12,768,648,120,135,"33,7 %","71,50","6,26","2,5 %"
PRIVÉ,780300075,CENTRE CARDIOLOGIQUE D EVECQUEMONT,M12,3 821,3 704,117,0,"62,7 %","68,82","5,17","1,4 %"
PRIVÉ,780300125,POLYCLINIQUE LA REGION MANTAISE,M12,9 613,2 881,6 732,19,"53,8 %","51,22","1,52","0,3 %"
PRIVÉ,780300208,CLINIQUE SAINT LOUIS,M12,11 404,4 037,7 367,853,"47,8 %","45,30","1,37","0,2 %"
PRIVÉ,780300323,CLINIQUE DES FRANCISCAINES,M12,14 139,9 211,4 928,1 à 10,"45,2 %","41,15","2,80","0,2 %"
PRIVÉ,780300364,CLINIQUE DU CHATEAU DE LA MAYE,M12,15 576,1 053,14 523,0,"44,1 %","53,09","0,10","0,0 %"
PRIVÉ,780300406,CENTRE MÉDICO-CHIRURGICAL DE PARLY II,M12,18 566,9 711,8 855,0,"47,0 %","53,76","2,72","0,6 %"
PRIVÉ,780300414,CENTRE MÉDICO-CHIRURGICAL EUROPE,M12,19 475,7 553,11 922,18 506,"52,7 %","62,96","1,28","0,8 %"
PRIVÉ,780300422,HÔPITAL PRIVÉ OUEST,M12,27 547,10 451,17 096,19 420,"54,4 %","57,19","1,02","0,3 %"
PRIVÉ,780300455,CH PRIVÉ DU MONTGARDE,M12,10 960,2 283,8 677,68,"54,0 %","49,01","0,59","0,1 %"
PRIVÉ,790009948,POLYCLINIQUE INKERMANN,M12,17 427,8 297,9 130,157,"47,7 %","57,69","2,12","0,3 %"
PRIVÉ,800002503,SA SAINTE ISABELLE,M12,8 893,3 160,5 733,19 781,"57,3 %","66,60","0,42","0,0 %"
PRIVÉ,800009466,POLYCLINIQUE DE PICARDIE,M12,15 370,6 724,8 646,721,"51,8 %","53,28","1,72","0,4 %"
PRIVÉ,800009920,SA CLINIQUE VICTOR PAUCHET,M12,25 785,13 986,11 799,282,"36,7 %","45,21","2,29","0,4 %"
PRIVÉ,800013179,SAS CLINIQUE DE L'EUROPE,M12,6 524,2 585,3 939,9 657,"44,4 %","62,02","0,67","1,1 %"
PRIVÉ,800015729,SAS CARDIOLOGIE ET URGENCES,M12,5 038,4 119,919,0,"58,1 %","66,45","2,59","1,3 %"
PRIVÉ,800018491,CCO SOPP AMIENS,M12,3 381,0,3 381,0,"40,5 %","70,69","0,00","0,0 %"
PRIVÉ,810000224,CENTRE MÉDICO CHIRURGICAL ET OBSTÉTRICAL CLAUDE BERNARD,M12,21 459,12 769,8 690,29 415,"55,9 %","68,11","1,23","0,8 %"
PRIVÉ,810101170,CLINIQUE TOULOUSE LAUTREC,M12,10 214,4 629,5 585,338,"56,5 %","62,70","1,59","0,2 %"
PRIVÉ,810101444,CLINIQUE DU SIDOBRE,M12,12 922,5 643,7 279,283,"52,8 %","61,44","1,70","0,3 %"
PRIVÉ,820000040,CLINIQUE CROIX SAINT MICHEL,M12,11 086,5 372,5 714,0,"39,3 %","46,51","2,08","0,5 %"
PRIVÉ,820000057,CLINIQUE DU PONT DE CHAUME,M12,22 248,13 306,8 942,22 037,"52,0 %","63,81","1,44","0,8 %"
PRIVÉ,820000065,CLINIQUE DU DOCTEUR CAVE,M12,8 052,1 534,6 518,0,"47,8 %","60,33","0,37","0,0 %"
PRIVÉ,830012688,CENTRE NÉPHROLOGIQUE LES FLEURS,M12,0,0,0,24 619,"69,4 %","74,17","0,00","0,0 %"
PRIVÉ,830100103,CLINIQUE STE MARGUERITE,M12,13 607,4 339,9 268,20 253,"55,8 %","65,62","0,63","0,3 %"
PRIVÉ,830100251,CLINIQUE DU CAP D'OR,M12,8 963,3 514,5 449,4 140,"46,0 %","61,21","1,36","1,2 %"
PRIVÉ,830100319,POLYCLINIQUE LES FLEURS,M12,17 118,9 578,7 540,73,"59,6 %","65,56","2,44","1,1 %"
PRIVÉ,830100327,CLINIQUE LES LAURIERS,M12,8 543,1 724,6 819,1 à 10,"45,8 %","59,06","0,59","0,0 %"
PRIVÉ,830100368,CLINIQUE CHIRURGICALE DU GOLFE DE SAINT TROPEZ,M12,6 750,1 901,4 849,120,"51,7 %","59,50","1,15","0,1 %"
PRIVÉ,830100392,POLYCLINIQUE NOTRE DAME,M12,13 082,4 978,8 104,160,"55,3 %","62,69","1,60","0,6 %"
PRIVÉ,830100418,CLINIQUE NOTRE DAME DE LA MERCI,M12,5 442,1 159,4 283,0,"43,9 %","60,05","0,63","0,0 %"
PRIVÉ,830100434,CLINIQUE SAINT JEAN,M12,26 138,8 932,17 206,4 711,"37,4 %","47,69","1,15","0,4 %"
PRIVÉ,830100459,CLINIQUE SAINT MICHEL,M12,15 279,3 512,11 767,26,"42,5 %","56,66","0,59","0,0 %"
PRIVÉ,830100475,CLINIQUE SAINT ROCH,M12,6 754,2 534,4 220,19,"43,5 %","54,33","1,40","0,0 %"
PRIVÉ,830100855,CENTRE DE GÉRONTOLOGIE ST.FRANCOIS,M12,1 058,1 054,1 à 10,0,"36,7 %","83,72","11,51","4,4 %"
PRIVÉ,830215687,DIAVERUM DRAGUIGNAN CENTRE DE DIALYSE,M12,0,0,0,18 270,"68,9 %","72,92","0,00","0,0 %"
PRIVÉ,840000285,POLYCLINIQUE URBAIN V,M12,14 012,6 476,7 536,46,"25,4 %","45,23","1,55","0,0 %"
PRIVÉ,840000327,CLINIQUE DU DR MONTAGARD,M12,2 498,1 828,670,0,"46,0 %","57,53","3,48","0,0 %"
PRIVÉ,840000400,SYNERGIA LUBERON,M12,8 480,2 250,6 230,34,"47,1 %","57,38","1,01","0,1 %"
PRIVÉ,840000467,CAPIO CLINIQUE D'ORANGE,M12,9 464,2 287,7 177,52,"48,9 %","55,68","0,75","0,0 %"
PRIVÉ,840007850,ATIR CENTRE DE DIALYSE,M12,0,0,0,12 933,"65,9 %","63,45","0,00","0,0 %"
PRIVÉ,840011043,CENTRE D'HEMODIALYSE DE L'ATIR,M12,0,0,0,18 053,"54,5 %","73,56","0,00","0,0 %"
PRIVÉ,840013312,CLINIQUE RHONE DURANCE,M12,9 846,7 325,2 521,416,"67,6 %","66,50","2,43","0,5 %"
PRIVÉ,840013445,CLINIQUE FONTVERT ST FRANCOIS,M12,16 712,2 223,14 489,43,"48,6 %","52,86","0,27","0,0 %"
PRIVÉ,840017172,SYNERGIA VENTOUX,M12,9 845,3 392,6 453,0,"51,1 %","56,40","1,38","0,1 %"
PRIVÉ,840017222,ATIR CENTRE D'HÉMODIALYSE,M12,0,0,0,16 940,"69,9 %","71,38","0,00","0,0 %"
PRIVÉ,840017461,HEMODIALYSE ATIR CH ORANGE,M12,0,0,0,14 507,"75,8 %","72,77","0,00","0,0 %"
PRIVÉ,840018774,ATIR UNITE DIALYSE MEDIC CAVAILLON,M12,0,0,0,1 388,"81,8 %","74,68","0,00","0,0 %"
PRIVÉ,850000118,CLINIQUE SAINT CHARLES,M12,21 257,8 044,13 213,0,"46,1 %","50,74","1,40","0,3 %"
PRIVÉ,850000126,CLINIQUE SUD VENDEE,M12,9 617,3 215,6 402,12,"48,5 %","57,84","1,16","0,2 %"
PRIVÉ,850000134,CLINIQUE CHIRURGICALE PORTE OCEANE,M12,9 584,4 074,5 510,0,"50,3 %","60,64","2,03","0,3 %"
PRIVÉ,850009333,DIALYSE ECHO LA ROCHE SUR YON,M12,0,0,0,12 596,"62,3 %","69,09","0,00","0,0 %"
PRIVÉ,850011271,DIALYSE ECHO CHALLANS,M12,0,0,0,7 272,"70,8 %","70,02","0,00","0,0 %"
PRIVÉ,850022047,DIALYSE ECHO ILE D'YEU,M12,0,0,0,534,"53,2 %","71,06","0,00","0,0 %"
PRIVÉ,850023151,DIALYSE ECHO FONTENAY LE COMTE,M12,0,0,0,4 404,"56,8 %","67,98","0,00","0,0 %"
PRIVÉ,850025156,CENTRE DIALYSE ECHO OLONNES SUR MER,M12,0,0,0,11 570,"70,2 %","70,00","0,00","0,0 %"
PRIVÉ,860010321,POLYCLINIQUE DE POITIERS,M12,24 667,10 057,14 610,133,"52,2 %","53,15","1,65","0,4 %"
PRIVÉ,860780311,CLINIQUE DE CHATELLERAULT,M12,9 400,3 236,6 164,1 à 10,"46,6 %","57,20","1,36","0,1 %"
PRIVÉ,860780568,CLINIQUE FIEF DE GRIMOIRE,M12,8 227,4 175,4 052,11,"24,8 %","46,26","1,45","0,1 %"
PRIVÉ,870000080,UNITÉ DE DIALYSE LIMOGES BUISSON,M12,0,0,0,11 313,"56,7 %","71,57","0,00","0,0 %"
PRIVÉ,870000288,CLINIQUE FRANÇOIS CHENIEUX,M12,36 723,19 042,17 681,9 221,"50,3 %","63,14","2,10","0,9 %"
PRIVÉ,870000411,CLINIQUE EMAILLEURS-COLOMBIER LIMOGES,M12,11 348,6 568,4 780,140,"36,3 %","46,26","2,42","0,1 %"
PRIVÉ,880788591,POLYCLINIQUE LA LIGNE BLEUE,M12,21 429,10 723,10 706,15 689,"49,3 %","59,08","1,24","0,1 %"
PRIVÉ,890000169,CLINIQUE PAUL PICQUET SENS,M12,12 615,4 515,8 100,1 941,"46,5 %","55,57","1,20","0,4 %"
PRIVÉ,890002389,POLYCLINIQUE STE MARGUERITE AUXERRE,M12,11 106,3 173,7 933,2 280,"51,3 %","61,52","1,08","0,6 %"
PRIVÉ,900000035,HÔPITAL PRIVÉ DE LA MIOTTE,M12,12 991,3 590,9 401,47,"49,8 %","53,27","0,83","0,0 %"
PRIVÉ,910002609,CENTRE D'HEMODIALYSE D'ATHIS,M12,0,0,0,11 215,"58,8 %","68,64","0,00","0,0 %"
PRIVÉ,910009349,CENTRE D'HEMODIALYSE D ETAMPES,M12,0,0,0,16 703,"71,3 %","69,79","0,00","0,0 %"
PRIVÉ,910015965,CLINIQUE LE MOULIN DE VIRY,M12,424,424,0,0,"31,6 %","84,66","11,16","0,5 %"
PRIVÉ,910300011,CLINIQUE DES CHARMILLES,M12,13 219,1 769,11 450,15,"47,9 %","51,08","0,35","0,0 %"
PRIVÉ,910300029,HÔPITAL D ATHIS MONS SITE JULES VALLES,M12,983,972,11,0,"41,0 %","78,79","8,43","3,8 %"
PRIVÉ,910300060,CLINIQUE GERIATRIQUE LES VALLEES,M12,242,240,1 à 10,0,"29,8 %","86,21","15,05","4,1 %"
PRIVÉ,910300144,CENTRE MÉDICO-CHIRURGICAL ET OBST,M12,16 379,6 517,9 862,26 423,"54,2 %","58,39","0,76","0,2 %"
PRIVÉ,910300177,CLINIQUE DE L'YVETTE,M12,18 588,7 337,11 251,29,"43,3 %","46,18","1,41","0,0 %"
PRIVÉ,910300219,HÔPITAL PRIVÉ JACQUES CARTIER,M12,22 202,11 577,10 625,11 164,"57,6 %","61,72","2,23","0,9 %"
PRIVÉ,910300300,HÔPITAL PRIVÉ DU VAL D'YERRES,M12,5 212,2 886,2 326,1 203,"48,4 %","62,03","4,19","2,7 %"
PRIVÉ,910300326,CLINIQUE PASTEUR,M12,567,552,15,3 052,"35,6 %","65,85","0,75","1,8 %"
PRIVÉ,910300359,HÔPITAL PRIVÉ D ATHIS MONS,M12,7 140,2 804,4 336,1 à 10,"41,5 %","38,16","1,60","0,0 %"
PRIVÉ,910803543,CH PRIVÉ CLAUDE GALIEN,M12,23 015,11 492,11 523,19 351,"51,4 %","58,07","1,47","0,6 %"
PRIVÉ,910805357,CLINIQUE DE L ESSONNE,M12,13 035,3 833,9 202,146,"47,6 %","39,68","1,09","0,0 %"
PRIVÉ,910813963,UNITÉ D'AUTODIALYSE DE BIEVRES,M12,0,0,0,5 440,"64,8 %","57,43","0,00","0,0 %"
PRIVÉ,920008539,HÔPITAL AMERICAIN 2,M12,1 à 10,0,1 à 10,9 367,"52,0 %","70,20","0,00","0,0 %"
PRIVÉ,920025210,UNITÉ D'AUTODIALYSE A.U.R.A. ISSY LES MOULINEAUX,M12,0,0,0,5 308,"72,5 %","56,16","0,00","0,0 %"
PRIVÉ,920300043,HÔPITAL PRIVÉ D ANTONY,M12,48 745,22 135,26 610,24 758,"47,6 %","53,90","1,49","0,5 %"
PRIVÉ,920300183,CENTRE CHIRURGICAL DES PRINCES,M12,12 648,873,11 775,1 à 10,"39,3 %","54,02","0,14","0,0 %"
PRIVÉ,920300191,C.C.B.B. MARCEL SEMBAT,M12,10 295,2 061,8 234,61,"64,3 %","26,17","0,52","0,0 %"
PRIVÉ,920300266,CLINIQUE DU PLATEAU,M12,1 295,1 121,174,1 à 10,"40,3 %","72,75","3,21","7,2 %"
PRIVÉ,920300365,CLINIQUE LA MONTAGNE,M12,10 472,2 209,8 263,0,"49,8 %","44,14","0,49","0,0 %"
PRIVÉ,920300415,CLINIQUE LAMBERT,M12,9 452,3 559,5 893,21 187,"47,5 %","60,93","0,64","0,2 %"
PRIVÉ,920300597,CLINIQUE DE MEUDON LA FORET,M12,14 597,4 598,9 999,2 201,"48,7 %","57,94","1,38","0,6 %"
PRIVÉ,920300670,CLINIQUE SAINTE ISABELLE,M7,1 838,851,987,0,"30,7 %","38,37","1,05","0,0 %"
PRIVÉ,920300712,CENTRE CHIRURGICAL P. CHEREST,M12,8 925,1 733,7 192,0,"35,0 %","57,71","0,24","0,0 %"
PRIVÉ,920300753,CENTRE CHIRURGICAL AMBROISE PARE,M12,14 731,11 714,3 017,9 252,"58,7 %","68,46","2,30","0,5 %"
PRIVÉ,920300761,CLINIQUE HARTMANN,M12,13 554,3 934,9 620,7 780,"33,9 %","54,44","0,77","0,5 %"
PRIVÉ,920300787,HÔPITAL AMERICAIN,M12,14 417,7 293,7 124,1 737,"44,2 %","51,44","2,47","1,1 %"
PRIVÉ,920300837,CLINIQUE LES MARTINETS,M12,10 778,2 452,8 326,12 422,"52,5 %","57,98","0,33","0,0 %"
PRIVÉ,920300936,CENTRE CHIRURGICAL VAL D'OR,M12,6 171,3 179,2 992,1 à 10,"50,6 %","58,71","3,12","1,0 %"
PRIVÉ,920301033,CENTRE CANCEROLOGIE DE LA PORTE ST CLOUD,M12,351,349,1 à 10,6 873,"32,8 %","62,61","0,16","0,1 %"
PRIVÉ,920803798,CLINIQUE DE LA DEFENSE,M12,269,267,1 à 10,0,"49,4 %","67,16","26,81","34,2 %"
PRIVÉ,920811775,UNITÉ D'AUTODIALYSE DE SURESNES,M12,0,0,0,8 042,"66,4 %","60,06","0,00","0,0 %"
PRIVÉ,930014428,CENTRE DE DIALYSE DE L'ESTREE,M12,0,0,0,11 327,"64,0 %","66,94","0,00","0,0 %"
PRIVÉ,930022603,CENTRE DE DIALYSE DE MONTFERMEIL,M12,0,0,0,8 930,"54,6 %","65,96","0,00","0,0 %"
PRIVÉ,930300025,HÔPITAL EUROPEEN LA ROSERAIE,M12,14 570,8 646,5 924,20 576,"61,2 %","57,08","1,45","0,6 %"
PRIVÉ,930300066,HÔPITAL PRIVÉ DE L EST PARISIEN,M12,14 220,5 345,8 875,38 550,"61,9 %","65,10","0,52","0,1 %"
PRIVÉ,930300082,CENTRE CHIRURGICAL FLOREAL,M12,13 966,3 139,10 827,1 975,"55,4 %","45,93","0,97","0,4 %"
PRIVÉ,930300116,HÔPITAL PRIVÉ DE SEINE ST DENIS,M12,21 293,10 382,10 911,1 554,"41,0 %","38,41","2,30","0,3 %"
PRIVÉ,930300264,CLINIQUE LES LILAS,M12,6 117,2 713,3 404,0,"52,7 %","46,43","1,59","0,0 %"
PRIVÉ,930300298,POLYCLINIQUE VAUBAN,M12,13 843,5 234,8 609,34,"42,2 %","35,97","1,40","0,1 %"
PRIVÉ,930300504,CLINIQUE HOFFMANN,M2,886,381,505,0,"50,7 %","60,47","5,77","2,3 %"
PRIVÉ,930300553,CLINIQUE DE L'ESTREE,M12,18 676,10 214,8 462,1 963,"42,8 %","40,77","2,78","0,5 %"
PRIVÉ,930300587,CLINIQUE DU LANDY,M12,7 326,1 232,6 094,19 472,"44,9 %","64,72","0,22","0,0 %"
PRIVÉ,930300595,CLINIQUE DU VERT GALANT,M12,14 403,5 903,8 500,18 517,"48,5 %","58,82","0,96","0,4 %"
PRIVÉ,930300629,CLINIQUE DE LA DHUYS,M12,1 463,828,635,0,"27,6 %","58,70","5,07","3,0 %"
PRIVÉ,930300645,CENTRE CARDIOLOGIQUE DU NORD,M12,14 661,10 213,4 448,1 à 10,"61,2 %","64,90","3,69","1,0 %"
PRIVÉ,930815618,CENTRE D'HEMODIALYSE AURA ST OUEN,M12,0,0,0,26 781,"65,6 %","58,13","0,00","0,0 %"
PRIVÉ,940000078,UNITÉ D'AUTODIALYSE DE CRETEIL,M12,0,0,0,10 969,"62,5 %","57,98","0,00","0,0 %"
PRIVÉ,940006679,HÔPITAL PRIVÉ DE MARNE-LA-VALLÉE,M12,18 589,7 926,10 663,12 858,"46,6 %","49,73","1,04","0,1 %"
PRIVÉ,940300031,HÔPITAL PRIVÉ PAUL D'EGINE,M12,24 098,6 889,17 209,18 403,"52,4 %","58,96","0,79","0,4 %"
PRIVÉ,940300163,CLINIQUE LES TOURNELLES,M12,488,487,1 à 10,0,"26,0 %","85,25","13,89","2,0 %"
PRIVÉ,940300270,HÔPITAL PRIVÉ ARMAND BRILLARD,M12,20 828,10 196,10 632,16 328,"41,2 %","57,08","1,25","0,3 %"
PRIVÉ,940300379,CLINIQUE GASTON METIVET,M12,10 338,4 743,5 595,21,"37,3 %","48,32","2,00","0,2 %"
PRIVÉ,940300445,CLINIQUE DU SUD,M12,6 732,2 816,3 916,20 512,"58,0 %","66,38","0,65","0,3 %"
PRIVÉ,940300452,CLINIQUE MEDICALE DE DIETETIQUE,M12,2 393,2 392,1 à 10,0,"20,8 %","49,43","3,82","0,0 %"
PRIVÉ,940300494,POLYCLINIQUE DE VILLENEUVE ST GEORGES,M12,8 014,3 011,5 003,31 529,"58,4 %","64,38","0,34","0,1 %"
PRIVÉ,940300551,HÔPITAL PRIVÉ DE VITRY SITE NORIETS,M12,5 676,3 575,2 101,15,"21,9 %","29,65","2,49","0,2 %"
PRIVÉ,940300569,HÔPITAL PRIVÉ DE VITRY SITE PASTEUR,M12,8 740,3 454,5 286,1 à 10,"52,2 %","49,24","2,48","0,6 %"
PRIVÉ,940813017,UNITÉ D'AUTODIALYSE DE VILLEJUIF,M12,0,0,0,11 992,"75,7 %","57,95","0,00","0,0 %"
PRIVÉ,940813033,CLINIQUE DE BERCY,M12,13 924,2 399,11 525,261,"45,8 %","49,68","0,45","0,0 %"
PRIVÉ,950032714,CLINIQUE AMBULATOIRE DE DOMONT,M12,853,0,853,0,"45,1 %","51,95","0,00","0,0 %"
PRIVÉ,950300095,POLYCLINIQUE DU PLATEAU,M12,6 288,1 661,4 627,21 650,"52,6 %","66,61","0,36","0,1 %"
PRIVÉ,950300137,CLINIQUE DE DOMONT,M11,9 580,0,9 580,0,"45,1 %","54,21","0,00","0,0 %"
PRIVÉ,950300152,CLINIQUE MIRABEAU,M12,251,249,1 à 10,0,"39,4 %","83,28","8,85","10,8 %"
PRIVÉ,950300202,CLINIQUE CONTI,M12,16 452,5 167,11 285,105,"45,9 %","47,73","1,15","0,1 %"
PRIVÉ,950300244,CH PRIVÉ SAINTE MARIE,M12,22 530,5 742,16 788,6 462,"47,4 %","52,56","0,95","0,6 %"
PRIVÉ,950300277,HÔPITAL PRIVÉ NORD PARISIEN,M12,19 565,7 364,12 201,25 613,"49,1 %","54,93","0,73","0,1 %"
PRIVÉ,950300301,CLINIQUE MEDICALE DU PARC ST OUEN,M12,312,307,1 à 10,969,"57,4 %","62,77","2,56","9,7 %"
PRIVÉ,950300350,CLINIQUE DU PARISIS,M12,4 465,699,3 766,7 941,"59,5 %","60,60","0,31","0,2 %"
PRIVÉ,950807982,CLINIQUE CLAUDE BERNARD,M12,28 954,10 819,18 135,12 037,"50,5 %","51,79","1,03","0,3 %"
PRIVÉ,970100012,POLYCLINIQUE DE LA GUADELOUPE,M12,12 256,6 104,6 152,30,"38,7 %","54,06","1,89","0,0 %"
PRIVÉ,970100020,CENTRE MEDICO-SOCIAL,M12,7 238,1 542,5 696,161,"32,6 %","56,27","0,85","0,3 %"
PRIVÉ,970100111,LES NOUVELLES EAUX VIVES,M12,0,0,0,19 422,"55,5 %","67,70","0,00","0,0 %"
PRIVÉ,970100137,POLYCLINIQUE SAINT-CHRISTOPHE,M12,348,347,1 à 10,0,"55,7 %","75,27","5,70","2,6 %"
PRIVÉ,970102596,CLINIQUE DE CHOISY,M12,2 329,1 052,1 277,44 824,"49,7 %","65,53","0,08","0,0 %"
PRIVÉ,970103099,CLINIQUE LES NOUVELLES EAUX-MARINES,M12,423,422,1 à 10,0,"39,7 %","71,22","6,81","0,0 %"
PRIVÉ,970107249,CLINIQUE LES EAUX CLAIRES,M12,26 118,10 462,15 656,150,"38,6 %","51,45","1,49","0,2 %"
PRIVÉ,970107454,A.U.D.R.A.,M12,0,0,0,37 973,"56,3 %","62,64","0,00","0,0 %"
PRIVÉ,970111662,GGCO,M12,0,0,0,5 039,"38,2 %","60,87","0,00","0,0 %"
PRIVÉ,970202313,CLINIQUE SAINT PAUL,M12,17 394,5 762,11 632,0,"38,5 %","52,79","1,29","0,0 %"
PRIVÉ,970202321,SA CLINIQUE SAINTE MARIE,M12,6 931,3 285,3 646,0,"36,8 %","50,26","2,87","0,8 %"
PRIVÉ,970203774,STEER SARL,M12,0,0,0,15 140,"69,2 %","63,65","0,00","0,0 %"
PRIVÉ,970209219,E.T.E.E.R.,M12,0,0,0,12 390,"64,7 %","67,91","0,00","0,0 %"
PRIVÉ,970302055,HÔPITAL PRIVÉ SAINT-GABRIEL,M12,5 462,2 184,3 278,11 578,"53,7 %","55,27","0,48","0,0 %"
PRIVÉ,970302071,CLINIQUE SAINT-PAUL,M12,76,75,1 à 10,0,"38,2 %","69,51","3,13","0,0 %"
PRIVÉ,970404018,CENTRE D'HEMODIALYSE MG DURIEUX,M12,0,0,0,13 977,"54,9 %","70,14","0,00","0,0 %"
PRIVÉ,970404109,INSTITUT ROBERT DEBRE,M12,544,544,0,0,"91,4 %","45,45","6,76","0,0 %"
PRIVÉ,970404158,CENTRE UDM-UAD,M12,0,0,0,13 728,"42,5 %","69,38","0,00","0,0 %"
PRIVÉ,970404844,CLINIQUE SAINT-VINCENT,M12,7 050,1 112,5 938,28,"40,5 %","48,54","0,24","0,0 %"
PRIVÉ,970405064,CENTRE,M12,0,0,0,11 304,"51,3 %","71,72","0,00","0,0 %"
PRIVÉ,970405411,SODIA DELPRA,M12,0,0,0,26 329,"57,5 %","64,54","0,00","0,0 %"
PRIVÉ,970405452,SODIA JEANNE D'ARC,M12,0,0,0,22 095,"47,0 %","68,10","0,00","0,0 %"
PRIVÉ,970462024,CLINIQUE JEANNE D'ARC,M12,4 618,3 443,1 175,69,"14,3 %","22,15","3,00","0,1 %"
PRIVÉ,970462073,CLINIQUE DURIEUX,M12,15 293,4 714,10 579,32,"42,2 %","44,88","0,90","0,0 %"
PRIVÉ,970462081,CLINIQUE LES ORCHIDEES,M12,12 435,4 048,8 387,2 526,"46,2 %","45,52","0,77","0,0 %"
PRIVÉ,970462107,CLINIQUE SAINTE CLOTILDE,M12,25 041,17 107,7 934,4 853,"42,2 %","49,95","2,41","0,7 %"
PRIVÉ,970466751,SARL AVICENNE,M12,3 455,0,3 455,0,"46,5 %","60,11","0,00","0,0 %"
PRIVÉ,980500763,UNITÉ D'AUTODIALYSE MAMOUDZOU,M12,0,0,0,8 226,"56,6 %","61,44","0,00","0,0 %"
,,Total,,NA,NA,NA,NA,"50,2 %","58,52","1,15","0,4 %"
