﻿Catégorie,Finess,Raison Sociale,Période,Nombre de séjoursséances total,Nombre de séjours en hospit complète,Nombre de séjours en hospit partielle,Nombre de séances,Sexe ratio (% homme),Age moyen,Durée moyenne de séjour,% décès
PRIVÉ,010007300,CLINIQUE AMBULATOIRE CENDANEG,M12,2 283,0,2 283,0,"47,0 %","62,42","0,00","0,0 %"
PRIVÉ,010780195,CLINIQUE CONVERT BOURG-EN-B.,M12,19 354,8 410,10 944,3 196,"51,0 %","59,10","1,47","0,8 %"
PRIVÉ,010780203,HÔPITAL PRIVÉ D'AMBERIEU,M12,12 313,6 815,5 498,194,"43,5 %","51,25","2,10","1,0 %"
PRIVÉ,010780294,NEPHROCARE CH BELLEY,M12,0,0,0,8 532,"66,3 %","68,08","0,00","0,0 %"
PRIVÉ,020000360,CLINIQUE SAINT CHRISTOPHE,M12,6 936,1 439,5 497,1 à 10,"51,6 %","52,60","0,61","0,0 %"
PRIVÉ,020010047,POLYCLINIQUE ST CLAUDE,M12,15 790,6 692,9 098,4 422,"43,5 %","55,90","1,47","0,6 %"
PRIVÉ,030780548,POLYCLINIQUE PERGOLA - VICHY,M12,7 609,2 188,5 421,45,"47,0 %","61,50","0,83","0,4 %"
PRIVÉ,030781116,CLINIQUE ST-FRANC ST ANT -DESERTINE,M12,15 881,7 578,8 303,5 947,"56,6 %","64,88","2,12","1,3 %"
PRIVÉ,030785430,POLYCLINIQUE ST-ODILON - MOULINS,M12,9 379,4 194,5 185,1 394,"49,6 %","61,97","1,25","0,6 %"
PRIVÉ,040780470,CLINIQUE CHIRURGICALE TOUTES AURES,M12,6 029,733,5 296,0,"47,2 %","60,47","0,47","0,0 %"
PRIVÉ,040784860,CENTRE D'HEMODIALYSE DES ALPES,M12,0,0,0,16 402,"65,0 %","71,65","0,00","0,0 %"
PRIVÉ,050000090,CLINIQUE DES HAUTES-ALPES,M12,11 750,2 169,9 581,435,"50,2 %","56,81","0,42","0,0 %"
PRIVÉ,060010949,AGAHTIR UDM ANTIBES,M12,0,0,0,9 178,"70,0 %","70,44","0,00","0,0 %"
PRIVÉ,060021276,AGAHTIR CENTRE D'HEMODIALYSE,M12,0,0,0,9 628,"51,9 %","75,66","0,00","0,0 %"
PRIVÉ,060021417,HÔPITAL PRIVÉ CANNES OXFORD,M12,16 702,3 445,13 257,233,"47,3 %","58,57","0,74","0,2 %"
PRIVÉ,060022845,UNITÉ DIALYSE MEDICALISEE INST TZANCK,M12,0,0,0,7 027,"63,7 %","70,71","0,00","0,0 %"
PRIVÉ,060780442,CLINIQUE SAINT FRANCOIS,M12,5 745,1 508,4 237,0,"41,8 %","56,93","0,31","0,0 %"
PRIVÉ,060780491,INSTITUT ARNAULT TZANCK,M12,17 109,7 109,10 000,1 à 10,"55,3 %","62,21","2,20","0,9 %"
PRIVÉ,060780517,POLYCLINIQUE SAINT-JEAN,M12,26 449,10 057,16 392,7 858,"44,1 %","57,94","1,29","0,7 %"
PRIVÉ,060780590,CLINIQUE DU PALAIS,M12,8 454,2 089,6 365,315,"50,3 %","56,55","0,76","0,1 %"
PRIVÉ,060780665,CLINIQUE LE MERIDIEN,M12,4 133,956,3 177,0,"45,8 %","57,27","1,47","0,7 %"
PRIVÉ,060780699,CLINIQUE MOZART,M12,2 068,0,2 068,19,"29,8 %","54,53","0,00","0,0 %"
PRIVÉ,060780715,CLINIQUE SAINT GEORGE,M12,36 374,17 487,18 887,9 410,"43,3 %","56,93","1,58","0,5 %"
PRIVÉ,060780723,CLINIQUE DU PARC IMPERIAL,M12,14 444,5 038,9 406,4 667,"49,0 %","61,72","0,93","0,3 %"
PRIVÉ,060780756,CLINIQUE SANTA MARIA,M12,14 072,6 747,7 325,14,"29,6 %","39,70","1,75","0,1 %"
PRIVÉ,060781200,CLINIQUE SAINT ANTOINE,M12,11 184,4 377,6 807,99,"41,5 %","62,22","2,16","1,2 %"
PRIVÉ,060785219,CLINIQUE PLEIN CIEL,M12,4 922,4 794,128,8 271,"43,7 %","67,91","2,54","2,3 %"
PRIVÉ,060791860,CENTRE D'HEMODIALYSE A TZANCK,M12,0,0,0,25 054,"65,0 %","70,84","0,00","0,0 %"
PRIVÉ,060792900,A TZANCK AUTODIALYSE MOUGINS,M12,0,0,0,2 767,"58,1 %","65,60","0,00","0,0 %"
PRIVÉ,060792926,CENTRE D'HEMODIALYSE LA RIVIERA ANTIBES,M12,0,0,0,11 717,"52,4 %","73,16","0,00","0,0 %"
PRIVÉ,060800166,HP A. TZANCK MOUGINS SOPHIA ANTIPOLIS,M12,16 278,4 450,11 828,173,"51,7 %","58,35","1,21","0,1 %"
PRIVÉ,070780168,CLINIQUE DU VIVARAIS,M12,5 632,1 467,4 165,16,"48,0 %","59,77","0,93","0,1 %"
PRIVÉ,070780408,CLINIQUE DES CEVENNES,M12,3 027,641,2 386,1 à 10,"50,4 %","55,30","0,56","0,0 %"
PRIVÉ,070780424,CLINIQUE PASTEUR,M12,17 922,9 383,8 539,15,"44,9 %","53,07","2,56","0,3 %"
PRIVÉ,100000082,CLINIQUE PAYS DE SEINE,M12,3 788,1 202,2 586,0,"45,8 %","57,74","1,04","0,4 %"
PRIVÉ,100000124,POLYCLINIQUE MONTIER LA CELLE,M12,8 568,4 239,4 329,176,"49,4 %","59,96","1,86","0,1 %"
PRIVÉ,100000157,CLINIQUE DES URSULINES,M12,4 957,804,4 153,138,"41,9 %","53,87","0,26","0,0 %"
PRIVÉ,100002351,CLINIQUE DE CHAMPAGNE - TROYES,M12,12 190,4 812,7 378,6 373,"48,7 %","55,50","0,86","0,2 %"
PRIVÉ,110007259,UDM HÔPITAL PRIVÉ DU GRAND NARBONNE,M12,0,0,0,3 647,"75,6 %","65,62","0,00","0,0 %"
PRIVÉ,110780228,HÔPITAL PRIVÉ DU GRAND NARBONNE,M12,20 152,8 886,11 266,19 073,"50,3 %","64,75","1,09","0,7 %"
PRIVÉ,110780483,CLINIQUE MONTREAL,M12,14 172,4 003,10 169,1 639,"49,9 %","61,68","1,02","1,2 %"
PRIVÉ,130008253,CLINIQUE DE VITROLLES,M12,9 312,4 406,4 906,283,"33,2 %","32,32","1,63","0,1 %"
PRIVÉ,130034531,DIAVERUM PROVENCE ARLES,M12,0,0,0,18 721,"62,2 %","73,29","0,00","0,0 %"
PRIVÉ,130037922,HPC RESIDENCE DU PARC,M12,8 808,4 012,4 796,290,"43,9 %","56,15","2,28","0,9 %"
PRIVÉ,130038003,DIALYSAIX - CENTRE D'HÉMODIALYSE D'AIX EN PROVENCE,M12,0,0,0,24 341,"66,8 %","74,65","0,00","0,0 %"
PRIVÉ,130041767,EUROMED CARDIO,M12,2 717,2 517,200,0,"63,8 %","68,95","3,83","1,0 %"
PRIVÉ,130042096,GCS CENTRE CARDIO AXIUM RAMBO,M12,3 187,3 041,146,0,"67,3 %","70,01","2,85","0,3 %"
PRIVÉ,130044753,CLINIQUE MONTICELLI VELODROME,M12,9 749,586,9 163,0,"45,3 %","61,32","0,08","0,0 %"
PRIVÉ,130781289,POLYCLINIQUE DU PARC RAMBOT LA PROVENCALE,M12,6 618,1 426,5 192,8 571,"45,4 %","58,52","0,56","0,5 %"
PRIVÉ,130781370,CLINIQUE JEANNE D'ARC,M12,7 910,2 323,5 587,236,"49,0 %","55,61","1,32","0,2 %"
PRIVÉ,130781479,CLINIQUE LA CASAMANCE,M12,20 457,10 157,10 300,3 929,"49,8 %","58,78","2,42","1,3 %"
PRIVÉ,130781867,CLINIQUE DE LA CIOTAT,M12,6 890,1 176,5 714,4 233,"52,0 %","63,34","0,30","0,0 %"
PRIVÉ,130782071,CLINIQUE DE L'ETANG DE L'OLIVIER,M12,9 254,2 728,6 526,13,"49,1 %","51,48","1,58","0,8 %"
PRIVÉ,130782147,CLINIQUE GENERALE DE MARIGNANE,M12,15 833,7 302,8 531,26,"53,3 %","61,29","2,69","1,9 %"
PRIVÉ,130782162,CLINIQUE DE MARTIGUES,M12,8 364,2 137,6 227,1 à 10,"49,5 %","56,05","0,89","0,2 %"
PRIVÉ,130782675,CLINIQUE CHIRURGICALE DU DR VIGNOLI,M12,8 230,1 008,7 222,0,"49,7 %","56,56","0,32","0,0 %"
PRIVÉ,130783327,CLINIQUE BOUCHARD,M12,18 695,8 951,9 744,24 505,"49,5 %","58,03","0,90","0,2 %"
PRIVÉ,130783723,CLINIQUE JUGE,M12,22 535,5 246,17 289,1 à 10,"44,8 %","50,75","0,51","0,0 %"
PRIVÉ,130783962,CLINIQUE WULFRAN PUGET,M6,2 326,156,2 170,0,"44,1 %","67,53","0,09","0,0 %"
PRIVÉ,130784051,POLYCLINIQUE CLAIRVAL,M12,15 136,12 207,2 929,15 884,"59,3 %","64,57","2,72","0,8 %"
PRIVÉ,130784481,DIAVERUM PROVENCE MARSEILLE 8E,M12,0,0,0,49 760,"58,9 %","72,16","0,00","0,0 %"
PRIVÉ,130784713,CLINIQUE BEAUREGARD,M12,23 413,13 106,10 307,6 055,"35,0 %","49,79","2,44","0,9 %"
PRIVÉ,130784903,CLINIQUE MÉDICO-CHIRURGICALE LA PHOCEANNE,M12,4 905,1 455,3 450,0,"38,2 %","66,40","2,51","0,2 %"
PRIVÉ,130785389,CLINIQUE CHANTECLER,M12,10 718,1 563,9 155,0,"52,0 %","54,17","0,47","0,0 %"
PRIVÉ,130785678,CLINIQUE VERT COTEAU,M12,8 001,2 833,5 168,1 968,"49,2 %","60,13","3,04","1,4 %"
PRIVÉ,130786361,POLYCLINIQUE DU PARC RAMBOT,M12,24 120,9 817,14 303,244,"53,9 %","59,93","1,98","0,7 %"
PRIVÉ,130789159,CENTRE CARDIO-VASCULAIRE VALMANT,M12,978,977,1 à 10,0,"41,8 %","82,32","10,29","4,6 %"
PRIVÉ,130809809,CENTRE D'HEMODIALYSE DE PROVENCE,M12,0,0,0,21 077,"57,7 %","73,20","0,00","0,0 %"
PRIVÉ,130810740,CLINIQUE AXIUM,M12,21 969,4 713,17 256,0,"49,6 %","53,80","1,00","0,4 %"
PRIVÉ,140000290,CLINIQUE NOTRE-DAME,M12,7 244,2 707,4 537,92,"46,9 %","59,78","1,46","0,2 %"
PRIVÉ,140016759,POLYCLINIQUE DU PARC,M12,24 706,13 211,11 495,4 576,"41,3 %","51,28","1,81","0,6 %"
PRIVÉ,140017237,CH PRIVÉ ST MARTIN CAEN,M12,37 177,14 918,22 259,15 337,"58,3 %","65,02","1,09","0,2 %"
PRIVÉ,140018730,POLYCLINIQUE DE LISIEUX,M12,6 879,1 918,4 961,0,"50,7 %","59,85","0,81","0,0 %"
PRIVÉ,140026709,POLYCLINIQUE DE DEAUVILLE-CRICQUEBOEUF,M12,5 032,1 745,3 287,1 à 10,"47,4 %","57,81","1,24","0,1 %"
PRIVÉ,150780120,CLINIQUE DU HAUT CANTAL,M12,443,441,1 à 10,0,"49,9 %","65,44","3,46","0,2 %"
PRIVÉ,150780732,CENTRE MÉDICO-CHIRURGICAL AURILLAC,M12,12 087,5 670,6 417,16 225,"56,2 %","67,66","1,38","0,7 %"
PRIVÉ,160000170,CLINIQUE SAINT JOSEPH ANGOULEME,M12,10 256,2 921,7 335,0,"49,1 %","57,45","0,89","0,0 %"
PRIVÉ,160000279,CLINIQUE DE COGNAC,M12,6 671,1 680,4 991,0,"45,8 %","55,65","0,95","0,1 %"
PRIVÉ,160013207,CENTRE CLINICAL,M12,19 479,7 608,11 871,4 482,"45,4 %","55,65","1,26","0,6 %"
PRIVÉ,170780563,ÉTABLISSEMENT DE SOINS PASTEUR - ROYAN,M12,11 788,4 847,6 941,665,"55,9 %","62,39","1,62","0,2 %"
PRIVÉ,170780613,SA CLINIQUE DU MAIL,M12,9 489,4 950,4 539,181,"39,7 %","48,49","1,53","0,1 %"
PRIVÉ,170780621,POLYCLINIQUE SAINT-GEORGES,M12,6 374,1 928,4 446,0,"46,5 %","63,31","1,31","0,2 %"
PRIVÉ,170780647,CLINIQUE RICHELIEU - SAINTES,M12,8 138,1 464,6 674,0,"44,8 %","58,05","0,47","0,0 %"
PRIVÉ,170780662,CLINIQUE DE L'ATLANTIQUE,M12,21 709,2 934,18 775,1 à 10,"45,0 %","60,87","0,31","0,0 %"
PRIVÉ,180000358,CLINIQUE DES GRAINETIERES,M12,5 797,1 933,3 864,768,"50,0 %","60,73","1,25","0,2 %"
PRIVÉ,180004145,HÔPITAL PRIVÉ GUILLAUME DE VARYE,M12,14 914,6 069,8 845,5 403,"44,6 %","56,85","1,43","0,8 %"
PRIVÉ,190000224,CLINIQUE LES CEDRES BRIVE,M12,15 267,6 707,8 560,199,"50,0 %","61,04","1,93","0,3 %"
PRIVÉ,190000257,CLINIQUE SAINT-GERMAIN BRIVE,M12,7 729,3 478,4 251,110,"35,6 %","45,59","1,59","0,1 %"
PRIVÉ,190010553,UNITÉ DE DIALYSE BRIVE,M12,0,0,0,14 205,"70,9 %","66,90","0,00","0,0 %"
PRIVÉ,200200145,POLYCLINIQUE LA RESIDENCE,M12,13 524,4 982,8 542,4 563,"45,2 %","55,51","1,33","0,6 %"
PRIVÉ,210011847,POLYCLINIQUE DU PARC DREVON,M12,13 603,4 277,9 326,4 663,"43,9 %","57,46","0,92","0,8 %"
PRIVÉ,210012670,HÔPITAL PRIVÉ DIJON BOURGOGNE,M12,15 331,6 353,8 978,84,"48,1 %","51,74","1,27","0,1 %"
PRIVÉ,210780110,CLINIQUE SAINTE MARTHE,M10,8 313,3 616,4 697,63,"36,7 %","40,73","1,51","0,0 %"
PRIVÉ,210780136,CLINIQUE MÉDICO-CHIRURGICALE DE CHENOVE,M10,7 239,2 749,4 490,89,"41,7 %","54,14","1,18","0,1 %"
PRIVÉ,210780789,CLINIQUE MUTUALISTE BENIGNE JOLY,M12,12 217,6 533,5 684,18 897,"61,4 %","63,90","1,07","0,4 %"
PRIVÉ,210780979,CLINIQUE DE FONTAINE,M10,9 765,3 770,5 995,26,"59,9 %","57,69","1,21","0,1 %"
PRIVÉ,220000111,POLYCLINIQUE DU TREGOR,M12,7 018,1 922,5 096,1 713,"49,3 %","62,29","0,82","0,1 %"
PRIVÉ,220005599,POLYCLINIQUE DU PAYS DE RANCE,M12,10 001,2 657,7 344,108,"48,5 %","62,29","0,96","0,1 %"
PRIVÉ,220013106,UNITÉ DIALYSE BEGARD AUB SANTÉ,M12,0,0,0,1 179,"57,3 %","62,21","0,00","0,0 %"
PRIVÉ,220013130,UNITÉ D'AUTODIALYSE PAIMPOL - AUB,M12,0,0,0,566,"97,3 %","66,74","0,00","0,0 %"
PRIVÉ,220013155,UNITÉ D'AUTODIALYSE SAINT ALBAN - AUB,M12,0,0,0,517,"98,1 %","72,13","0,00","0,0 %"
PRIVÉ,220016778,UNITÉ DIALYSE SAINT BRIEUC AUB SANTÉ,M12,0,0,0,11,"100,0 %","45,36","0,00","0,0 %"
PRIVÉ,220019558,UNIT DIALYSE LA BEAUCHÉE ST BRIEUC AUB,M12,0,0,0,6 927,"66,9 %","66,94","0,00","0,0 %"
PRIVÉ,220019848,UNITÉ DIALYSE LOUDEAC AUB SANTÉ,M12,0,0,0,903,"65,0 %","56,61","0,00","0,0 %"
PRIVÉ,220020507,UNITÉ DIALYSE LANNION AUB SANTÉ,M12,0,0,0,4 728,"65,4 %","73,44","0,00","0,0 %"
PRIVÉ,220021976,UNITÉ DIALYSE DINAN AUB SANTÉ,M12,0,0,0,1 705,"59,5 %","69,00","0,00","0,0 %"
PRIVÉ,220022800,HÔPITAL PRIVÉ DES COTES D'ARMOR,M12,26 974,11 098,15 876,11 371,"45,7 %","57,51","1,18","0,6 %"
PRIVÉ,230780157,CLINIQUE DE LA MARCHE GUERET,M12,4 283,1 180,3 103,76,"44,3 %","60,58","1,03","0,0 %"
PRIVÉ,240000190,POLYCLINIQUE FRANCHEVILLE,M12,15 737,6 240,9 497,7 368,"48,9 %","60,98","1,34","1,0 %"
PRIVÉ,240000208,CLINIQUE PASTEUR,M12,7 913,1 978,5 935,1 à 10,"51,3 %","63,50","0,95","0,1 %"
PRIVÉ,240000216,CLINIQUE DU PARC,M12,7 022,1 222,5 800,0,"44,5 %","59,18","0,62","0,0 %"
PRIVÉ,240006734,CENTRE D'HEMODIALYSE FRANCHEVILLE,M12,0,0,0,22 963,"59,4 %","72,89","0,00","0,0 %"
PRIVÉ,250000270,CLINIQUE SAINT-VINCENT,M12,26 446,10 452,15 994,1 à 10,"54,2 %","59,97","1,27","0,2 %"
PRIVÉ,250011848,POLYCLINIQUE DE FRANCHE COMTE,M12,18 659,8 628,10 031,1 927,"37,9 %","51,08","1,40","0,0 %"
PRIVÉ,260000260,CLINIQUE LA PARISIERE,M12,8 663,2 206,6 457,70,"52,1 %","56,46","0,71","0,0 %"
PRIVÉ,260003017,SA CLINIQUE KENNEDY,M12,17 816,5 636,12 180,20,"53,5 %","54,73","0,95","0,1 %"
PRIVÉ,260006267,CLINIQUE GENERALE,M12,9 432,1 710,7 722,4 206,"43,7 %","51,89","0,50","0,6 %"
PRIVÉ,270000326,CLINIQUE PASTEUR,M12,12 499,5 010,7 489,6 056,"51,4 %","60,74","0,93","0,3 %"
PRIVÉ,270000862,CLINIQUE BERGOUIGNAN,M12,8 131,3 439,4 692,0,"54,1 %","57,59","1,40","0,3 %"
PRIVÉ,280000159,CLINIQUE NOTRE DAME DE BON SECOURS,M2,1 à 10,1 à 10,0,0,"28,6 %","68,00","15,57","0,0 %"
PRIVÉ,280000449,POLE MEDICAL MAISON BLANCHE,M12,1 903,1 677,226,0,"57,1 %","70,56","4,88","1,3 %"
PRIVÉ,280504689,CLINIQUE NÉPHROLOGIQUE DE MAISON BLANCHE,M12,0,0,0,12 137,"55,1 %","69,33","0,00","0,0 %"
PRIVÉ,280505777,HÔPITAL PRIVÉ D'EURE ET LOIR,M12,18 280,6 919,11 361,2 571,"47,2 %","58,92","1,33","0,6 %"
PRIVÉ,290000140,CLINIQUE PASTEUR-SAINT ESPRIT,M12,16 711,5 882,10 829,8 042,"43,4 %","60,22","1,00","0,9 %"
PRIVÉ,290000207,CLINIQUE ST MICHEL ET STE ANNE,M12,12 701,3 601,9 100,2 427,"52,6 %","64,91","0,92","0,5 %"
PRIVÉ,290000215,POLYCLINIQUE QUIMPER SUD,M12,12 985,4 384,8 601,144,"43,1 %","57,87","1,21","0,0 %"
PRIVÉ,290000850,STE BRESTOISE DU REIN ARTIFICIEL,M12,0,0,0,8 723,"69,2 %","73,82","0,00","0,0 %"
PRIVÉ,290004142,CLINIQUE DU GRAND LARGE,M12,8 666,2 741,5 925,148,"45,6 %","54,13","1,10","0,1 %"
PRIVÉ,290005131,UNITÉ DIALYSE PLOURIN-LES-MORLAIX AUB,M12,0,0,0,4 156,"50,9 %","74,12","0,00","0,0 %"
PRIVÉ,290005172,UNITÉ DIALYSE BREST HERMITAGE AUB,M12,0,0,0,3 281,"67,8 %","62,92","0,00","0,0 %"
PRIVÉ,290005230,UNITÉ DIALYSE DOUARNENEZ - AUB,M12,0,0,0,2 139,"51,1 %","73,51","0,00","0,0 %"
PRIVÉ,290018555,UNITÉ D'AUTODIALYSE MORLAIX - AUB,M12,0,0,0,5 571,"48,4 %","66,46","0,00","0,0 %"
PRIVÉ,290018563,UNITÉ DIALYSE QUIMPER KERRADENNEC AUB,M12,0,0,0,6 872,"67,0 %","66,57","0,00","0,0 %"
PRIVÉ,290019777,POLYCLINIQUE DE KERAUDREN,M12,25 465,13 788,11 677,101,"47,0 %","47,21","1,90","0,2 %"
PRIVÉ,290021070,UNITÉ D'AUTODIALYSE CONCARNEAU - AUB,M12,0,0,0,1 837,"86,6 %","71,12","0,00","0,0 %"
PRIVÉ,290023431,CENTRE MÉDICO-CHIRURGICAL BAIE DE MORLAIX,M12,7 396,2 225,5 171,841,"51,5 %","59,99","0,81","0,2 %"
PRIVÉ,290023779,UNITÉ DIALYSE CARHAIX AUB,M12,0,0,0,3 202,"76,7 %","69,96","0,00","0,0 %"
PRIVÉ,290023787,UNITÉ DIALYSE LANDIVISIAU AUB SANTÉ,M12,0,0,0,102,"55,9 %","72,48","0,00","0,0 %"
PRIVÉ,290025337,UNITÉ DIALYSE PLONEOUR LANVERN AUB,M12,0,0,0,491,"76,6 %","68,81","0,00","0,0 %"
PRIVÉ,290028539,UNITÉ DIALYSE LANDERNEAU - AUB,M12,0,0,0,405,"61,0 %","67,22","0,00","0,0 %"
PRIVÉ,290029669,UNITÉ DIALYSE QUIMPER AUB SANTÉ,M12,0,0,0,5 985,"54,2 %","74,59","0,00","0,0 %"
PRIVÉ,290030808,UNITÉ DIALYSE CROZON AUB SANTÉ,M12,0,0,0,2 537,"45,2 %","73,40","0,00","0,0 %"
PRIVÉ,290032028,UNITÉ DIALYSE BREST QUESTEL AUB SANTÉ,M12,0,0,0,9 987,"66,0 %","65,88","0,00","0,0 %"
PRIVÉ,290032655,UNITÉ DIALYSE QUIMPERLE MELLAC AUB,M12,0,0,0,1 004,"27,5 %","72,14","0,00","0,0 %"
PRIVÉ,2A0000139,SA CLINISUD,M12,13 354,3 744,9 610,143,"48,4 %","58,16","1,09","0,2 %"
PRIVÉ,2A0000154,CLINIQUE DU SUD DE LA CORSE,M12,5 742,2 750,2 992,3 194,"56,3 %","58,53","1,53","0,8 %"
PRIVÉ,2B0000079,CLINIQUE DR FILIPPI,M12,4 249,355,3 894,0,"44,6 %","56,75","0,09","0,0 %"
PRIVÉ,2B0000392,POLYCLINIQUE DE FURIANI,M12,5 718,2 603,3 115,1 à 10,"60,2 %","58,86","1,71","0,2 %"
PRIVÉ,2B0005664,CLINIQUE DE TOGA,M12,193,193,0,0,"64,2 %","73,23","18,85","54,9 %"
PRIVÉ,300002508,CENTRE DE CHIRURGIE AMBULATOIRE DES HAUTS D'AVIGNON,M12,4 328,0,4 328,0,"45,9 %","49,94","0,00","0,0 %"
PRIVÉ,300007119,AIDER ALES,M12,0,0,0,3 437,"54,3 %","76,77","0,00","0,0 %"
PRIVÉ,300008588,NEPHROCARE NIMES,M12,0,0,0,19 264,"58,0 %","71,72","0,00","0,0 %"
PRIVÉ,300008638,NEPHROCARE BAGNOLS SUR CEZE,M12,0,0,0,5 134,"75,7 %","74,19","0,00","0,0 %"
PRIVÉ,300017209,KENVAL INSTITUT DE CANCEROLOGIE,M12,921,908,13,7 192,"48,3 %","65,03","0,80","1,5 %"
PRIVÉ,300017431,AIDER SANTÉ UAD UDM GCS PAAC,M12,0,0,0,6 134,"53,6 %","75,17","0,00","0,0 %"
PRIVÉ,300017498,CLINIQUE AMBULATOIRE DE LA CEZE,M12,3 122,0,3 122,0,"48,7 %","51,92","0,00","0,0 %"
PRIVÉ,300780137,NOUVELLE CLINIQUE BONNEFON,M12,13 009,5 719,7 290,197,"48,4 %","58,65","2,33","1,0 %"
PRIVÉ,300780152,HÔPITAL PRIVÉ LES FRANCISCAINES,M12,15 869,10 241,5 628,164,"52,9 %","61,59","3,26","0,6 %"
PRIVÉ,300781465,CLINIQUE KENNEDY,M12,11 609,4 972,6 637,31,"40,1 %","50,68","1,62","0,0 %"
PRIVÉ,300788502,POLYCLINIQUE DU GRAND SUD,M12,28 540,11 815,16 725,3 549,"42,0 %","50,64","1,35","0,1 %"
PRIVÉ,310026083,CLINIQUE SAINT-CYPRIEN RIVE GAUCHE,M12,29 227,13 249,15 978,114,"39,3 %","36,28","1,47","0,1 %"
PRIVÉ,310780101,CLINIQUE SAINT JEAN LANGUEDOC,M12,30 531,10 831,19 700,3 594,"45,3 %","53,61","1,14","0,4 %"
PRIVÉ,310780150,CLINIQUE MEDIPOLE GARONNE,M12,20 598,8 391,12 207,495,"47,6 %","49,19","1,04","0,0 %"
PRIVÉ,310780259,SA CLINIQUE PASTEUR,M12,39 008,24 189,14 819,15 276,"52,6 %","64,42","1,99","0,8 %"
PRIVÉ,310780283,NOUVELLE CLINIQUE DE L'UNION,M12,45 074,22 566,22 508,5 275,"48,5 %","55,97","1,86","0,7 %"
PRIVÉ,310780309,POLYCLINIQUE DU PARC,M12,13 678,6 695,6 983,291,"45,6 %","55,44","1,85","0,6 %"
PRIVÉ,310780366,CLINIQUE MONIE,M12,2 135,1 082,1 053,1 à 10,"47,6 %","67,62","5,10","5,1 %"
PRIVÉ,310780382,CLINIQUE AMBROISE PARE,M12,25 179,14 605,10 574,555,"40,3 %","41,00","2,24","0,2 %"
PRIVÉ,310781000,CLINIQUE DES CEDRES,M12,40 234,19 610,20 624,3 264,"48,7 %","57,72","2,03","0,9 %"
PRIVÉ,310781505,CLINIQUE D'OCCITANIE,M12,22 982,11 566,11 416,3 889,"52,7 %","56,31","1,97","0,7 %"
PRIVÉ,310781695,CLINIQUE DE LAGARDELLE,M12,803,799,1 à 10,0,"43,0 %","81,39","17,21","24,4 %"
PRIVÉ,310782016,CLINIQUE NÉPHROLOGIQUE SAINT EXUPERY,M12,1 274,1 240,34,42 313,"62,0 %","72,62","0,23","0,2 %"
PRIVÉ,310786389,CLINIQUE DES PYRENEES,M12,218,218,0,0,"22,9 %","83,31","4,86","0,5 %"
PRIVÉ,310794417,CENTRE NÉPHROLOGIQUE D'OCCITANIE,M12,0,0,0,20 592,"52,5 %","77,32","0,00","0,0 %"
PRIVÉ,320780067,POLYCLINIQUE DE GASCOGNE,M12,6 850,1 856,4 994,16,"53,0 %","59,29","0,88","0,1 %"
PRIVÉ,330017989,CENTRE D'HEMODIALYSE BORDEAUX RIVE DROITE,M12,0,0,0,14 624,"58,9 %","73,18","0,00","0,0 %"
PRIVÉ,330780040,NOUVELLE CLINIQUE BEL AIR,M12,17 819,7 636,10 183,1 à 10,"49,9 %","56,28","0,80","0,0 %"
PRIVÉ,330780081,CLINIQUE SAINT AUGUSTIN,M12,16 033,10 148,5 885,11,"63,9 %","59,93","2,86","0,5 %"
PRIVÉ,330780115,CLINIQUE TIVOLI-DUCOS,M12,16 250,6 142,10 108,9 494,"32,0 %","56,08","0,77","0,4 %"
PRIVÉ,330780206,CLINIQUE D'ARCACHON,M12,9 259,2 429,6 830,2 085,"51,1 %","59,38","0,81","0,6 %"
PRIVÉ,330780255,CLINIQUE DU LIBOURNAIS,M12,11 426,1 411,10 015,1 à 10,"47,2 %","59,48","0,35","0,0 %"
PRIVÉ,330780263,POLYCLINIQUE BORDEAUX RIVE DROITE,M12,27 749,12 099,15 650,2 502,"43,9 %","47,49","1,54","0,5 %"
PRIVÉ,330780271,CLINIQUE DU SPORT DE BORDEAUX MERIGNAC,M12,8 740,2 010,6 730,0,"58,9 %","44,93","0,59","0,0 %"
PRIVÉ,330780354,POLYCLINIQUE BORDEAUX CAUDERAN,M12,695,686,1 à 10,543,"28,1 %","62,27","5,99","2,6 %"
PRIVÉ,330780446,C.T.M.R. ST AUGUSTIN,M12,0,0,0,25 586,"62,4 %","72,51","0,00","0,0 %"
PRIVÉ,330780453,CENTRE D'HEMODIALYSE SAINT MARTIN,M12,0,0,0,20 231,"54,5 %","73,72","0,00","0,0 %"
PRIVÉ,330780479,POLYCLINIQUE BX-NORD AQUITAINE,M12,38 793,22 275,16 518,11 436,"45,8 %","53,44","1,95","1,0 %"
PRIVÉ,330780487,CLINIQUE OPHTALMOLOGIQUE THIERS,M12,6 171,365,5 806,0,"46,1 %","65,37","0,06","0,0 %"
PRIVÉ,330780503,HÔPITAL PRIVÉ SAINT-MARTIN,M12,24 726,10 041,14 685,231,"55,6 %","51,73","1,47","0,2 %"
PRIVÉ,330780511,CLINIQUE SAINTE ANNE,M12,8 745,2 866,5 879,2 107,"50,6 %","59,68","0,81","0,4 %"
PRIVÉ,330781402,NOUVELLE CLINIQUE BORDEAUX TONDU,M12,11 712,5 311,6 401,308,"47,0 %","42,16","1,33","0,5 %"
PRIVÉ,330782582,POLYCLINIQUE JEAN VILLAR,M12,22 490,8 803,13 687,1 412,"40,7 %","49,93","1,62","0,5 %"
PRIVÉ,330783374,CENTRE D'HEMODIALYSE PBNA,M12,0,0,0,24 237,"58,8 %","73,04","0,00","0,0 %"
PRIVÉ,340009539,CENTRE D'HEMODIALYSE AMBULATOIRE SAINT GUILHEM,M12,0,0,0,13 478,"62,7 %","72,40","0,00","0,0 %"
PRIVÉ,340009885,POLYCLINIQUE CHAMPEAU,M12,14 253,7 167,7 086,3 175,"36,3 %","49,81","1,43","0,3 %"
PRIVÉ,340015502,CLINIQUE LE MILLENAIRE,M12,25 469,15 599,9 870,578,"54,1 %","61,38","2,76","0,8 %"
PRIVÉ,340015965,SAS POLYCLINIQUE SAINT PRIVAT,M12,21 945,11 121,10 824,5 341,"55,4 %","60,81","1,88","0,7 %"
PRIVÉ,340015999,NEPHROCARE BEZIERS,M12,0,0,0,30 753,"57,2 %","75,05","0,00","0,0 %"
PRIVÉ,340017292,DIALYSE ST GUILHEM AGDE,M12,0,0,0,3 610,"72,1 %","65,32","0,00","0,0 %"
PRIVÉ,340017490,NEPHROCARE CASTELNAU LE ROCHET,M12,0,0,0,3 801,"77,8 %","62,55","0,00","0,0 %"
PRIVÉ,340019603,GCS HEMODIALYSE LAPEYRONIE,M12,0,0,0,8 520,"68,3 %","72,84","0,00","0,0 %"
PRIVÉ,340022979,POLYCLINIQUE ST ROCH,M12,34 275,14 606,19 669,30,"36,1 %","42,89","1,62","0,1 %"
PRIVÉ,340023142,NEPHROCARE MILLLENAIRE UDM,M12,0,0,0,922,"78,4 %","65,17","0,00","0,0 %"
PRIVÉ,340780139,CLINIQUE DU DR. CAUSSE,M12,9 100,3 782,5 318,0,"44,8 %","55,18","1,48","0,0 %"
PRIVÉ,340780147,POLYCLINIQUE DES 3 VALLEES,M12,3 502,1 809,1 693,0,"51,3 %","62,20","2,10","0,9 %"
PRIVÉ,340780154,POLYCLINIQUE PASTEUR,M12,8 712,2 281,6 431,59,"50,7 %","61,94","1,20","0,0 %"
PRIVÉ,340780568,CLINIQUE DU SOUFFLE LA VALONIE,M12,1 186,1 183,1 à 10,0,"54,4 %","67,81","5,61","0,9 %"
PRIVÉ,340780634,POLYCLINIQUE SAINT-JEAN,M12,24 729,7 761,16 968,925,"49,3 %","47,43","1,14","0,2 %"
PRIVÉ,340780667,CLINIQUE DU PARC,M12,25 193,11 869,13 324,7 157,"56,1 %","61,86","2,33","1,1 %"
PRIVÉ,340780675,CLINIQUE CLEMENTVILLE,M12,15 939,8 876,7 063,10 138,"34,0 %","49,81","1,73","1,1 %"
PRIVÉ,340780717,CLINIQUE SAINT- LOUIS,M12,8 251,4 292,3 959,203,"47,5 %","59,95","2,29","1,2 %"
PRIVÉ,340780725,CLINIQUE VIA DOMITIA POLE DE SANTÉ,M12,7 819,1 458,6 361,1 à 10,"47,0 %","57,51","0,37","0,0 %"
PRIVÉ,340780741,POLYCLINIQUE SAINTE THERESE,M12,11 089,3 548,7 541,61,"41,9 %","53,96","1,15","0,1 %"
PRIVÉ,340780840,NEPHROCARE CASTELNAU LE PARC,M12,0,0,0,31 181,"65,0 %","73,62","0,00","0,1 %"
PRIVÉ,350000121,CH PRIVÉ ST-GREGOIRE,M12,46 523,22 582,23 941,11 533,"46,3 %","52,61","1,90","0,7 %"
PRIVÉ,350000196,CLINIQUE DE LA COTE D'EMERAUDE,M12,10 198,3 186,7 012,3 089,"52,4 %","61,16","0,71","0,1 %"
PRIVÉ,350002192,POLYCLINIQUE SAINT LAURENT,M12,17 733,9 396,8 337,943,"57,2 %","63,01","2,12","1,0 %"
PRIVÉ,350002804,DIALYSE A DOMICILE AUB SANTÉ,M12,0,0,0,9 988,"57,9 %","65,24","0,00","0,0 %"
PRIVÉ,350005146,HÔPITAL PRIVÉ SEVIGNE,M12,23 799,8 446,15 353,5 797,"53,1 %","59,82","1,29","0,3 %"
PRIVÉ,350030763,UNITÉ DIALYSE SAINT MALO AUB SANTÉ,M12,0,0,0,1 754,"74,8 %","56,46","0,00","0,0 %"
PRIVÉ,350032934,UNITÉ DIALYSE PONTCHAILLOU RENNES AUB,M12,0,0,0,16 512,"65,9 %","67,26","0,00","0,0 %"
PRIVÉ,350040044,UNITÉ DIALYSE BROUSSAIS SAINT MALO AUB,M12,0,0,0,16 308,"60,2 %","72,90","0,00","0,0 %"
PRIVÉ,350041059,UNITÉ D'AUTODIALYSE DINARD - AUB,M12,0,0,0,297,"84,2 %","59,73","0,00","0,0 %"
PRIVÉ,350042131,UNITÉ DIALYSE REDON - AUB,M12,0,0,0,3 736,"60,4 %","67,25","0,00","0,0 %"
PRIVÉ,350042602,UNITÉ DIALYSE FOUGERES AUB,M12,0,0,0,4 870,"59,8 %","72,02","0,00","0,0 %"
PRIVÉ,350046751,UNITÉ DIALYSE MONTGERMONT AUB,M12,0,0,0,16 281,"71,1 %","57,29","0,00","0,0 %"
PRIVÉ,360000129,CLINIQUE ST FRANCOIS,M12,9 629,2 737,6 892,116,"52,9 %","59,97","1,10","0,5 %"
PRIVÉ,360002133,RE NEPHRO CHATEAUROUX-AV.KENNEDY,M12,0,0,0,18 911,"67,1 %","70,64","0,00","0,0 %"
PRIVÉ,360002232,CENTRE DE CONVALESCENCE ET DIÉTÉTIQUE MANOIR EN BERRY,M12,1 320,1 314,1 à 10,0,"43,1 %","62,14","5,82","0,8 %"
PRIVÉ,370000051,CLINIQUE JEANNE D ARC,M12,4 619,1 122,3 497,1 à 10,"47,0 %","58,96","1,13","0,1 %"
PRIVÉ,370000085,NCT PLUS SITE SAINT-GATIEN,M12,17 277,7 687,9 590,11 869,"57,0 %","71,01","1,24","0,4 %"
PRIVÉ,370000093,SAS NOUVELLE CLINIQUE DE TOURS +,M12,18 427,9 476,8 951,2 545,"47,2 %","56,41","1,90","0,8 %"
PRIVÉ,370007569,PÔLE SANTÉ LÉONARD DE VINCI,M12,41 233,18 341,22 892,9 485,"41,5 %","53,08","1,71","1,0 %"
PRIVÉ,380013037,CENTRE ENDOSCOPIE NORD ISERE,M12,4 811,0,4 811,0,"46,5 %","55,81","0,00","0,0 %"
PRIVÉ,380020123,CLINIQUE DES COTES DU RHONE,M12,3 909,1 553,2 356,58,"49,5 %","54,49","2,25","0,7 %"
PRIVÉ,380780197,CLINIQUE SAINT VINCENT DE PAUL,M12,12 615,5 971,6 644,13,"43,2 %","42,47","1,81","0,1 %"
PRIVÉ,380780288,CLINIQUE DE CHARTREUSE,M12,10 502,1 716,8 786,36,"49,3 %","53,78","0,53","0,0 %"
PRIVÉ,380785956,CLINIQUE DES CEDRES,M12,23 736,9 523,14 213,221,"45,4 %","51,42","1,74","0,3 %"
PRIVÉ,380786442,CLINIQUE BELLEDONNE,M12,35 639,15 341,20 298,96,"44,4 %","50,46","1,77","0,4 %"
PRIVÉ,390780559,CLINIQUE DU JURA,M12,2 012,600,1 412,0,"50,1 %","51,55","0,93","0,0 %"
PRIVÉ,390780575,POLYCLINIQUE DU PARC,M12,5 343,1 684,3 659,16,"53,5 %","56,27","0,94","0,1 %"
PRIVÉ,400780342,CLINIQUE JEAN LE BON,M12,6 905,1 087,5 818,132,"46,3 %","52,92","0,25","0,0 %"
PRIVÉ,400780359,CLINIQUE DES LANDES,M12,9 250,2 269,6 981,36,"47,3 %","56,05","0,95","0,1 %"
PRIVÉ,400782769,POLYCLINIQUE DE L'ADOUR,M12,5 897,2 497,3 400,55,"52,1 %","64,30","2,41","0,9 %"
PRIVÉ,410000202,POLYCLINIQUE DE BLOIS,M12,17 529,7 540,9 989,35 048,"60,0 %","66,77","0,66","0,5 %"
PRIVÉ,410004998,CLINIQUE DU SAINT COEUR,M12,7 909,4 215,3 694,1 à 10,"46,1 %","51,26","2,05","0,3 %"
PRIVÉ,420011413,HÔPITAL PRIVÉ DE LA LOIRE,M12,36 357,18 280,18 077,2 340,"44,9 %","50,78","2,11","0,8 %"
PRIVÉ,420780504,CLINIQUE DU PARC,M12,20 961,4 957,16 004,128,"48,9 %","51,71","0,91","0,1 %"
PRIVÉ,420782310,CLINIQUE DU RENAISON,M12,18 087,6 273,11 814,282,"48,2 %","58,42","1,52","0,4 %"
PRIVÉ,420782591,CLINIQUE NOUVELLE DU FOREZ,M12,3 200,1 à 10,3 199,0,"46,3 %","53,81","0,00","0,0 %"
PRIVÉ,430000109,CLINIQUE BON SECOURS - LE PUY,M12,6 509,1 930,4 579,61,"57,2 %","61,20","1,07","0,1 %"
PRIVÉ,430007450,CENTRE MÉDICAL SPECIALISE LE CHAMBON SUR LIGNON,M12,3 632,638,2 994,0,"69,8 %","50,15","1,13","0,0 %"
PRIVÉ,440000404,CLINIQUE SAINTE MARIE,M12,6 427,2 037,4 390,0,"50,7 %","58,47","1,23","0,1 %"
PRIVÉ,440000412,CLINIQUE BRETECHE VIAUD,M12,15 406,9 686,5 720,182,"31,6 %","43,44","2,64","0,7 %"
PRIVÉ,440000487,CLINIQUE UROLOGIQUE NANTES ATLANTIS,M12,4 806,2 465,2 341,0,"83,8 %","52,47","1,44","0,1 %"
PRIVÉ,440000511,CLINIQUE JEANNE D'ARC,M12,19 827,2 106,17 721,0,"61,6 %","44,15","0,17","0,0 %"
PRIVÉ,440000651,CLINIQUE SOURDILLE SA,M12,12 215,1 192,11 023,0,"42,4 %","66,76","0,16","0,0 %"
PRIVÉ,440002020,POLYCLINIQUE DE L'EUROPE,M12,18 243,5 471,12 772,128,"51,0 %","60,66","1,10","0,2 %"
PRIVÉ,440005080,DIALYSE ECHO NANTES,M12,0,0,0,15 052,"62,3 %","60,05","0,00","0,0 %"
PRIVÉ,440024982,AHO CLINIQUE SAINT AUGUSTIN,M12,20 929,7 342,13 587,485,"55,0 %","53,58","1,22","0,4 %"
PRIVÉ,440029379,CLINIQUE JULES VERNE,M12,30 549,6 363,24 186,452,"46,2 %","51,47","0,55","0,1 %"
PRIVÉ,440033819,SANTÉ ATLANTIQUE,M12,34 034,16 325,17 709,16,"33,0 %","39,58","1,83","0,1 %"
PRIVÉ,440036176,CENTRE DIALYSE ECHO ST HERBLAIN,M12,0,0,0,13 321,"56,9 %","73,80","0,00","0,0 %"
PRIVÉ,440036499,CENTRE DIALYSE ECHO REZE,M12,0,0,0,23 638,"49,3 %","68,10","0,00","0,0 %"
PRIVÉ,440039568,DIALYSE ECHO LA BAULE,M12,0,0,0,4 733,"64,4 %","71,37","0,00","0,0 %"
PRIVÉ,440041580,L'HÔPITAL PRIVÉ DU CONFLUENT,M12,52 526,26 768,25 758,18 748,"48,4 %","59,18","1,71","1,0 %"
PRIVÉ,440048718,HÔPITAL DU CONFLUENT-SITE JULES VERNE,M12,11,0,11,3 461,"32,6 %","63,46","0,00","0,0 %"
PRIVÉ,440050441,DIALYSE ECHO ST NAZAIRE,M12,0,0,0,7 463,"52,8 %","66,95","0,00","0,0 %"
PRIVÉ,450000237,CLINIQUE JEANNE D'ARC - GIEN,M12,6 537,2 145,4 392,2 400,"48,9 %","60,64","1,08","0,2 %"
PRIVÉ,450000245,CLINIQUE L'ARCHETTE,M12,14 401,5 845,8 556,1 612,"45,7 %","60,76","1,51","0,3 %"
PRIVÉ,450000294,ORELIANCE - REINE BLANCHE,M12,8 200,7 832,368,9 001,"56,9 %","70,24","2,64","1,8 %"
PRIVÉ,450010079,ORELIANCE - LONGUES ALLEES,M12,33 761,9 076,24 685,4 985,"51,4 %","54,08","0,85","0,1 %"
PRIVÉ,450012935,CENTRE D'HEMODIALYSE ARCHETTE,M12,0,0,0,15 750,"56,4 %","72,54","0,00","0,0 %"
PRIVÉ,450012968,CLINIQUE DE MONTARGIS,M12,5 623,1 488,4 135,79,"48,4 %","59,27","0,72","0,0 %"
PRIVÉ,450013818,CENTRE D'HEMODIALYSE J. D'ARC,M12,0,0,0,4 252,"64,0 %","70,17","0,00","0,0 %"
PRIVÉ,450018312,RE D'HEMODIALYSE LA REINE BLANCHE,M3,0,0,0,2 772,"52,3 %","71,19","0,00","0,0 %"
PRIVÉ,450018460,CENTRE NÉPHROLOGIQUE DE MONTARGIS,M12,0,0,0,18 388,"60,1 %","73,31","0,00","0,0 %"
PRIVÉ,460006075,CLINIQUE FONT REDONDE,M12,73,72,1 à 10,837,"51,9 %","65,41","1,11","4,8 %"
PRIVÉ,470000027,CLINIQUE ESQUIROL - SAINT-HILAIRE,M12,30 590,15 756,14 834,730,"52,1 %","59,94","2,33","1,1 %"
PRIVÉ,470000159,CLINIQUE CALABET,M12,0,0,0,7 029,"47,6 %","65,49","0,00","0,0 %"
PRIVÉ,490000262,CLINIQUE SAINT-JOSEPH,M12,13 754,6 270,7 484,1 621,"56,3 %","60,50","1,58","0,7 %"
PRIVÉ,490002037,POLYCLINIQUE DU PARC,M12,23 290,10 724,12 566,3 356,"48,9 %","54,21","1,54","0,3 %"
PRIVÉ,490007499,CENTRE DIALYSE ECHO ANGERS BOCQUEL,M12,0,0,0,20 393,"52,5 %","74,31","0,00","0,0 %"
PRIVÉ,490007929,CLINIQUE CHIRURGICALE DE LA LOIRE,M12,11 071,3 482,7 589,468,"50,2 %","57,28","1,06","0,1 %"
PRIVÉ,490009008,CENTRE DIALYSE ECHO CHOLET MARENGO,M12,0,0,0,9 255,"59,2 %","76,41","0,00","0,0 %"
PRIVÉ,490014909,CLINIQUE DE L'ANJOU,M12,38 898,18 130,20 768,650,"45,7 %","51,46","1,75","0,3 %"
PRIVÉ,490015906,CLINIQUE SAINT LEONARD,M12,11 501,5 546,5 955,334,"49,8 %","52,19","1,63","0,0 %"
PRIVÉ,490017613,DIALYSE ECHO TRELAZE,M12,0,0,0,3 264,"64,6 %","71,87","0,00","0,0 %"
PRIVÉ,490537818,CENTRE DIALYSE DIAVERUM ANGERS,M12,0,0,0,23 749,"63,3 %","68,96","0,00","0,0 %"
PRIVÉ,490540440,CENTRE DE LA MAIN,M12,5 527,0,5 527,0,"59,2 %","48,71","0,00","0,0 %"
PRIVÉ,500000146,HÔPITAL PRIVÉ DE LA BAIE,M12,12 820,3 204,9 616,3 773,"47,7 %","63,09","0,93","0,8 %"
PRIVÉ,500000203,POLYCLINIQUE DE LA MANCHE - SAINT-LO,M12,6 470,1 581,4 889,65,"50,6 %","61,89","0,93","0,1 %"
PRIVÉ,500000401,CLINIQUE DR. H. GUILLARD,M12,5 051,1 715,3 336,295,"47,3 %","56,08","1,23","0,0 %"
PRIVÉ,500002357,POLYCLINIQUE DU COTENTIN,M12,10 108,3 213,6 895,0,"46,1 %","57,83","1,19","0,1 %"
PRIVÉ,500021316,CENTRE DE DIALYSE D'AVRANCHES,M12,0,0,0,9 482,"62,9 %","71,41","0,00","0,0 %"
PRIVÉ,510000185,POLYCLINIQUE COURLANCY - REIMS,M12,35 555,20 900,14 655,19 836,"45,0 %","55,91","1,64","0,7 %"
PRIVÉ,510000193,POLYCLINIQUE SAINT-ANDRE,M12,28 250,13 553,14 697,296,"40,8 %","50,27","1,86","0,5 %"
PRIVÉ,510000227,POLYCLINIQUE PRIOLLET - CHALONS,M12,4 187,1 541,2 646,709,"44,3 %","54,63","1,06","0,1 %"
PRIVÉ,510000243,CLINIQUE D'EPERNAY,M12,5 050,1 655,3 395,166,"45,6 %","56,94","1,54","0,3 %"
PRIVÉ,510012040,POLYCLINIQUE LES BLEUETS - REIMS,M12,13 940,3 543,10 397,429,"48,9 %","54,23","0,95","0,6 %"
PRIVÉ,520780156,CLINIQUE DE LA COMPASSION,M12,2 142,735,1 407,0,"45,9 %","61,00","1,72","0,0 %"
PRIVÉ,520780180,CLINIQUE FRANCOIS 1ER,M12,5 296,1 154,4 142,1 424,"47,8 %","59,21","0,64","0,3 %"
PRIVÉ,520780214,CENTRE MÉDICO-CHIRURGICAL,M12,5 185,2 553,2 632,20 766,"58,8 %","70,43","0,51","0,5 %"
PRIVÉ,530002898,CENTRE DIALYSE ECHO LAVAL,M12,0,0,0,11 161,"59,4 %","71,07","0,00","0,0 %"
PRIVÉ,530008788,DIALYSE ECHO MAYENNE,M12,0,0,0,731,"67,0 %","66,43","0,00","0,0 %"
PRIVÉ,530031962,POLYCLINIQUE DU MAINE,M12,13 246,4 955,8 291,4 043,"46,2 %","61,51","1,24","0,7 %"
PRIVÉ,540000361,CLINIQUE JEANNE D'ARC - LUNEVILL,M12,7 714,1 736,5 978,87,"46,2 %","56,96","0,62","0,0 %"
PRIVÉ,540000445,ESPACE CHIRURGICAL AMBROISE PARE NANCY,M12,8 140,4 007,4 133,15,"58,8 %","65,52","1,56","0,4 %"
PRIVÉ,540000452,CLINIQUE ST ANDRE VANDOEUVRE,M12,15 504,3 989,11 515,1 à 10,"40,4 %","54,83","0,95","0,3 %"
PRIVÉ,540000478,CLINIQUE LOUIS PASTEUR,M12,31 912,14 619,17 293,17 999,"60,9 %","63,29","0,97","0,2 %"
PRIVÉ,540000486,POLYCLINIQUE DE GENTILLY,M12,27 440,13 981,13 459,29 886,"52,6 %","63,78","1,24","0,7 %"
PRIVÉ,540013224,POLYCLINIQUE MAJORELLE,M12,12 537,8 752,3 785,20,"19,3 %","32,80","2,67","0,2 %"
PRIVÉ,550000178,POLYCLINIQUE DU PARC - BAR-LE-DUC,M12,10 080,4 032,6 048,124,"46,2 %","57,85","1,71","0,1 %"
PRIVÉ,560002511,CLINIQUE DU TER,M12,11 113,3 126,7 987,37,"45,7 %","59,25","0,88","0,0 %"
PRIVÉ,560004004,UNITÉ DIALYSE LORIENT AUB SANTÉ,M12,0,0,0,5 253,"55,1 %","75,74","0,00","0,0 %"
PRIVÉ,560006348,UNITÉ DIALYSE KERIO PONTIVY AUB,M12,0,0,0,3 064,"62,1 %","72,52","0,00","0,0 %"
PRIVÉ,560007510,POLYCLINIQUE DE PONTIVY,M12,7 416,1 975,5 441,26,"50,4 %","61,22","0,86","0,0 %"
PRIVÉ,560008799,CLINIQUE OCEANE,M12,34 776,14 575,20 201,7 004,"49,6 %","57,35","1,35","0,7 %"
PRIVÉ,560009490,AUTODIALYSE BELLE-ÎLE,M12,0,0,0,793,"52,7 %","67,67","0,00","0,0 %"
PRIVÉ,560009508,AUTODIALYSE AURAY,M12,0,0,0,997,"57,2 %","60,64","0,00","0,0 %"
PRIVÉ,560009524,AUTODIALYSE VANNES,M12,0,0,0,6 374,"67,4 %","62,55","0,00","0,0 %"
PRIVÉ,560014078,AUTODIALYSE MUZILLAC,M12,0,0,0,670,"53,1 %","61,17","0,00","0,0 %"
PRIVÉ,560014128,AUTODIALYSE PLOERMEL,M12,0,0,0,543,"62,4 %","64,75","0,00","0,0 %"
PRIVÉ,560023152,CENTRE D'HEMODIALYSE AMBULATOIRE ECHO,M12,0,0,0,14 178,"65,0 %","72,44","0,00","0,0 %"
PRIVÉ,560023848,UNITÉ DIALYSE KERFRICHANT LORIENT AUB,M12,0,0,0,8 365,"62,0 %","66,70","0,00","0,0 %"
PRIVÉ,570000083,CLINIQUE SAINT NABOR,M12,12 323,4 756,7 567,1 à 10,"36,6 %","47,59","1,31","0,0 %"
PRIVÉ,570000356,CLINIQUE CHIRURGICALE AMBROISE PARE,M12,10 054,2 902,7 152,360,"50,3 %","59,59","0,97","0,0 %"
PRIVÉ,570000364,CLINIQUE NOTRE DAME,M12,8 941,1 268,7 673,255,"45,8 %","58,30","0,33","0,0 %"
PRIVÉ,570000646,HÔPITAL CLINIQUE CLAUDE BERNARD,M12,34 972,17 411,17 561,14 019,"42,1 %","55,32","1,50","0,5 %"
PRIVÉ,580780138,POLYCLINIQUE DU VAL DE LOIRE,M12,12 199,2 574,9 625,8 252,"49,8 %","64,06","0,67","0,4 %"
PRIVÉ,580780195,CLINIQUE DE COSNE-SUR-LOIRE,M12,4 770,1 997,2 773,0,"43,8 %","50,40","2,11","0,6 %"
PRIVÉ,590006896,POLYCLINIQUE DE LA THIERACHE,M12,6 669,1 664,5 005,47,"44,0 %","54,27","1,01","0,1 %"
PRIVÉ,590008041,POLYCLINIQUE VAUBAN,M12,18 153,9 072,9 081,10 131,"58,0 %","64,18","1,74","1,1 %"
PRIVÉ,590034815,CENTRE D'AUTODIALYSE PONT/SAMBRE,M12,0,0,0,1 576,"79,8 %","67,56","0,00","0,0 %"
PRIVÉ,590780060,INSTITUT OPHTALMIQUE,M12,8 562,540,8 022,0,"41,1 %","68,76","0,07","0,0 %"
PRIVÉ,590780094,CENTRE LEONARD DE VINCI,M12,1 517,951,566,8 651,"42,1 %","62,82","0,19","0,0 %"
PRIVÉ,590780250,CLINIQUE LILLE-SUD,M12,23 620,2 003,21 617,0,"51,4 %","41,29","0,17","0,0 %"
PRIVÉ,590780268,POLYCLINIQUE DU BOIS,M12,33 570,16 715,16 855,37 720,"47,5 %","59,87","1,10","0,4 %"
PRIVÉ,590780342,CLINIQUE AMBROISE PARE,M12,6 429,115,6 314,0,"40,1 %","68,29","0,02","0,0 %"
PRIVÉ,590780383,POLYCLINIQUE DE LA LOUVIERE,M12,34 496,15 059,19 437,40 616,"54,3 %","63,60","0,63","0,2 %"
PRIVÉ,590781571,CLINIQUE DU CAMBRESIS,M12,3 656,1 647,2 009,0,"40,1 %","53,94","2,03","0,0 %"
PRIVÉ,590781951,CLINIQUE DU CROISE LAROCHE SA,M12,8 119,4 966,3 153,0,"49,3 %","48,86","2,12","0,0 %"
PRIVÉ,590782256,CLINIQUE DES DENTELLIERES,M12,476,0,476,8 360,"41,5 %","61,22","0,00","0,0 %"
PRIVÉ,590782298,CLINIQUE DU PARC,M12,17 857,7 284,10 573,1 à 10,"41,9 %","40,58","1,46","0,1 %"
PRIVÉ,590782496,CLINIQUE SAINT JEAN,M12,68,24,44,1 à 10,"36,2 %","83,03","4,29","2,9 %"
PRIVÉ,590782546,CLINIQUE DE VILLENEUVE D'ASCQ,M12,3 135,774,2 361,0,"37,6 %","54,79","1,74","2,9 %"
PRIVÉ,590782553,HÔPITAL PRIVÉ DE VILLENEUVE D'ASCQ,M12,25 655,11 417,14 238,2 727,"41,4 %","45,83","1,59","0,2 %"
PRIVÉ,590784484,NEPHROCARE MAUBEUGE,M12,0,0,0,15 117,"53,4 %","70,85","0,00","0,0 %"
PRIVÉ,590788964,POLYCLINIQUE DU PARC,M12,5 503,1 965,3 538,4 935,"49,6 %","60,92","0,83","0,4 %"
PRIVÉ,590790655,CLINIQUE CHIRURGICALE ST ROCH,M12,2 371,1 116,1 255,0,"49,1 %","49,38","1,85","0,0 %"
PRIVÉ,590806360,CLINIQUE DE LA MITTERIE,M12,6 394,696,5 698,0,"65,2 %","50,14","0,55","0,0 %"
PRIVÉ,590810941,NEPHOCARE MAUBEUGE DIALYSE A DOMICILE,M12,0,0,0,218,"22,5 %","70,86","0,00","0,0 %"
PRIVÉ,590811006,CENTRE D'AUTODIALYSE DE MAUBEUGE,M12,0,0,0,1 305,"94,8 %","56,90","0,00","0,0 %"
PRIVÉ,590813176,CLINIQUE DES HETRES,M12,5 297,1 591,3 706,0,"47,0 %","48,64","1,68","0,4 %"
PRIVÉ,590813382,SA NOUVELLE CLINIQUE VILLETTE,M12,10 456,4 742,5 714,1 à 10,"42,2 %","41,22","1,61","0,1 %"
PRIVÉ,590813507,POLYCLINIQUE VAL DE SAMBRE,M12,9 968,5 356,4 612,1 à 10,"44,3 %","44,42","2,37","0,4 %"
PRIVÉ,590813747,CENTRE D'AUTODIALYSE DE FOURMIES,M12,0,0,0,1 229,"74,0 %","65,79","0,00","0,0 %"
PRIVÉ,590815056,CLINIQUE DE FLANDRE,M12,8 980,2 801,6 179,5 357,"47,1 %","58,05","0,96","0,8 %"
PRIVÉ,590816310,CLINIQUE ST AME,M12,15 536,6 485,9 051,384,"39,2 %","44,51","1,45","0,1 %"
PRIVÉ,590817458,CLINIQUE DE LA VICTOIRE,M12,10 685,2 220,8 465,2 403,"39,8 %","52,89","0,83","0,3 %"
PRIVÉ,590817839,POLYCLINIQUE DU VAL DE LYS,M12,770,455,315,1 à 10,"38,6 %","43,40","1,83","0,4 %"
PRIVÉ,600008643,CAB GASTRO ENTEROLOGIQUE,M12,2 922,0,2 922,0,"41,5 %","55,00","0,00","0,0 %"
PRIVÉ,600010862,SAS CENTRE CHIRURGICAL DE CHANTILLY,M12,5 780,1 453,4 327,0,"44,0 %","60,89","0,81","0,0 %"
CH,600100176,CENTRE DE SOINS DU VALOIS,M12,580,0,580,0,"45,5 %","59,16","0,00","0,0 %"
PRIVÉ,600100184,CLINIQUE LE VALOIS,M12,244,242,1 à 10,0,"35,7 %","78,95","10,92","11,5 %"
PRIVÉ,600100754,POLYCLINIQUE SAINT-COME SA,M12,21 367,9 749,11 618,18 955,"49,2 %","59,18","1,12","0,3 %"
PRIVÉ,600110175,CLINIQUE DU PARC SAINT LAZARE,M12,11 835,3 315,8 520,107,"49,6 %","54,06","0,91","0,1 %"
PRIVÉ,610006421,CLINIQUE D'ALENCON,M12,6 338,1 413,4 925,36,"48,1 %","55,70","0,50","0,1 %"
PRIVÉ,610780199,CLINIQUE ST DOMINIQUE,M12,3 083,945,2 138,42,"57,5 %","63,36","1,18","0,0 %"
PRIVÉ,620006049,CLINIQUE DE ST OMER,M12,11 640,3 669,7 971,580,"48,5 %","54,10","1,08","0,0 %"
PRIVÉ,620024208,CLINIQUE NÉPHROLOGIQUE DE L'AUDOMAROIS,M12,0,0,0,15 666,"69,0 %","68,75","0,00","0,0 %"
PRIVÉ,620100099,HÔPITAL PRIVÉ ARRAS LES BONNETTES,M12,23 805,8 728,15 077,6 872,"42,8 %","53,55","1,17","0,8 %"
PRIVÉ,620100487,CLINIQUE DES ACACIAS,M12,5 167,2 072,3 095,78,"46,1 %","58,72","1,79","0,6 %"
PRIVÉ,620100735,POLYCLINIQUE DE L'ARTOIS,M12,14 088,6 834,7 254,3 237,"44,2 %","53,81","2,16","0,7 %"
PRIVÉ,620100750,CLINIQUE AMBROISE PARE,M12,7 273,2 369,4 904,3 024,"54,6 %","53,15","0,96","0,2 %"
PRIVÉ,620101311,CLINIQUE DES 2 CAPS,M12,11 953,4 288,7 665,1 450,"47,5 %","56,14","1,27","0,7 %"
PRIVÉ,620101501,POLYCLINIQUE DE BOIS-BERNARD SA,M12,25 301,13 523,11 778,28 233,"56,3 %","61,47","0,91","0,3 %"
PRIVÉ,620105940,POLYCLINIQUE DU TERNOIS,M12,2 855,1 361,1 494,0,"47,1 %","56,81","2,92","1,8 %"
PRIVÉ,620106088,CLINIQUE MÉDICO-CHIRURGICALE,M12,4 522,1 088,3 434,85,"39,8 %","55,60","2,61","1,6 %"
PRIVÉ,620116046,SAS CLINIQUE CHIRURGICALE DES 7 VALLEES,M12,2 365,0,2 365,60,"49,9 %","48,93","0,00","0,0 %"
PRIVÉ,620118513,CENTRE MÉDICO CHIRURGICAL ET OBSTÉTRICAL COTE D'OPALE,M12,19 248,12 008,7 240,4 293,"47,0 %","53,21","2,04","0,9 %"
PRIVÉ,630005668,CENTRE D'HÉMODIALYSE AURA ARCHE,M12,0,0,0,13 488,"56,0 %","70,18","0,00","0,0 %"
PRIVÉ,630780211,POLE SANTÉ REPUBLIQUE - CLERMONT,M12,25 634,12 175,13 459,12 107,"47,3 %","59,00","1,43","0,7 %"
PRIVÉ,630780369,CLINIQUE DE LA PLAINE - CLERMONT,M12,9 779,1 193,8 586,0,"48,7 %","56,99","0,38","0,0 %"
PRIVÉ,630781821,CLINIQUE DU GRAND PRE - DURTOL,M12,586,586,0,0,"33,4 %","83,01","13,44","5,6 %"
PRIVÉ,630781839,CLINIQUE CHATAIGNERAIE - BEAUMONT,M12,32 651,14 408,18 243,748,"48,9 %","43,91","1,56","0,1 %"
PRIVÉ,630783108,CLINIQUE DES CHANDIOTS - CLERMONT,M12,7 099,844,6 255,0,"40,8 %","64,93","0,14","0,0 %"
PRIVÉ,640016580,CENTRE DE CARDIOLOGIE DU PAYS BASQUE,M12,6 858,5 741,1 117,1 à 10,"67,7 %","70,41","2,56","1,3 %"
PRIVÉ,640018206,CLINIQUE BELHARRA,M12,28 538,14 176,14 362,5 662,"45,7 %","54,19","1,67","0,6 %"
PRIVÉ,640780268,CLINIQUE DELAY,M12,9 379,1 017,8 362,124,"44,5 %","58,53","0,34","0,2 %"
PRIVÉ,640780490,CAPIO CLINIQUE AGUILERA,M12,16 008,6 170,9 838,940,"45,5 %","58,36","1,46","0,9 %"
PRIVÉ,640780623,CENTRE MÉDICAL ANNIE ENIA,M12,337,335,1 à 10,0,"51,9 %","73,72","12,36","63,8 %"
PRIVÉ,640780672,CLINIQUE MARIENIA,M12,552,0,552,0,"61,2 %","50,22","0,00","0,0 %"
PRIVÉ,640780748,POLYCLINIQUE COTE BASQUE SUD,M12,14 276,5 002,9 274,1 880,"47,4 %","61,38","1,19","0,5 %"
PRIVÉ,640780938,POLYCLINIQUE PAU PYRENEES SITE MARZET,M12,14 185,6 677,7 508,7 026,"49,9 %","58,79","1,61","1,5 %"
PRIVÉ,640780946,POLYCLINIQUE PAU PYRENEES SITE NAVARRE,M12,19 119,9 548,9 571,241,"42,4 %","49,49","1,92","0,1 %"
PRIVÉ,640780987,CLINIQUE D'ORTHEZ,M12,2 492,781,1 711,0,"51,6 %","61,24","1,46","0,3 %"
PRIVÉ,640781225,CLINIQUE MEDICALE CARDIOLOGIQUE ARESSY,M12,4 608,4 056,552,27,"59,3 %","73,59","5,19","3,1 %"
PRIVÉ,640781308,CLINIQUE PRINCESS,M12,2 991,1 333,1 658,15,"33,0 %","50,69","2,18","0,0 %"
PRIVÉ,640781332,NEPHROCARE BEARN-CTRE DIALYSE DU BEARN,M12,0,0,0,30 997,"62,1 %","73,15","0,00","0,0 %"
PRIVÉ,640787156,CLINIQUE FONDATION LURO,M12,768,251,517,37,"48,4 %","70,43","3,14","1,7 %"
PRIVÉ,640789640,CENTRE D'HEMODIALYSE CLINIQUE DELAY,M12,0,0,0,22 132,"69,1 %","69,63","0,00","0,0 %"
PRIVÉ,650002579,CLINIQUE ORMEAU PYRENEES,M12,12 316,4 552,7 764,35,"51,3 %","59,73","1,36","0,1 %"
PRIVÉ,650780679,CLINIQUE ORMEAU SITE CENTRE,M12,9 078,6 269,2 809,5 948,"41,3 %","58,76","2,35","2,2 %"
PRIVÉ,660006305,LA CLINIQUE MUTUALISTE CATALANE,M12,19 597,6 355,13 242,651,"46,7 %","60,54","1,11","0,2 %"
PRIVÉ,660780628,CLINIQUE DU VALLESPIR,M12,4 821,2 080,2 741,0,"46,8 %","68,38","2,63","2,7 %"
PRIVÉ,660780669,CLINIQUE NOTRE DAME D ESPERANCE,M12,7 257,4 808,2 449,1 à 10,"25,8 %","27,86","2,41","0,1 %"
PRIVÉ,660780776,CLINIQUE SAINT MICHEL,M12,4 021,1 794,2 227,43,"50,5 %","61,63","1,90","0,9 %"
PRIVÉ,660780784,CLINIQUE SAINT PIERRE,M12,22 659,13 625,9 034,15 716,"50,3 %","61,60","1,68","1,0 %"
PRIVÉ,660790387,POLYCLINIQUE SAINT ROCH,M12,27 335,11 325,16 010,110,"56,2 %","61,65","2,05","0,5 %"
PRIVÉ,670002187,CENTRE D'AUTODIALYSE DE L'AURAL STRASBOURG,M12,0,0,0,30 231,"60,2 %","64,93","0,00","0,0 %"
PRIVÉ,670013325,CENTRE AUTONOME ENDOSCOPIE DIGESTIVE,M12,3 757,0,3 757,222,"44,1 %","55,87","0,00","0,0 %"
PRIVÉ,670013341,ENDOSAV,M12,1 870,0,1 870,73,"51,1 %","58,28","0,00","0,0 %"
PRIVÉ,670013895,CENTRE D'AUTODIALYSE AURAL SAVERNE,M12,0,0,0,4 183,"64,3 %","71,87","0,00","0,0 %"
PRIVÉ,670014455,CENTRE DE DIALYSE CHRONIQUE STRASBOURG,M12,0,0,0,1 618,"81,1 %","44,66","0,00","0,0 %"
PRIVÉ,670016237,CLINIQUE SAINTE ODILE STRASBOURG,M3,3 625,988,2 637,0,"45,9 %","57,77","1,01","0,1 %"
PRIVÉ,670017862,GCS CLINIQUE DES DIACONESSES,M3,3 410,889,2 521,0,"46,9 %","54,21","1,19","0,2 %"
PRIVÉ,670018068,CLINIQUE RHENA GCS,M12,37 666,10 363,27 303,0,"46,5 %","52,85","0,98","0,0 %"
PRIVÉ,670780170,CLINIQUE DE L'ORANGERIE STRASB.,M12,17 300,9 168,8 132,8 383,"43,9 %","61,62","1,28","0,4 %"
PRIVÉ,670780378,CLINIQUE SAINT-FRANCOIS HAGUENAU,M12,15 156,4 114,11 042,216,"52,0 %","52,11","1,09","0,1 %"
PRIVÉ,670780386,CLINIQUE SAINTE ODILE HAGUENAU,M12,10 042,3 946,6 096,450,"53,8 %","59,35","1,33","0,2 %"
PRIVÉ,670781574,HEMODIALYSE DIALYSE DOMICILE AURAL SIEGE SOCIAL DE STRASBOURG,M12,0,0,0,12 909,"59,7 %","63,26","0,00","0,0 %"
PRIVÉ,670795921,UNITÉ D'AUTODIALYSE AURAL HAGUENAU,M12,0,0,0,21 145,"56,3 %","69,56","0,00","0,0 %"
PRIVÉ,670799667,AURAL CLINIQUE SAINTE ANNE,M12,0,0,0,15 281,"58,4 %","66,35","0,00","0,0 %"
PRIVÉ,680000320,CLINIQUE DIACONAT FONDERIE,M12,24 979,13 180,11 799,44,"42,0 %","53,48","2,16","0,4 %"
PRIVÉ,680000338,CENTRE DE DIALYSE DIAVERUM MULHOUSE,M12,0,0,0,24 791,"63,3 %","68,99","0,00","0,0 %"
PRIVÉ,680000494,CLINIQUE DIACONAT ROOSEVELT,M12,22 547,10 049,12 498,1 022,"51,0 %","54,49","1,67","0,1 %"
PRIVÉ,680010824,UNITÉ D'AUTODIALYSE AURAL COLMAR,M12,0,0,0,18 238,"69,5 %","68,68","0,00","0,0 %"
PRIVÉ,680013778,UNITÉ D'AUTODIALYSE AURAL MULHOUSE,M12,0,0,0,19 823,"58,3 %","67,85","0,00","0,0 %"
PRIVÉ,680020088,NOUVELLE CLINIQUE DES TROIS FRONTIERES,M12,6 905,3 545,3 360,595,"48,8 %","55,60","2,48","1,2 %"
PRIVÉ,690022108,CENTRE DE DIALYSE BAYARD,M12,0,0,0,15 499,"77,3 %","63,35","0,00","0,0 %"
PRIVÉ,690022959,HÔPITAL PRIVÉ MERE ENFANT NATECIA,M12,15 718,9 451,6 267,372,"24,9 %","28,61","2,66","0,1 %"
PRIVÉ,690023239,CLINIQUE DU PARC,M12,18 937,6 978,11 959,1 à 10,"44,1 %","52,32","1,11","0,0 %"
PRIVÉ,690023411,HÔPITAL PRIVÉ JEAN MERMOZ,M12,33 923,13 776,20 147,21 190,"46,4 %","57,74","1,19","0,5 %"
PRIVÉ,690029186,ENDO LYON SUD OUEST,M12,2 528,0,2 528,0,"45,3 %","58,28","0,00","0,0 %"
PRIVÉ,690042080,HÔPITAL PRIVÉ NATECIA - GYNECOLOGIE,M12,914,855,59,15,"22,9 %","17,81","3,67","0,1 %"
PRIVÉ,690780200,CLINIQUE EMILIE DE VIALAR,M12,1 551,572,979,0,"38,7 %","45,30","1,61","0,1 %"
PRIVÉ,690780226,CLINIQUE DE LA PART-DIEU,M12,2 350,1 à 10,2 347,0,"39,7 %","63,77","0,00","0,0 %"
PRIVÉ,690780259,CLINIQUE SAINT-CHARLES,M12,8 101,1 550,6 551,0,"38,3 %","55,44","0,52","0,0 %"
PRIVÉ,690780358,CLINIQUE DU VAL D'OUEST-VENDOME,M12,27 435,10 786,16 649,246,"39,1 %","36,82","1,39","0,0 %"
PRIVÉ,690780366,CLINIQUE CHARCOT,M12,13 832,4 706,9 126,3 491,"40,6 %","59,89","1,01","0,4 %"
PRIVÉ,690780382,CLINIQUE DU GRAND LARGE,M12,6 273,1 983,4 290,200,"52,8 %","56,15","1,42","0,4 %"
PRIVÉ,690780390,POLYCLINIQUE DE RILLIEUX,M12,13 606,6 575,7 031,1 206,"44,8 %","56,70","2,10","0,7 %"
PRIVÉ,690780499,NEPHROCARE TASSIN-CHARCOT,M12,0,0,0,39 084,"59,4 %","71,01","0,00","0,0 %"
PRIVÉ,690780648,CLINIQUE DE LA SAUVEGARDE,M12,24 967,10 664,14 303,6 412,"51,5 %","58,53","1,39","0,7 %"
PRIVÉ,690780655,HÔPITAL PRIVÉ DE L'EST LYONNAIS,M12,9 337,3 644,5 693,537,"47,4 %","53,91","1,67","1,0 %"
PRIVÉ,690780663,CLINIQUE TRENEL,M12,14 107,4 673,9 434,2 416,"50,5 %","55,86","0,96","0,4 %"
PRIVÉ,690782834,CLINIQUE DU TONKIN,M12,30 482,12 773,17 709,21 083,"53,5 %","61,57","1,08","0,4 %"
PRIVÉ,690791082,CENTRE SPECIALISE LES BRUYERES,M12,523,522,1 à 10,0,"77,2 %","45,39","6,81","0,2 %"
PRIVÉ,690793468,INFIRMERIE PROTESTANTE DE LYON,M12,20 204,10 060,10 144,5 774,"52,2 %","61,59","1,89","0,7 %"
PRIVÉ,690807367,POLYCLINIQUE DU BEAUJOLAIS,M12,16 396,5 842,10 554,1 961,"47,5 %","51,01","1,09","0,2 %"
PRIVÉ,700780174,CLINIQUE ST MARTIN,M12,6 276,1 690,4 586,60,"49,1 %","57,98","0,96","0,0 %"
PRIVÉ,710006859,POLYCLINIQUE DU VAL DE SAONE,M12,13 797,5 191,8 606,2 530,"45,7 %","59,38","1,45","0,4 %"
PRIVÉ,710780917,HÔPITAL PRIVÉ SAINTE MARIE,M12,18 456,7 277,11 179,16 330,"50,7 %","63,14","1,14","0,6 %"
PRIVÉ,710781410,CLINIQUE DU PARC,M12,4 508,1 726,2 782,0,"48,0 %","60,99","1,51","0,1 %"
PRIVÉ,710781824,CENTRE ORTHOPEDIQUE MEDICO-CHIR,M12,5 707,3 282,2 425,0,"51,9 %","55,80","2,59","0,0 %"
PRIVÉ,720000199,CLINIQUE DU PRE,M12,22 286,9 820,12 466,52,"52,1 %","57,22","1,71","0,2 %"
PRIVÉ,720000231,CLINIQUE DU TERTRE ROUGE,M12,6 150,4 704,1 446,1 à 10,"17,3 %","24,34","3,08","0,1 %"
PRIVÉ,720000249,CLINIQUE VICTOR HUGO,M12,2 900,1 538,1 362,17 439,"48,5 %","64,68","0,59","1,0 %"
PRIVÉ,720003441,CENTRE DIALYSE ECHO LE MANS CH,M12,0,0,0,8 907,"48,5 %","71,16","0,00","0,0 %"
PRIVÉ,720017748,CENTRE MÉDICO-CHIRURGICAL DU MANS,M12,33 471,16 355,17 116,503,"51,3 %","57,20","2,24","0,7 %"
PRIVÉ,720017839,CENTRE DIALYSE ECHO LE MANS PSS,M12,0,0,0,13 765,"64,3 %","72,19","0,00","0,0 %"
PRIVÉ,730004298,HÔPITAL PRIVÉ MEDIPOLE DE SAVOIE,M12,29 411,10 200,19 211,7 846,"45,0 %","55,84","1,06","0,4 %"
PRIVÉ,730012499,GCS CLINIQUE HERBERT,M12,1 207,451,756,0,"43,7 %","61,62","1,43","0,0 %"
PRIVÉ,730780459,CLINIQUE HERBERT,M8,3 351,1 336,2 015,0,"47,6 %","59,28","1,47","0,1 %"
PRIVÉ,740014345,HÔPITAL PRIVÉ PAYS DE SAVOIE,M12,26 499,9 592,16 907,2 147,"45,7 %","49,09","1,27","0,2 %"
PRIVÉ,740780416,CLINIQUE DU LAC ET D'ARGONAY,M12,15 573,7 689,7 884,192,"52,1 %","53,94","1,64","0,2 %"
PRIVÉ,740780424,CLINIQUE GENERALE ANNECY,M12,17 998,9 104,8 894,4 732,"41,4 %","52,71","1,44","0,5 %"
PRIVÉ,740780440,CLINIQUE DES GRANDES ALPES,M12,356,189,167,0,"45,5 %","59,07","2,85","0,8 %"
PRIVÉ,750300014,SA CLINIQUE DU LOUVRE,M12,13 772,1 574,12 198,1 à 10,"41,8 %","53,67","0,18","0,0 %"
PRIVÉ,750300071,CLINIQUE GEOFFROY ST HILAIRE,M12,24 249,5 830,18 419,52,"38,1 %","56,10","0,98","0,1 %"
PRIVÉ,750300089,CLINIQUE DU SPORT,M12,6 532,2 898,3 634,0,"60,7 %","45,41","1,25","0,0 %"
PRIVÉ,750300097,INSTITUT ARTHUR VERNES,M12,4 519,635,3 884,1 à 10,"45,1 %","52,33","0,15","0,0 %"
PRIVÉ,750300121,FOND ST JEAN DE DIEU CLINIQUE OUDINOT,M12,11 622,2 966,8 656,4 683,"29,9 %","55,53","0,52","0,0 %"
PRIVÉ,750300139,CLINIQUE DE L ALMA,M12,10 285,3 721,6 564,13 288,"55,1 %","62,78","0,43","0,1 %"
PRIVÉ,750300154,CLINIQUE TURIN,M12,23 937,8 318,15 619,28 022,"54,6 %","62,88","0,39","0,0 %"
PRIVÉ,750300360,HÔPITAL PRIVÉ DES PEUPLIERS,M12,26 196,7 787,18 409,5 002,"46,3 %","56,07","0,64","0,1 %"
PRIVÉ,750300410,CLINIQUE JEANNE D'ARC,M12,6 396,3 048,3 348,45,"33,0 %","40,90","1,88","0,3 %"
PRIVÉ,750300493,CLINIQUE ARAGO,M12,4 596,3 217,1 379,70,"42,8 %","60,39","3,21","0,0 %"
PRIVÉ,750300550,CLINIQUE SAINTE GENEVIEVE,M12,7 566,1 089,6 477,0,"38,1 %","57,85","0,19","0,0 %"
PRIVÉ,750300592,CLINIQUE BLOMET,M12,8 152,2 252,5 900,0,"44,0 %","48,01","0,55","0,0 %"
PRIVÉ,750300667,MATERNITE SAINTE FELICITE,M12,5 986,5 904,82,1 à 10,"26,5 %","17,21","5,17","0,1 %"
PRIVÉ,750300741,CLINIQUE VICTOR HUGO,M12,7 077,1 741,5 336,0,"37,8 %","49,75","0,34","0,0 %"
PRIVÉ,750300766,CLINIQUE BIZET,M12,12 110,5 220,6 890,3 066,"41,4 %","55,94","1,73","0,8 %"
PRIVÉ,750300774,CLINIQUE JOUVENET,M12,12 166,3 275,8 891,0,"40,4 %","61,95","0,92","0,0 %"
PRIVÉ,750300840,CLINIQUE DE LA MUETTE,M12,13 055,4 548,8 507,1 à 10,"20,2 %","45,05","0,96","0,0 %"
PRIVÉ,750300857,CLINIQUE REMUSAT,M12,2 248,1 267,981,0,"34,7 %","52,35","2,06","0,3 %"
PRIVÉ,750300881,CLINIQUE DU TROCADERO,M12,14 694,3 318,11 376,0,"36,6 %","50,15","0,42","0,0 %"
PRIVÉ,750300915,CLINIQUE INTERNATIONALE PARC MONCEAU,M12,12 242,4 243,7 999,16 961,"53,6 %","61,39","0,41","0,0 %"
PRIVÉ,750300931,CLINIQUE SAINTE-THERESE,M12,3 619,2 772,847,1 à 10,"18,9 %","22,58","2,92","0,1 %"
PRIVÉ,750301137,CLINIQUE ALLERAY LABROUSTE,M12,11 339,6 080,5 259,3 395,"45,6 %","65,70","1,79","0,8 %"
PRIVÉ,750301145,CLINIQUE DU MONT LOUIS,M12,19 408,4 546,14 862,50,"42,6 %","53,06","0,87","0,2 %"
PRIVÉ,750301160,CLINIQUE DES MAUSSINS,M12,6 424,3 334,3 090,21,"56,2 %","47,23","2,03","0,0 %"
PRIVÉ,750790164,CLINIQUE ROOSEVELT,M12,159,0,159,0,"47,2 %","68,29","0,00","0,0 %"
PRIVÉ,750829053,CENTRE D'AUTODIALYSE CLINIQUE ALMA,M12,0,0,0,3 614,"59,3 %","55,02","0,00","0,0 %"
PRIVÉ,760021329,HÔPITAL PRIVÉ DE L'ESTUAIRE,M12,25 990,12 438,13 552,28 285,"52,9 %","63,59","1,13","0,6 %"
PRIVÉ,760025312,CLINIQUE MATHILDE,M12,33 560,11 683,21 877,5 163,"37,6 %","50,90","1,16","0,2 %"
PRIVÉ,760027292,POLYCLINIQUE MEGIVAL,M12,7 649,2 642,5 007,1 474,"52,4 %","58,73","1,26","0,4 %"
PRIVÉ,760780197,CLINIQUE LES AUBEPINES,M12,2 143,1 544,599,292,"12,6 %","35,36","2,51","0,5 %"
PRIVÉ,760780205,CLINIQUE SAINT ANTOINE,M12,3 596,1 683,1 913,0,"35,3 %","43,36","1,43","0,0 %"
PRIVÉ,760780510,CLINIQUE DU CEDRE,M12,16 054,6 919,9 135,1 566,"52,0 %","59,84","1,52","0,4 %"
PRIVÉ,760780619,CLINIQUE SAINT HILAIRE,M12,24 730,10 323,14 407,6 958,"47,7 %","60,83","1,11","0,4 %"
PRIVÉ,760780668,CLINIQUE HEMERA PAYS DE CAUX,M12,2 516,0,2 516,29,"41,8 %","58,87","0,00","0,0 %"
PRIVÉ,760780783,CLINIQUE TOUS VENTS,M12,4 624,1 559,3 065,56,"47,4 %","55,93","1,41","0,4 %"
PRIVÉ,760780791,CLINIQUE DES ORMEAUX,M12,12 142,4 807,7 335,7 308,"45,6 %","57,95","1,13","0,8 %"
PRIVÉ,760780825,CLINIQUE DE L'ABBAYE,M12,4 760,1 898,2 862,0,"48,5 %","53,80","1,39","0,1 %"
PRIVÉ,760783159,CLINIQUE DES ESSARTS,M12,1 082,1 082,0,0,"76,9 %","45,21","6,22","0,1 %"
PRIVÉ,760921809,CLINIQUE DE L'EUROPE,M12,22 087,9 522,12 565,20 694,"48,2 %","61,49","0,97","0,2 %"
PRIVÉ,770016087,CENTRE DIALYSE DIAVERUM MONTEREAU,M12,0,0,0,11 188,"47,8 %","75,17","0,00","0,0 %"
PRIVÉ,770020055,CENTRE NEPHROCARE MARNE LA VALLEE,M12,0,0,0,31 106,"57,7 %","66,38","0,00","0,0 %"
PRIVÉ,770300010,HÔPITAL PRIVÉ DE MARNE CHANTEREINE,M12,11 912,3 987,7 925,1 139,"46,5 %","53,00","2,41","1,2 %"
PRIVÉ,770300135,CLINIQUE MÉDICO-CHIRURGICALE LES FONTAINES,M12,7 882,4 299,3 583,0,"56,2 %","57,04","2,19","0,4 %"
PRIVÉ,770300143,POLYCLINIQUE SAINT JEAN,M12,8 817,2 960,5 857,3 910,"48,1 %","55,91","1,12","0,7 %"
PRIVÉ,770300192,CLINIQUE ST BRICE,M12,6 069,1 248,4 821,158,"46,6 %","55,32","0,58","0,1 %"
PRIVÉ,770300275,POLYCLINIQUE DE LA FORET,M12,8 256,2 041,6 215,1 679,"49,4 %","59,24","0,63","0,0 %"
PRIVÉ,770300283,CLINIQUE CHIRURGICALE ERMITAGE,M12,7 696,1 977,5 719,113,"53,0 %","56,48","0,77","0,1 %"
PRIVÉ,770790707,CLINIQUE DE TOURNAN,M12,11 129,4 480,6 649,10 727,"51,6 %","59,46","1,02","0,2 %"
PRIVÉ,770813400,CLINIQUE SAINT FARON,M12,8 925,2 575,6 350,2 969,"42,1 %","56,93","0,86","1,2 %"
PRIVÉ,780008298,CLINIQUE SAINT REMY,M12,307,304,1 à 10,0,"35,2 %","86,13","12,12","2,6 %"
PRIVÉ,780018727,CLINIQUE SAINT GERMAIN,M12,7 917,3 614,4 303,11 189,"49,0 %","59,29","0,90","0,2 %"
PRIVÉ,780022737,POLYCLINIQUE DE MAISONS LAFFITTE,M12,492,412,80,1 à 10,"36,6 %","73,84","8,29","2,6 %"
PRIVÉ,780300075,CENTRE CARDIOLOGIQUE D EVECQUEMONT,M12,3 957,3 795,162,0,"63,3 %","68,68","4,79","1,1 %"
PRIVÉ,780300125,POLYCLINIQUE LA REGION MANTAISE,M12,10 003,2 962,7 041,1 à 10,"53,3 %","51,21","1,46","0,2 %"
PRIVÉ,780300208,CLINIQUE SAINT LOUIS,M12,11 105,3 910,7 195,606,"46,4 %","45,36","1,35","0,2 %"
PRIVÉ,780300323,CLINIQUE DES FRANCISCAINES,M12,13 219,8 170,5 049,45,"46,0 %","42,33","2,54","0,2 %"
PRIVÉ,780300364,CLINIQUE DU CHATEAU DE LA MAYE,M12,15 520,1 099,14 421,0,"44,3 %","53,41","0,10","0,0 %"
PRIVÉ,780300406,CENTRE MÉDICO-CHIRURGICAL DE PARLY II,M12,18 913,9 908,9 005,0,"47,6 %","55,06","2,51","0,4 %"
PRIVÉ,780300414,CENTRE MÉDICO-CHIRURGICAL EUROPE,M12,19 575,7 519,12 056,19 370,"52,6 %","63,40","1,27","0,8 %"
PRIVÉ,780300422,HÔPITAL PRIVÉ OUEST,M12,27 901,10 065,17 836,18 673,"53,4 %","57,31","0,98","0,2 %"
PRIVÉ,780300455,CH PRIVÉ DU MONTGARDE,M12,11 402,2 330,9 072,33,"55,2 %","50,00","0,64","0,1 %"
PRIVÉ,790009948,POLYCLINIQUE INKERMANN,M12,16 568,7 598,8 970,228,"47,8 %","58,31","2,01","0,4 %"
PRIVÉ,800002503,SA SAINTE ISABELLE,M12,8 990,2 974,6 016,19 977,"56,8 %","66,33","0,37","0,1 %"
PRIVÉ,800009466,POLYCLINIQUE DE PICARDIE,M12,14 935,5 986,8 949,405,"51,8 %","54,13","1,58","0,2 %"
PRIVÉ,800009920,SA CLINIQUE VICTOR PAUCHET,M12,27 141,14 146,12 995,490,"37,0 %","46,47","2,21","0,6 %"
PRIVÉ,800013179,SAS CLINIQUE DE L'EUROPE,M12,6 395,2 619,3 776,8 831,"43,0 %","61,99","0,69","1,0 %"
PRIVÉ,800015729,SAS CARDIOLOGIE ET URGENCES,M12,5 653,4 098,1 555,0,"57,9 %","65,80","2,31","0,8 %"
PRIVÉ,800018491,CCO SOPP AMIENS,M12,3 512,0,3 512,0,"43,4 %","70,43","0,00","0,0 %"
PRIVÉ,810000224,CENTRE MÉDICO CHIRURGICAL ET OBSTÉTRICAL CLAUDE BERNARD,M12,20 781,11 862,8 919,28 892,"58,0 %","68,06","1,17","0,6 %"
PRIVÉ,810101170,CLINIQUE TOULOUSE LAUTREC,M12,10 248,4 349,5 899,329,"55,0 %","63,00","1,46","0,1 %"
PRIVÉ,810101444,CLINIQUE DU SIDOBRE,M12,12 593,5 574,7 019,217,"51,8 %","62,23","1,69","0,3 %"
PRIVÉ,820000040,CLINIQUE CROIX SAINT MICHEL,M12,11 977,5 532,6 445,0,"41,4 %","48,56","1,87","0,5 %"
PRIVÉ,820000057,CLINIQUE DU PONT DE CHAUME,M12,21 324,12 768,8 556,23 204,"52,3 %","64,04","1,42","0,8 %"
PRIVÉ,820000065,CLINIQUE DU DOCTEUR CAVE,M12,8 246,1 360,6 886,0,"48,8 %","61,01","0,32","0,0 %"
PRIVÉ,830012688,CENTRE NÉPHROLOGIQUE LES FLEURS,M12,0,0,0,20 835,"67,0 %","75,86","0,00","0,0 %"
PRIVÉ,830100103,CLINIQUE STE MARGUERITE,M12,13 007,4 151,8 856,18 088,"55,2 %","66,66","0,67","0,4 %"
PRIVÉ,830100251,CLINIQUE DU CAP D'OR,M12,9 512,3 868,5 644,4 338,"45,3 %","61,84","1,34","1,3 %"
PRIVÉ,830100319,POLYCLINIQUE LES FLEURS,M12,16 902,9 317,7 585,71,"60,0 %","65,85","2,45","1,2 %"
PRIVÉ,830100327,CLINIQUE LES LAURIERS,M12,8 581,1 839,6 742,27,"45,7 %","59,45","0,62","0,0 %"
PRIVÉ,830100368,CLINIQUE CHIRURGICALE DU GOLFE DE SAINT TROPEZ,M12,6 473,1 890,4 583,138,"50,7 %","60,02","1,17","0,2 %"
PRIVÉ,830100392,POLYCLINIQUE NOTRE DAME,M12,13 459,5 237,8 222,230,"54,3 %","63,25","1,66","0,7 %"
PRIVÉ,830100418,CLINIQUE NOTRE DAME DE LA MERCI,M12,5 292,1 216,4 076,1 à 10,"43,0 %","60,76","0,65","0,0 %"
PRIVÉ,830100434,CLINIQUE SAINT JEAN,M12,25 780,8 775,17 005,4 664,"37,7 %","47,47","1,14","0,4 %"
PRIVÉ,830100459,CLINIQUE SAINT MICHEL,M12,15 536,3 303,12 233,20,"42,6 %","57,58","0,59","0,1 %"
PRIVÉ,830100475,CLINIQUE SAINT ROCH,M12,6 761,2 472,4 289,25,"45,5 %","54,15","1,34","0,1 %"
PRIVÉ,830100855,CENTRE DE GÉRONTOLOGIE ST.FRANCOIS,M12,940,937,1 à 10,0,"34,9 %","83,02","12,13","2,4 %"
PRIVÉ,830215687,DIAVERUM DRAGUIGNAN CENTRE DE DIALYSE,M12,0,0,0,19 377,"66,7 %","72,48","0,00","0,0 %"
PRIVÉ,840000285,POLYCLINIQUE URBAIN V,M12,13 374,6 322,7 052,55,"24,4 %","44,61","1,58","0,0 %"
PRIVÉ,840000327,CLINIQUE DU DR MONTAGARD,M12,2 456,1 678,778,1 à 10,"45,2 %","57,03","3,12","0,0 %"
PRIVÉ,840000400,SYNERGIA LUBERON,M12,8 569,2 186,6 383,11,"46,1 %","57,38","0,86","0,0 %"
PRIVÉ,840000467,CAPIO CLINIQUE D'ORANGE,M12,9 036,2 087,6 949,21,"49,1 %","56,49","0,70","0,0 %"
PRIVÉ,840007850,ATIR CENTRE DE DIALYSE,M12,0,0,0,13 415,"63,7 %","63,73","0,00","0,0 %"
PRIVÉ,840011043,CENTRE D'HEMODIALYSE DE L'ATIR,M12,0,0,0,17 588,"54,7 %","73,15","0,00","0,0 %"
PRIVÉ,840012538,ATIR AUTODIALYSE ISLE SUR SORGUE,M12,0,0,0,1 005,"89,4 %","49,91","0,00","0,0 %"
PRIVÉ,840012546,ATIR AUTODIALYSE ORANGE,M12,0,0,0,1 217,"52,6 %","56,04","0,00","0,0 %"
PRIVÉ,840013312,CLINIQUE RHONE DURANCE,M12,10 931,8 017,2 914,365,"69,0 %","66,83","2,53","0,6 %"
PRIVÉ,840013445,CLINIQUE FONTVERT ST FRANCOIS,M12,19 398,1 827,17 571,73,"48,4 %","52,82","0,20","0,0 %"
PRIVÉ,840017172,SYNERGIA VENTOUX,M12,9 843,3 135,6 708,0,"51,1 %","56,92","1,29","0,1 %"
PRIVÉ,840017222,ATIR CENTRE D'HÉMODIALYSE,M12,0,0,0,16 890,"71,5 %","70,48","0,00","0,0 %"
PRIVÉ,840017230,AUTODIALYSE ATIR CH CARPENTRAS,M12,0,0,0,411,"81,8 %","61,18","0,00","0,0 %"
PRIVÉ,840017461,HEMODIALYSE ATIR CH ORANGE,M12,0,0,0,14 337,"74,6 %","72,06","0,00","0,0 %"
PRIVÉ,840018774,ATIR UNITE DIALYSE MEDIC CAVAILLON,M12,0,0,0,3 844,"76,3 %","74,47","0,00","0,0 %"
PRIVÉ,850000118,CLINIQUE SAINT CHARLES,M12,21 750,7 562,14 188,0,"45,4 %","52,30","1,28","0,3 %"
PRIVÉ,850000126,CLINIQUE SUD VENDEE,M12,9 264,2 981,6 283,64,"48,8 %","58,41","1,11","0,1 %"
PRIVÉ,850000134,CLINIQUE CHIRURGICALE PORTE OCEANE,M12,9 652,3 831,5 821,0,"51,7 %","60,57","1,67","0,2 %"
PRIVÉ,850009333,DIALYSE ECHO LA ROCHE SUR YON,M12,0,0,0,12 134,"54,4 %","66,86","0,00","0,0 %"
PRIVÉ,850011271,DIALYSE ECHO CHALLANS,M12,0,0,0,7 266,"75,8 %","72,48","0,00","0,0 %"
PRIVÉ,850022047,DIALYSE ECHO ILE D'YEU,M12,0,0,0,430,"29,1 %","68,78","0,00","0,0 %"
PRIVÉ,850023151,DIALYSE ECHO FONTENAY LE COMTE,M12,0,0,0,4 547,"56,1 %","69,29","0,00","0,0 %"
PRIVÉ,850025156,CENTRE DIALYSE ECHO OLONNES SUR MER,M12,0,0,0,12 061,"68,2 %","71,12","0,00","0,0 %"
PRIVÉ,860010321,POLYCLINIQUE DE POITIERS,M12,24 794,9 814,14 980,317,"52,4 %","52,98","1,56","0,2 %"
PRIVÉ,860780311,CLINIQUE DE CHATELLERAULT,M12,8 509,2 813,5 696,0,"46,0 %","58,16","1,31","0,1 %"
PRIVÉ,860780568,CLINIQUE FIEF DE GRIMOIRE,M12,7 914,4 034,3 880,13,"25,3 %","47,05","1,47","0,0 %"
PRIVÉ,870000080,UNITÉ DE DIALYSE LIMOGES BUISSON,M12,0,0,0,11 666,"59,4 %","70,67","0,00","0,0 %"
PRIVÉ,870000288,CLINIQUE FRANÇOIS CHENIEUX,M12,37 333,18 771,18 562,10 117,"49,7 %","63,11","1,95","0,8 %"
PRIVÉ,870000411,CLINIQUE EMAILLEURS-COLOMBIER LIMOGES,M12,11 449,6 765,4 684,126,"36,7 %","46,48","2,33","0,2 %"
PRIVÉ,880788591,POLYCLINIQUE LA LIGNE BLEUE,M12,20 046,9 861,10 185,17 359,"51,7 %","60,15","1,11","0,1 %"
PRIVÉ,890000169,CLINIQUE PAUL PICQUET SENS,M12,12 337,4 368,7 969,1 889,"46,0 %","55,42","1,18","0,4 %"
PRIVÉ,890002389,POLYCLINIQUE STE MARGUERITE AUXERRE,M12,10 938,2 965,7 973,1 918,"51,2 %","60,96","1,04","0,8 %"
PRIVÉ,900000035,HÔPITAL PRIVÉ DE LA MIOTTE,M12,12 390,3 420,8 970,61,"49,1 %","53,95","0,82","0,0 %"
PRIVÉ,910002609,CENTRE D'HEMODIALYSE D'ATHIS,M12,0,0,0,11 646,"53,8 %","69,48","0,00","0,0 %"
PRIVÉ,910009349,CENTRE D'HEMODIALYSE D ETAMPES,M12,0,0,0,18 593,"66,0 %","70,07","0,00","0,0 %"
PRIVÉ,910015965,CLINIQUE LE MOULIN DE VIRY,M12,383,382,1 à 10,0,"29,8 %","84,13","12,39","3,4 %"
PRIVÉ,910300011,CLINIQUE DES CHARMILLES,M12,12 815,1 674,11 141,76,"46,8 %","51,36","0,41","0,0 %"
PRIVÉ,910300029,HÔPITAL D ATHIS MONS SITE JULES VALLES,M12,1 172,1 159,13,0,"42,4 %","78,76","9,15","3,2 %"
PRIVÉ,910300060,CLINIQUE GERIATRIQUE LES VALLEES,M12,137,137,0,0,"35,8 %","87,53","12,11","4,4 %"
PRIVÉ,910300144,CENTRE MÉDICO-CHIRURGICAL ET OBST,M12,15 904,6 723,9 181,28 012,"52,6 %","59,00","0,74","0,2 %"
PRIVÉ,910300177,CLINIQUE DE L'YVETTE,M12,18 044,7 090,10 954,1 à 10,"43,9 %","46,43","1,34","0,0 %"
PRIVÉ,910300219,HÔPITAL PRIVÉ JACQUES CARTIER,M12,22 497,11 651,10 846,11 222,"57,5 %","61,97","2,20","0,7 %"
PRIVÉ,910300300,HÔPITAL PRIVÉ DU VAL D'YERRES,M12,5 395,2 895,2 500,1 130,"47,5 %","61,72","4,05","2,9 %"
PRIVÉ,910300326,CLINIQUE PASTEUR,M12,614,595,19,3 396,"36,7 %","65,39","0,59","1,8 %"
PRIVÉ,910300359,HÔPITAL PRIVÉ D ATHIS MONS,M12,6 034,1 532,4 502,0,"44,8 %","42,69","0,97","0,0 %"
PRIVÉ,910803543,CH PRIVÉ CLAUDE GALIEN,M12,24 037,11 756,12 281,21 637,"52,8 %","58,18","1,36","0,6 %"
PRIVÉ,910805357,CLINIQUE DE L ESSONNE,M12,13 027,3 616,9 411,227,"46,5 %","39,35","1,01","0,0 %"
PRIVÉ,910813963,UNITÉ D'AUTODIALYSE DE BIEVRES,M12,0,0,0,6 990,"62,1 %","60,53","0,00","0,0 %"
PRIVÉ,920008539,HÔPITAL AMERICAIN 2,M12,1 à 10,1 à 10,1 à 10,9 785,"55,9 %","69,95","0,00","0,0 %"
PRIVÉ,920300043,HÔPITAL PRIVÉ D ANTONY,M12,48 480,22 097,26 383,25 060,"48,0 %","54,06","1,47","0,6 %"
PRIVÉ,920300183,CENTRE CHIRURGICAL DES PRINCES,M12,12 980,816,12 164,0,"38,9 %","54,24","0,12","0,0 %"
PRIVÉ,920300191,C.C.B.B. MARCEL SEMBAT,M12,9 758,2 020,7 738,82,"64,6 %","27,49","0,52","0,0 %"
PRIVÉ,920300266,CLINIQUE DU PLATEAU,M12,1 482,1 120,362,11,"43,0 %","74,56","3,39","6,9 %"
PRIVÉ,920300365,CLINIQUE LA MONTAGNE,M12,10 737,2 159,8 578,1 à 10,"49,0 %","44,54","0,45","0,0 %"
PRIVÉ,920300415,CLINIQUE LAMBERT,M12,9 303,3 417,5 886,19 641,"45,9 %","60,19","0,63","0,3 %"
PRIVÉ,920300597,CLINIQUE DE MEUDON LA FORET,M12,14 717,4 708,10 009,2 317,"47,2 %","57,97","1,34","0,6 %"
PRIVÉ,920300712,CENTRE CHIRURGICAL P. CHEREST,M12,9 587,1 775,7 812,0,"35,0 %","57,21","0,22","0,0 %"
PRIVÉ,920300753,CENTRE CHIRURGICAL AMBROISE PARE,M12,14 763,11 508,3 255,10 359,"61,8 %","68,48","2,12","0,5 %"
PRIVÉ,920300761,CLINIQUE HARTMANN,M12,13 687,3 872,9 815,8 320,"33,9 %","53,70","0,72","0,5 %"
PRIVÉ,920300787,HÔPITAL AMERICAIN,M12,14 334,7 070,7 264,1 953,"44,2 %","52,46","2,29","1,0 %"
PRIVÉ,920300837,CLINIQUE LES MARTINETS,M12,9 982,1 630,8 352,12 371,"55,5 %","60,95","0,21","0,0 %"
PRIVÉ,920300936,CENTRE CHIRURGICAL VAL D'OR,M12,6 144,3 209,2 935,1 à 10,"50,6 %","59,01","3,24","1,1 %"
PRIVÉ,920301033,CENTRE CANCEROLOGIE DE LA PORTE ST CLOUD,M12,339,336,1 à 10,6 559,"31,7 %","62,49","0,16","0,0 %"
PRIVÉ,920803798,CLINIQUE DE LA DEFENSE,M12,261,259,1 à 10,0,"44,8 %","68,75","23,15","41,4 %"
PRIVÉ,920811775,UNITÉ D'AUTODIALYSE DE SURESNES,M12,0,0,0,7 376,"65,7 %","61,51","0,00","0,0 %"
PRIVÉ,930014428,CENTRE DE DIALYSE DE L'ESTREE,M12,0,0,0,11 433,"63,7 %","69,22","0,00","0,0 %"
PRIVÉ,930022603,CENTRE DE DIALYSE DE MONTFERMEIL,M12,0,0,0,10 016,"54,4 %","66,19","0,00","0,0 %"
PRIVÉ,930300025,HÔPITAL EUROPEEN LA ROSERAIE,M12,14 619,8 217,6 402,20 548,"62,6 %","57,46","1,36","0,6 %"
PRIVÉ,930300066,HÔPITAL PRIVÉ DE L EST PARISIEN,M12,14 176,5 362,8 814,38 445,"61,2 %","65,47","0,52","0,1 %"
PRIVÉ,930300082,CENTRE CHIRURGICAL FLOREAL,M12,14 027,3 134,10 893,1 950,"54,2 %","46,21","1,11","0,5 %"
PRIVÉ,930300116,HÔPITAL PRIVÉ DE SEINE ST DENIS,M12,20 874,10 028,10 846,1 520,"40,8 %","38,38","2,25","0,3 %"
PRIVÉ,930300264,CLINIQUE LES LILAS,M12,5 409,1 712,3 697,0,"50,9 %","46,09","1,06","0,0 %"
PRIVÉ,930300298,POLYCLINIQUE VAUBAN,M12,13 579,4 756,8 823,38,"42,2 %","36,26","1,23","0,1 %"
PRIVÉ,930300553,CLINIQUE DE L'ESTREE,M12,18 243,9 745,8 498,2 009,"43,5 %","40,11","2,78","0,6 %"
PRIVÉ,930300587,CLINIQUE DU LANDY,M12,6 994,1 084,5 910,19 782,"46,6 %","65,36","0,18","0,0 %"
PRIVÉ,930300595,CLINIQUE DU VERT GALANT,M12,14 842,5 774,9 068,19 128,"50,4 %","59,12","0,90","0,4 %"
PRIVÉ,930300629,CLINIQUE DE LA DHUYS,M9,1 203,844,359,0,"35,7 %","63,54","6,40","3,9 %"
PRIVÉ,930300645,CENTRE CARDIOLOGIQUE DU NORD,M12,15 424,10 554,4 870,1 à 10,"60,6 %","65,08","3,70","1,0 %"
PRIVÉ,940000078,UNITÉ D'AUTODIALYSE DE CRETEIL,M12,0,0,0,11 519,"63,9 %","58,27","0,00","0,0 %"
PRIVÉ,940006679,HÔPITAL PRIVÉ DE MARNE-LA-VALLÉE,M12,18 814,7 993,10 821,12 650,"46,5 %","50,25","1,02","0,1 %"
PRIVÉ,940300031,HÔPITAL PRIVÉ PAUL D'EGINE,M12,24 528,6 947,17 581,19 265,"52,1 %","59,79","0,74","0,3 %"
PRIVÉ,940300163,CLINIQUE LES TOURNELLES,M12,420,420,0,0,"30,7 %","85,43","13,33","2,6 %"
PRIVÉ,940300270,HÔPITAL PRIVÉ ARMAND BRILLARD,M12,21 061,10 568,10 493,17 046,"43,9 %","56,89","1,23","0,3 %"
PRIVÉ,940300379,CLINIQUE GASTON METIVET,M12,10 304,5 050,5 254,15,"37,8 %","49,56","2,20","0,3 %"
PRIVÉ,940300445,CLINIQUE DU SUD,M12,6 585,2 478,4 107,19 890,"59,7 %","66,15","0,52","0,2 %"
PRIVÉ,940300452,CLINIQUE MEDICALE DE DIETETIQUE,M12,2 338,2 338,0,0,"22,7 %","50,51","3,76","0,0 %"
PRIVÉ,940300494,POLYCLINIQUE DE VILLENEUVE ST GEORGES,M12,7 575,2 753,4 822,30 300,"56,5 %","64,29","0,33","0,1 %"
PRIVÉ,940300551,HÔPITAL PRIVÉ DE VITRY SITE NORIETS,M12,5 761,3 660,2 101,16,"20,0 %","30,14","2,43","0,1 %"
PRIVÉ,940300569,HÔPITAL PRIVÉ DE VITRY SITE PASTEUR,M12,8 905,3 537,5 368,0,"50,6 %","49,83","2,45","0,6 %"
PRIVÉ,940813017,UNITÉ D'AUTODIALYSE DE VILLEJUIF,M12,0,0,0,13 570,"70,6 %","57,79","0,00","0,0 %"
PRIVÉ,940813033,CLINIQUE DE BERCY,M12,14 080,1 995,12 085,284,"45,9 %","48,64","0,37","0,0 %"
PRIVÉ,950032714,CLINIQUE AMBULATOIRE DE DOMONT,M12,10 833,1 à 10,10 832,0,"45,8 %","53,90","0,00","0,0 %"
PRIVÉ,950300095,POLYCLINIQUE DU PLATEAU,M12,6 689,1 496,5 193,21 589,"51,8 %","66,86","0,32","0,1 %"
PRIVÉ,950300152,CLINIQUE MIRABEAU,M12,292,292,0,0,"39,4 %","82,00","7,19","6,2 %"
PRIVÉ,950300202,CLINIQUE CONTI,M12,16 619,5 232,11 387,91,"45,9 %","47,37","1,08","0,0 %"
PRIVÉ,950300244,CH PRIVÉ SAINTE MARIE,M12,24 102,5 694,18 408,6 837,"47,0 %","53,69","0,92","0,5 %"
PRIVÉ,950300277,HÔPITAL PRIVÉ NORD PARISIEN,M12,18 727,6 846,11 881,25 577,"50,2 %","55,51","0,73","0,2 %"
PRIVÉ,950300301,CLINIQUE MEDICALE DU PARC ST OUEN,M12,610,605,1 à 10,1 169,"52,4 %","62,22","3,52","11,4 %"
PRIVÉ,950300350,CLINIQUE DU PARISIS,M12,4 044,621,3 423,7 700,"58,4 %","62,11","0,33","0,1 %"
PRIVÉ,950807982,CLINIQUE CLAUDE BERNARD,M12,28 820,10 401,18 419,11 929,"48,3 %","52,78","1,01","0,2 %"
PRIVÉ,970100012,POLYCLINIQUE DE LA GUADELOUPE,M12,11 686,5 780,5 906,32,"38,2 %","54,34","1,77","0,0 %"
PRIVÉ,970100020,CENTRE MEDICO-SOCIAL,M12,7 784,1 703,6 081,153,"31,9 %","56,70","0,86","0,6 %"
PRIVÉ,970100111,LES NOUVELLES EAUX VIVES,M12,0,0,0,18 598,"51,6 %","68,44","0,00","0,0 %"
PRIVÉ,970100137,POLYCLINIQUE SAINT-CHRISTOPHE,M12,335,334,1 à 10,0,"53,7 %","77,97","6,22","2,7 %"
PRIVÉ,970102596,CLINIQUE DE CHOISY,M12,2 315,1 084,1 231,46 166,"51,2 %","65,83","0,09","0,0 %"
PRIVÉ,970103099,CLINIQUE LES NOUVELLES EAUX-MARINES,M12,454,454,0,0,"41,4 %","73,38","7,25","1,1 %"
PRIVÉ,970107249,CLINIQUE LES EAUX CLAIRES,M12,4 384,1 662,2 722,39,"38,8 %","52,49","1,35","0,1 %"
PRIVÉ,970107454,A.U.D.R.A.,M12,0,0,0,37 224,"55,2 %","63,67","0,00","0,0 %"
PRIVÉ,970111662,GGCO,M12,0,0,0,5 119,"40,0 %","62,16","0,00","0,0 %"
PRIVÉ,970111688,GGCO,M12,0,0,0,570,"51,6 %","63,32","0,00","0,0 %"
PRIVÉ,970202313,CLINIQUE SAINT PAUL,M12,18 149,5 336,12 813,0,"38,8 %","53,56","1,15","0,0 %"
PRIVÉ,970202321,SA CLINIQUE SAINTE MARIE,M12,5 636,2 528,3 108,1 à 10,"40,6 %","52,90","2,74","0,6 %"
PRIVÉ,970203774,STEER SARL,M12,0,0,0,15 655,"67,9 %","63,81","0,00","0,0 %"
PRIVÉ,970209219,E.T.E.E.R.,M12,0,0,0,13 041,"63,8 %","68,54","0,00","0,0 %"
PRIVÉ,970302055,HÔPITAL PRIVÉ SAINT-GABRIEL,M12,4 270,1 046,3 224,12 067,"52,9 %","57,24","0,16","0,0 %"
PRIVÉ,970302071,CLINIQUE SAINT-PAUL,M12,65,62,1 à 10,0,"50,8 %","59,94","13,48","3,1 %"
PRIVÉ,970404018,CENTRE D'HEMODIALYSE MG DURIEUX,M12,1 à 10,0,1 à 10,14 099,"52,8 %","71,07","0,00","0,0 %"
PRIVÉ,970404109,INSTITUT ROBERT DEBRE,M12,515,512,1 à 10,0,"88,9 %","45,95","7,43","0,0 %"
PRIVÉ,970404158,CENTRE UDM-UAD,M12,0,0,0,11 566,"43,4 %","70,70","0,00","0,0 %"
PRIVÉ,970404844,CLINIQUE SAINT-VINCENT,M12,7 430,1 120,6 310,21,"39,9 %","49,66","0,22","0,0 %"
PRIVÉ,970405064,CENTRE,M12,0,0,0,13 344,"60,3 %","69,59","0,00","0,0 %"
PRIVÉ,970405411,SODIA DELPRA,M12,33,0,33,28 012,"55,5 %","66,56","0,00","0,0 %"
PRIVÉ,970405452,SODIA JEANNE D'ARC,M12,0,0,0,22 288,"46,9 %","69,15","0,00","0,0 %"
PRIVÉ,970462024,CLINIQUE JEANNE D'ARC,M12,4 583,3 381,1 202,58,"15,1 %","22,17","2,94","0,2 %"
PRIVÉ,970462073,CLINIQUE DURIEUX,M12,15 787,4 879,10 908,19,"41,2 %","45,43","0,87","0,0 %"
PRIVÉ,970462081,CLINIQUE LES ORCHIDEES,M12,13 206,4 165,9 041,3 390,"44,9 %","47,29","0,71","0,0 %"
PRIVÉ,970462107,CLINIQUE SAINTE CLOTILDE,M12,25 995,17 598,8 397,5 611,"42,2 %","50,63","2,22","0,6 %"
PRIVÉ,970466751,SARL AVICENNE,M12,3 411,0,3 411,0,"47,7 %","61,34","0,00","0,0 %"
PRIVÉ,980500763,UNITÉ D'AUTODIALYSE MAMOUDZOU,M12,0,0,0,8 321,"64,4 %","64,14","0,00","0,0 %"
,,Total,,NA,NA,NA,NA,"50,3 %","58,85","1,10","0,4 %"
