﻿Catégorie,Finess,Raison Sociale,Période,Nombre de séjoursséances total,Nombre de séjours en hospit complète,Nombre de séjours en hospit partielle,Nombre de séances,Sexe ratio (% homme),Age moyen,Durée moyenne de séjour,% décès
PRIVÉ,010007300,CLINIQUE AMBULATOIRE CENDANEG,M12,2 361,0,2 361,0,"46,9 %","63,16","0,00","0,0 %"
PRIVÉ,010780195,CLINIQUE CONVERT BOURG-EN-B.,M12,19 967,8 536,11 431,2 767,"52,7 %","58,24","1,42","0,7 %"
PRIVÉ,010780203,HÔPITAL PRIVÉ D'AMBERIEU,M12,12 296,6 713,5 583,215,"42,6 %","52,31","2,09","0,9 %"
PRIVÉ,010780294,NEPHROCARE CH BELLEY,M12,0,0,0,7 991,"70,8 %","68,16","0,00","0,0 %"
PRIVÉ,020000360,CLINIQUE SAINT CHRISTOPHE,M12,6 882,1 268,5 614,0,"50,5 %","53,54","0,54","0,0 %"
PRIVÉ,020010047,POLYCLINIQUE ST CLAUDE,M12,16 911,7 188,9 723,4 252,"44,1 %","55,81","1,43","0,5 %"
PRIVÉ,030780548,POLYCLINIQUE PERGOLA - VICHY,M12,8 015,2 143,5 872,47,"48,4 %","62,21","0,70","0,2 %"
PRIVÉ,030781116,CLINIQUE ST-FRANC ST ANT -DESERTINE,M12,14 315,6 853,7 462,6 948,"56,8 %","65,40","2,10","1,2 %"
PRIVÉ,030785430,POLYCLINIQUE ST-ODILON - MOULINS,M12,9 394,4 165,5 229,1 083,"50,4 %","62,20","1,35","0,6 %"
PRIVÉ,040780470,CLINIQUE CHIRURGICALE TOUTES AURES,M12,6 126,699,5 427,0,"49,6 %","61,55","0,38","0,0 %"
PRIVÉ,040784860,CENTRE D'HEMODIALYSE DES ALPES,M12,0,0,0,18 261,"65,6 %","72,13","0,00","0,0 %"
PRIVÉ,050000090,CLINIQUE DES HAUTES-ALPES,M12,12 325,2 024,10 301,499,"50,2 %","57,05","0,34","0,0 %"
PRIVÉ,060010949,AGAHTIR UDM ANTIBES,M12,0,0,0,3 149,"67,4 %","70,26","0,00","0,0 %"
PRIVÉ,060021276,AGAHTIR CENTRE D'HEMODIALYSE,M12,0,0,0,9 527,"48,9 %","77,02","0,00","0,0 %"
PRIVÉ,060021417,HÔPITAL PRIVÉ CANNES OXFORD,M12,18 789,3 814,14 975,216,"47,6 %","58,87","0,87","0,3 %"
PRIVÉ,060022845,UNITÉ DIALYSE MEDICALISEE INST TZANCK,M12,0,0,0,8 340,"61,5 %","69,83","0,00","0,0 %"
PRIVÉ,060780442,CLINIQUE SAINT FRANCOIS,M12,6 130,1 616,4 514,0,"40,4 %","56,10","0,31","0,0 %"
PRIVÉ,060780491,INSTITUT ARNAULT TZANCK,M12,17 455,7 119,10 336,0,"55,7 %","62,37","2,07","0,7 %"
PRIVÉ,060780517,POLYCLINIQUE SAINT-JEAN,M12,27 263,9 898,17 365,8 560,"44,3 %","58,51","1,21","0,6 %"
PRIVÉ,060780590,CLINIQUE DU PALAIS,M12,8 357,1 880,6 477,373,"48,1 %","56,78","0,67","0,1 %"
PRIVÉ,060780665,CLINIQUE LE MERIDIEN,M7,2 040,239,1 801,0,"48,0 %","54,23","0,66","0,0 %"
PRIVÉ,060780699,CLINIQUE MOZART,M12,1 997,1 à 10,1 996,0,"29,7 %","56,21","0,00","0,0 %"
PRIVÉ,060780715,CLINIQUE SAINT GEORGE,M12,36 784,17 010,19 774,8 802,"43,8 %","56,81","1,54","0,5 %"
PRIVÉ,060780723,CLINIQUE DU PARC IMPERIAL,M12,14 569,4 333,10 236,4 230,"47,3 %","61,18","0,78","0,4 %"
PRIVÉ,060780756,CLINIQUE SANTA MARIA,M12,14 264,6 548,7 716,67,"28,4 %","40,43","1,61","0,1 %"
PRIVÉ,060781200,CLINIQUE SAINT ANTOINE,M12,11 003,4 223,6 780,74,"42,6 %","61,38","2,08","0,9 %"
PRIVÉ,060785219,CLINIQUE PLEIN CIEL,M12,4 773,4 645,128,8 185,"43,6 %","68,20","2,46","2,0 %"
PRIVÉ,060791860,CENTRE D'HEMODIALYSE A TZANCK,M12,0,0,0,25 743,"63,0 %","70,48","0,00","0,1 %"
PRIVÉ,060792900,A TZANCK AUTODIALYSE MOUGINS,M12,0,0,0,3 164,"64,1 %","65,33","0,00","0,0 %"
PRIVÉ,060792926,CENTRE D'HEMODIALYSE LA RIVIERA ANTIBES,M12,0,0,0,9 157,"63,0 %","72,39","0,00","0,0 %"
PRIVÉ,060800166,HP A. TZANCK MOUGINS SOPHIA ANTIPOLIS,M12,16 719,4 476,12 243,214,"51,4 %","58,47","1,16","0,1 %"
PRIVÉ,070780168,CLINIQUE DU VIVARAIS,M12,5 993,1 347,4 646,11,"45,6 %","62,25","0,73","0,1 %"
PRIVÉ,070780408,CLINIQUE DES CEVENNES,M9,2 103,362,1 741,1 à 10,"50,3 %","55,39","0,39","0,0 %"
PRIVÉ,070780424,CLINIQUE PASTEUR,M12,18 366,9 188,9 178,1 à 10,"44,6 %","52,20","2,44","0,5 %"
PRIVÉ,100000082,CLINIQUE PAYS DE SEINE,M12,3 805,1 032,2 773,0,"44,4 %","57,67","0,86","0,1 %"
PRIVÉ,100000124,POLYCLINIQUE MONTIER LA CELLE,M12,8 635,4 254,4 381,394,"49,8 %","59,80","1,67","0,1 %"
PRIVÉ,100000157,CLINIQUE DES URSULINES,M12,5 011,635,4 376,49,"42,7 %","53,64","0,21","0,0 %"
PRIVÉ,100002351,CLINIQUE DE CHAMPAGNE - TROYES,M7,6 816,2 751,4 065,4 077,"48,5 %","55,42","0,87","0,2 %"
PRIVÉ,110004413,AIDER UAD NARBONNE,M12,0,0,0,2 235,"74,2 %","65,50","0,00","0,0 %"
PRIVÉ,110004421,AIDER UAD LIMOUX,M12,0,0,0,1 700,"77,3 %","70,92","0,00","0,0 %"
PRIVÉ,110004439,AIDER UAD DE TREBES,M12,0,0,0,1 826,"63,7 %","62,49","0,00","0,0 %"
PRIVÉ,110005311,AIDER UAD DE CARCASSONNE,M12,0,0,0,5 712,"72,1 %","66,96","0,00","0,0 %"
PRIVÉ,110007259,UDM HÔPITAL PRIVÉ DU GRAND NARBONNE,M12,0,0,0,3 747,"80,3 %","65,95","0,00","0,0 %"
PRIVÉ,110780228,HÔPITAL PRIVÉ DU GRAND NARBONNE,M12,20 633,8 807,11 826,19 306,"48,5 %","65,33","1,07","0,8 %"
PRIVÉ,110780483,CLINIQUE MONTREAL,M12,13 891,3 998,9 893,1 436,"51,7 %","62,30","1,14","1,4 %"
PRIVÉ,120001748,UNITÉ DIALYSE MEDICALISEE MILLAU,M12,0,0,0,6 599,"67,4 %","73,74","0,00","0,0 %"
PRIVÉ,120787254,AIDER AUTODIALYSE DE MILLAU,M12,0,0,0,77,"98,7 %","39,21","0,00","0,0 %"
PRIVÉ,130008253,CLINIQUE DE VITROLLES,M12,9 530,4 367,5 163,435,"32,8 %","31,98","1,62","0,1 %"
PRIVÉ,130034531,DIAVERUM PROVENCE ARLES,M12,0,0,0,22 071,"60,9 %","73,23","0,00","0,0 %"
PRIVÉ,130037922,HPC RESIDENCE DU PARC,M12,8 472,3 792,4 680,265,"43,6 %","55,06","2,00","0,5 %"
PRIVÉ,130038003,DIALYSAIX - CENTRE D'HÉMODIALYSE D'AIX EN PROVENCE,M12,0,0,0,24 747,"66,9 %","75,04","0,00","0,0 %"
PRIVÉ,130041767,EUROMED CARDIO,M12,2 867,2 637,230,0,"64,7 %","68,84","3,75","0,8 %"
PRIVÉ,130042096,GCS CENTRE CARDIO AXIUM RAMBO,M12,3 407,3 118,289,0,"68,8 %","70,31","2,53","0,4 %"
PRIVÉ,130044753,CLINIQUE MONTICELLI VELODROME,M12,12 739,879,11 860,0,"45,4 %","63,09","0,08","0,0 %"
PRIVÉ,130781289,POLYCLINIQUE DU PARC RAMBOT LA PROVENCALE,M12,7 084,1 232,5 852,8 366,"44,5 %","58,73","0,48","0,3 %"
PRIVÉ,130781370,CLINIQUE JEANNE D'ARC,M12,7 244,1 865,5 379,234,"48,9 %","55,84","1,00","0,1 %"
PRIVÉ,130781479,CLINIQUE LA CASAMANCE,M12,19 353,9 259,10 094,3 533,"50,3 %","60,41","2,37","1,1 %"
PRIVÉ,130781867,CLINIQUE DE LA CIOTAT,M12,6 828,948,5 880,4 486,"54,2 %","63,04","0,24","0,1 %"
PRIVÉ,130782071,CLINIQUE DE L'ETANG DE L'OLIVIER,M12,9 252,2 665,6 587,32,"50,9 %","51,87","1,59","0,6 %"
PRIVÉ,130782147,CLINIQUE GENERALE DE MARIGNANE,M12,16 367,7 487,8 880,40,"52,6 %","61,24","2,49","1,5 %"
PRIVÉ,130782162,CLINIQUE DE MARTIGUES,M12,8 059,1 909,6 150,1 à 10,"48,5 %","56,14","0,85","0,1 %"
PRIVÉ,130782675,CLINIQUE CHIRURGICALE DU DR VIGNOLI,M12,8 203,1 008,7 195,63,"49,1 %","56,88","0,31","0,0 %"
PRIVÉ,130783327,CLINIQUE BOUCHARD,M12,18 764,9 150,9 614,24 446,"48,6 %","58,92","0,94","0,2 %"
PRIVÉ,130783723,CLINIQUE JUGE,M12,21 940,5 118,16 822,1 à 10,"44,4 %","49,67","0,49","0,0 %"
PRIVÉ,130784051,POLYCLINIQUE CLAIRVAL,M12,14 401,11 901,2 500,15 345,"59,0 %","64,95","2,77","0,7 %"
PRIVÉ,130784481,DIAVERUM PROVENCE MARSEILLE 8E,M12,0,0,0,49 214,"58,9 %","71,90","0,00","0,0 %"
PRIVÉ,130784713,CLINIQUE BEAUREGARD,M12,24 891,13 236,11 655,5 586,"34,6 %","49,63","2,35","0,8 %"
PRIVÉ,130784903,CLINIQUE MÉDICO-CHIRURGICALE LA PHOCEANNE,M12,5 238,1 472,3 766,0,"36,9 %","66,99","2,31","0,1 %"
PRIVÉ,130785389,CLINIQUE CHANTECLER,M12,10 745,1 618,9 127,0,"52,0 %","54,44","0,50","0,0 %"
PRIVÉ,130785678,CLINIQUE VERT COTEAU,M12,8 400,2 810,5 590,1 769,"48,6 %","60,07","2,86","1,2 %"
PRIVÉ,130786361,POLYCLINIQUE DU PARC RAMBOT,M12,24 133,9 587,14 546,236,"53,8 %","59,63","1,84","0,7 %"
PRIVÉ,130789159,CENTRE CARDIO-VASCULAIRE VALMANT,M12,964,963,1 à 10,0,"41,3 %","82,54","9,91","5,2 %"
PRIVÉ,130809809,CENTRE D'HEMODIALYSE DE PROVENCE,M12,0,0,0,21 180,"57,8 %","73,26","0,00","0,0 %"
PRIVÉ,130810740,CLINIQUE AXIUM,M12,23 717,4 990,18 727,0,"50,4 %","53,84","0,91","0,3 %"
PRIVÉ,140000290,CLINIQUE NOTRE-DAME,M12,6 870,2 530,4 340,85,"46,4 %","59,35","1,49","0,2 %"
PRIVÉ,140016759,POLYCLINIQUE DU PARC,M12,26 579,13 453,13 126,4 473,"40,5 %","51,58","1,73","0,6 %"
PRIVÉ,140017237,CH PRIVÉ ST MARTIN CAEN,M12,37 656,15 263,22 393,15 739,"58,2 %","66,02","1,10","0,2 %"
PRIVÉ,140018730,POLYCLINIQUE DE LISIEUX,M12,6 986,1 857,5 129,1 à 10,"52,7 %","61,25","0,74","0,0 %"
PRIVÉ,140026709,POLYCLINIQUE DE DEAUVILLE-CRICQUEBOEUF,M12,5 252,1 778,3 474,1 à 10,"46,3 %","58,18","1,37","0,2 %"
PRIVÉ,150780120,CLINIQUE DU HAUT CANTAL,M12,364,364,0,0,"52,2 %","66,19","3,80","1,1 %"
PRIVÉ,150780732,CENTRE MÉDICO-CHIRURGICAL AURILLAC,M12,11 516,4 982,6 534,16 548,"58,0 %","67,73","1,23","0,6 %"
PRIVÉ,160000170,CLINIQUE SAINT JOSEPH ANGOULEME,M12,10 655,2 697,7 958,0,"49,7 %","57,30","0,78","0,0 %"
PRIVÉ,160000279,CLINIQUE DE COGNAC,M12,6 476,1 448,5 028,0,"46,4 %","55,80","0,76","0,0 %"
PRIVÉ,160013207,CENTRE CLINICAL,M12,19 459,7 038,12 421,4 486,"44,0 %","56,25","1,13","0,5 %"
PRIVÉ,170780563,ÉTABLISSEMENT DE SOINS PASTEUR - ROYAN,M12,12 075,4 654,7 421,698,"56,9 %","62,47","1,52","0,3 %"
PRIVÉ,170780613,SA CLINIQUE DU MAIL,M12,8 259,3 692,4 567,155,"42,3 %","53,03","1,19","0,0 %"
PRIVÉ,170780621,POLYCLINIQUE SAINT-GEORGES,M12,5 887,1 716,4 171,0,"46,8 %","62,91","1,29","0,1 %"
PRIVÉ,170780647,CLINIQUE RICHELIEU - SAINTES,M12,7 894,1 284,6 610,0,"45,6 %","58,28","0,41","0,0 %"
PRIVÉ,170780662,CLINIQUE DE L'ATLANTIQUE,M12,21 717,2 832,18 885,1 à 10,"45,7 %","61,20","0,29","0,0 %"
PRIVÉ,180000358,CLINIQUE DES GRAINETIERES,M12,5 720,1 736,3 984,779,"50,6 %","60,61","1,09","0,2 %"
PRIVÉ,180004145,HÔPITAL PRIVÉ GUILLAUME DE VARYE,M12,15 217,6 241,8 976,5 744,"43,9 %","56,46","1,44","0,8 %"
PRIVÉ,190000224,CLINIQUE LES CEDRES BRIVE,M12,15 004,6 322,8 682,213,"49,5 %","61,11","1,89","0,4 %"
PRIVÉ,190000257,CLINIQUE SAINT-GERMAIN BRIVE,M12,6 110,1 944,4 166,93,"39,8 %","51,75","0,97","0,1 %"
PRIVÉ,190010553,UNITÉ DE DIALYSE BRIVE,M12,0,0,0,12 065,"68,5 %","67,61","0,00","0,0 %"
PRIVÉ,200200145,POLYCLINIQUE LA RESIDENCE,M12,13 124,4 641,8 483,4 403,"44,8 %","55,90","1,28","0,6 %"
PRIVÉ,210011847,POLYCLINIQUE DU PARC DREVON,M12,15 212,4 020,11 192,4 604,"43,8 %","57,61","0,77","0,6 %"
PRIVÉ,210012670,HÔPITAL PRIVÉ DIJON BOURGOGNE,M12,39 780,15 941,23 839,239,"47,1 %","51,47","1,24","0,1 %"
PRIVÉ,210780789,CLINIQUE MUTUALISTE BENIGNE JOLY,M12,12 119,6 044,6 075,19 231,"63,4 %","63,54","0,82","0,3 %"
PRIVÉ,220000111,POLYCLINIQUE DU TREGOR,M12,6 702,1 736,4 966,1 514,"49,3 %","63,47","0,82","0,1 %"
PRIVÉ,220005599,POLYCLINIQUE DU PAYS DE RANCE,M12,10 302,2 601,7 701,43,"49,3 %","62,48","0,92","0,1 %"
PRIVÉ,220013106,UNITÉ DIALYSE BEGARD AUB SANTÉ,M12,0,0,0,985,"62,8 %","62,07","0,00","0,0 %"
PRIVÉ,220013130,UNITÉ D'AUTODIALYSE PAIMPOL - AUB,M12,0,0,0,744,"98,8 %","67,50","0,00","0,0 %"
PRIVÉ,220013155,UNITÉ D'AUTODIALYSE SAINT ALBAN - AUB,M12,0,0,0,227,"86,8 %","77,80","0,00","0,0 %"
PRIVÉ,220016778,UNITÉ DIALYSE SAINT BRIEUC AUB SANTÉ,M12,0,0,0,13,"100,0 %","51,62","0,00","0,0 %"
PRIVÉ,220019558,UNIT DIALYSE LA BEAUCHÉE ST BRIEUC AUB,M12,0,0,0,6 530,"69,2 %","66,64","0,00","0,0 %"
PRIVÉ,220019848,UNITÉ DIALYSE LOUDEAC AUB SANTÉ,M12,0,0,0,1 108,"67,8 %","58,33","0,00","0,0 %"
PRIVÉ,220020507,UNITÉ DIALYSE LANNION AUB SANTÉ,M12,0,0,0,7 039,"64,9 %","69,94","0,00","0,0 %"
PRIVÉ,220021976,UNITÉ DIALYSE DINAN AUB SANTÉ,M12,0,0,0,2 786,"60,0 %","67,90","0,00","0,0 %"
PRIVÉ,220022800,HÔPITAL PRIVÉ DES COTES D'ARMOR,M12,26 680,10 851,15 829,10 699,"45,5 %","57,09","1,26","0,6 %"
PRIVÉ,230780157,CLINIQUE DE LA MARCHE GUERET,M12,4 744,1 257,3 487,54,"44,8 %","60,45","0,94","0,0 %"
PRIVÉ,240000190,POLYCLINIQUE FRANCHEVILLE,M12,14 838,5 863,8 975,6 724,"48,7 %","61,52","1,32","1,0 %"
PRIVÉ,240000208,CLINIQUE PASTEUR,M12,7 692,1 596,6 096,12,"51,5 %","63,43","0,80","0,0 %"
PRIVÉ,240000216,CLINIQUE DU PARC,M12,8 328,1 297,7 031,0,"45,6 %","59,25","0,48","0,0 %"
PRIVÉ,240006734,CENTRE D'HEMODIALYSE FRANCHEVILLE,M12,0,0,0,24 202,"58,4 %","73,11","0,00","0,0 %"
PRIVÉ,250000270,CLINIQUE SAINT-VINCENT,M12,27 153,9 966,17 187,21,"54,1 %","60,39","1,09","0,3 %"
PRIVÉ,250011848,POLYCLINIQUE DE FRANCHE COMTE,M12,18 329,8 146,10 183,1 694,"37,9 %","51,48","1,33","0,0 %"
PRIVÉ,260000260,CLINIQUE LA PARISIERE,M12,8 395,1 998,6 397,117,"52,9 %","56,11","0,66","0,0 %"
PRIVÉ,260003017,SA CLINIQUE KENNEDY,M12,18 998,5 996,13 002,18,"53,2 %","55,60","0,87","0,1 %"
PRIVÉ,260006267,CLINIQUE GENERALE,M12,8 762,1 408,7 354,4 265,"41,9 %","52,70","0,48","0,6 %"
PRIVÉ,270000326,CLINIQUE PASTEUR,M12,12 512,5 107,7 405,7 638,"52,5 %","62,25","0,83","0,4 %"
PRIVÉ,270000862,CLINIQUE BERGOUIGNAN,M12,8 266,3 350,4 916,1 à 10,"54,0 %","58,83","1,32","0,2 %"
PRIVÉ,280000449,POLE MEDICAL MAISON BLANCHE,M12,1 397,1 276,121,0,"54,0 %","71,64","6,69","1,3 %"
PRIVÉ,280504689,CLINIQUE NÉPHROLOGIQUE DE MAISON BLANCHE,M12,0,0,0,12 436,"57,1 %","69,17","0,00","0,0 %"
PRIVÉ,280505777,HÔPITAL PRIVÉ D'EURE ET LOIR,M12,17 654,6 677,10 977,2 468,"47,7 %","59,14","1,28","0,6 %"
PRIVÉ,290000140,CLINIQUE PASTEUR-SAINT ESPRIT,M12,17 006,5 566,11 440,8 086,"43,0 %","60,58","0,96","0,9 %"
PRIVÉ,290000207,CLINIQUE ST MICHEL ET STE ANNE,M12,12 799,3 052,9 747,2 307,"50,3 %","65,39","0,80","0,6 %"
PRIVÉ,290000215,POLYCLINIQUE QUIMPER SUD,M12,12 869,4 013,8 856,103,"44,2 %","57,87","1,09","0,1 %"
PRIVÉ,290000850,STE BRESTOISE DU REIN ARTIFICIEL,M12,0,0,0,9 038,"68,7 %","74,34","0,00","0,0 %"
PRIVÉ,290004142,CLINIQUE DU GRAND LARGE,M12,8 382,2 705,5 677,152,"45,7 %","55,60","1,11","0,1 %"
PRIVÉ,290005131,UNITÉ DIALYSE PLOURIN-LES-MORLAIX AUB,M12,0,0,0,3 946,"58,0 %","73,96","0,00","0,0 %"
PRIVÉ,290005172,UNITÉ DIALYSE BREST HERMITAGE AUB,M12,0,0,0,2 331,"58,4 %","59,40","0,00","0,0 %"
PRIVÉ,290005230,UNITÉ DIALYSE DOUARNENEZ - AUB,M12,0,0,0,2 434,"42,6 %","73,70","0,00","0,0 %"
PRIVÉ,290018555,UNITÉ D'AUTODIALYSE MORLAIX - AUB,M12,0,0,0,5 131,"56,1 %","66,01","0,00","0,0 %"
PRIVÉ,290018563,UNITÉ DIALYSE QUIMPER KERRADENNEC AUB,M12,0,0,0,9 501,"68,5 %","66,77","0,00","0,0 %"
PRIVÉ,290019777,POLYCLINIQUE DE KERAUDREN,M12,25 359,13 449,11 910,94,"47,6 %","48,30","1,84","0,2 %"
PRIVÉ,290021070,UNITÉ D'AUTODIALYSE CONCARNEAU - AUB,M12,0,0,0,1 987,"91,6 %","69,75","0,00","0,0 %"
PRIVÉ,290023431,CENTRE MÉDICO-CHIRURGICAL BAIE DE MORLAIX,M12,7 539,1 864,5 675,690,"50,9 %","60,40","0,71","0,2 %"
PRIVÉ,290023779,UNITÉ DIALYSE CARHAIX AUB,M12,0,0,0,4 628,"70,9 %","69,85","0,00","0,0 %"
PRIVÉ,290023787,UNITÉ DIALYSE LANDIVISIAU AUB SANTÉ,M12,0,0,0,532,"89,7 %","59,78","0,00","0,0 %"
PRIVÉ,290023795,UNITÉ D'AUTODIALYSE LE FOLGOET - AUB,M12,0,0,0,1 455,"82,9 %","67,75","0,00","0,0 %"
PRIVÉ,290025337,UNITÉ DIALYSE PLONEOUR LANVERN AUB,M12,0,0,0,465,"75,9 %","63,82","0,00","0,0 %"
PRIVÉ,290028539,UNITÉ DIALYSE LANDERNEAU - AUB,M12,0,0,0,157,"45,9 %","62,97","0,00","0,0 %"
PRIVÉ,290029669,UNITÉ DIALYSE QUIMPER AUB SANTÉ,M12,0,0,0,4 282,"55,9 %","74,84","0,00","0,0 %"
PRIVÉ,290030808,UNITÉ DIALYSE CROZON AUB SANTÉ,M12,0,0,0,2 433,"49,6 %","74,13","0,00","0,0 %"
PRIVÉ,290032028,UNITÉ DIALYSE BREST QUESTEL AUB SANTÉ,M12,0,0,0,9 108,"59,9 %","67,30","0,00","0,0 %"
PRIVÉ,290032655,UNITÉ DIALYSE QUIMPERLE MELLAC AUB,M12,0,0,0,1 030,"32,6 %","74,16","0,00","0,0 %"
PRIVÉ,2A0000139,SA CLINISUD,M12,13 820,3 946,9 874,169,"49,1 %","58,73","1,09","0,3 %"
PRIVÉ,2A0000154,CLINIQUE DU SUD DE LA CORSE,M12,5 801,2 616,3 185,2 974,"57,0 %","57,93","1,43","0,8 %"
PRIVÉ,2B0000079,CLINIQUE DR FILIPPI,M12,4 492,341,4 151,1 à 10,"43,4 %","58,82","0,08","0,1 %"
PRIVÉ,2B0000392,POLYCLINIQUE DE FURIANI,M12,5 391,2 439,2 952,1 à 10,"61,0 %","59,28","1,61","0,1 %"
PRIVÉ,2B0005664,CLINIQUE DE TOGA,M12,187,183,1 à 10,0,"68,4 %","72,59","17,87","50,8 %"
PRIVÉ,300002508,CENTRE DE CHIRURGIE AMBULATOIRE DES HAUTS D'AVIGNON,M12,4 294,0,4 294,0,"49,3 %","47,06","0,00","0,0 %"
PRIVÉ,300007119,AIDER ALES,M12,0,0,0,8 377,"55,7 %","68,26","0,00","0,0 %"
PRIVÉ,300007168,AIDER BAGNOLS SUR CEZE,M12,0,0,0,279,"44,8 %","61,50","0,00","0,0 %"
PRIVÉ,300008588,NEPHROCARE NIMES,M12,0,0,0,20 426,"56,9 %","73,16","0,00","0,0 %"
PRIVÉ,300008638,NEPHROCARE BAGNOLS SUR CEZE,M12,0,0,0,4 991,"85,7 %","74,76","0,00","0,0 %"
PRIVÉ,300017209,KENVAL INSTITUT DE CANCEROLOGIE,M12,915,873,42,7 599,"45,5 %","65,09","0,80","1,5 %"
PRIVÉ,300017431,AIDER SANTÉ UAD UDM GCS PAAC,M12,0,0,0,12 023,"50,9 %","76,00","0,00","0,0 %"
PRIVÉ,300017498,CLINIQUE AMBULATOIRE DE LA CEZE,M12,3 263,0,3 263,0,"47,6 %","49,01","0,00","0,0 %"
PRIVÉ,300780137,NOUVELLE CLINIQUE BONNEFON,M12,13 260,5 611,7 649,158,"48,0 %","59,03","2,12","1,1 %"
PRIVÉ,300780152,HÔPITAL PRIVÉ LES FRANCISCAINES,M12,15 204,9 640,5 564,167,"54,5 %","61,04","3,00","0,6 %"
PRIVÉ,300781465,CLINIQUE KENNEDY,M12,11 304,4 531,6 773,31,"40,7 %","50,09","1,44","0,0 %"
PRIVÉ,300787421,AIDER DE NIMES,M12,0,0,0,18 773,"65,6 %","67,00","0,00","0,0 %"
PRIVÉ,300788502,POLYCLINIQUE DU GRAND SUD,M12,29 545,11 615,17 930,3 521,"42,0 %","51,08","1,25","0,1 %"
PRIVÉ,310026083,CLINIQUE SAINT-CYPRIEN RIVE GAUCHE,M12,30 766,13 069,17 697,109,"40,3 %","35,85","1,40","0,1 %"
PRIVÉ,310026927,CLINIQUE CAPIO LA CROIX DU SUD,M12,7 439,3 089,4 350,852,"44,4 %","53,62","1,36","0,5 %"
PRIVÉ,310780101,CLINIQUE SAINT JEAN LANGUEDOC,M12,24 362,8 387,15 975,3 331,"45,8 %","54,13","1,06","0,3 %"
PRIVÉ,310780150,CLINIQUE MEDIPOLE GARONNE,M12,20 021,7 984,12 037,104,"49,0 %","49,38","0,92","0,0 %"
PRIVÉ,310780259,SA CLINIQUE PASTEUR,M12,41 036,24 745,16 291,15 542,"50,9 %","64,27","2,00","0,8 %"
PRIVÉ,310780283,NOUVELLE CLINIQUE DE L'UNION,M12,45 973,22 096,23 877,5 587,"49,3 %","56,23","1,77","0,8 %"
PRIVÉ,310780309,POLYCLINIQUE DU PARC,M12,11 252,5 539,5 713,275,"45,5 %","55,69","1,93","0,7 %"
PRIVÉ,310780366,CLINIQUE MONIE,M12,2 147,1 101,1 046,57,"46,6 %","69,17","5,55","4,4 %"
PRIVÉ,310780382,CLINIQUE AMBROISE PARE,M12,23 580,13 415,10 165,589,"40,3 %","41,26","2,24","0,2 %"
PRIVÉ,310781000,CLINIQUE DES CEDRES,M12,41 835,19 913,21 922,3 454,"47,7 %","57,94","1,93","0,8 %"
PRIVÉ,310781505,CLINIQUE D'OCCITANIE,M12,23 840,11 873,11 967,4 029,"52,4 %","56,63","1,86","0,7 %"
PRIVÉ,310781695,CLINIQUE DE LAGARDELLE,M12,623,618,1 à 10,0,"44,1 %","79,99","13,92","23,9 %"
PRIVÉ,310782016,CLINIQUE NÉPHROLOGIQUE SAINT EXUPERY,M12,1 495,1 442,53,41 693,"61,4 %","72,98","0,24","0,1 %"
PRIVÉ,310786389,CLINIQUE DES PYRENEES,M12,190,190,0,0,"28,4 %","84,17","4,07","0,0 %"
PRIVÉ,310794417,CENTRE NÉPHROLOGIQUE D'OCCITANIE,M12,0,0,0,26 115,"60,4 %","75,76","0,00","0,0 %"
PRIVÉ,320780067,POLYCLINIQUE DE GASCOGNE,M12,6 467,1 886,4 581,12,"55,3 %","59,74","0,98","0,1 %"
PRIVÉ,330017989,CENTRE D'HEMODIALYSE BORDEAUX RIVE DROITE,M12,0,0,0,14 683,"53,2 %","74,26","0,00","0,0 %"
PRIVÉ,330780040,NOUVELLE CLINIQUE BEL AIR,M12,17 987,7 298,10 689,13,"49,8 %","56,72","0,73","0,0 %"
PRIVÉ,330780081,CLINIQUE SAINT AUGUSTIN,M12,16 288,10 147,6 141,14,"64,5 %","60,70","2,73","0,5 %"
PRIVÉ,330780115,CLINIQUE TIVOLI-DUCOS,M12,16 174,5 764,10 410,9 199,"31,9 %","56,17","0,75","0,4 %"
PRIVÉ,330780206,CLINIQUE D'ARCACHON,M12,9 854,2 231,7 623,1 891,"51,1 %","59,28","0,69","0,7 %"
PRIVÉ,330780255,CLINIQUE DU LIBOURNAIS,M12,11 694,1 278,10 416,1 à 10,"46,6 %","60,19","0,27","0,0 %"
PRIVÉ,330780263,POLYCLINIQUE BORDEAUX RIVE DROITE,M12,27 958,12 414,15 544,2 447,"44,8 %","48,54","1,63","0,7 %"
PRIVÉ,330780271,CLINIQUE DU SPORT DE BORDEAUX MERIGNAC,M12,9 333,2 242,7 091,1 à 10,"58,2 %","45,39","0,61","0,0 %"
PRIVÉ,330780354,POLYCLINIQUE BORDEAUX CAUDERAN,M12,899,896,1 à 10,537,"29,8 %","67,33","5,24","2,7 %"
PRIVÉ,330780446,C.T.M.R. ST AUGUSTIN,M12,0,0,0,26 228,"60,6 %","72,41","0,00","0,0 %"
PRIVÉ,330780453,CENTRE D'HEMODIALYSE SAINT MARTIN,M12,0,0,0,22 304,"54,5 %","74,21","0,00","0,0 %"
PRIVÉ,330780479,POLYCLINIQUE BX-NORD AQUITAINE,M12,39 886,22 333,17 553,10 330,"47,1 %","52,44","1,90","1,0 %"
PRIVÉ,330780487,CLINIQUE OPHTALMOLOGIQUE THIERS,M12,6 553,391,6 162,0,"46,9 %","63,48","0,06","0,0 %"
PRIVÉ,330780503,HÔPITAL PRIVÉ SAINT-MARTIN,M12,25 310,9 826,15 484,198,"56,1 %","51,76","1,37","0,2 %"
PRIVÉ,330780511,CLINIQUE SAINTE ANNE,M12,9 064,2 779,6 285,2 053,"52,6 %","59,94","0,88","0,4 %"
PRIVÉ,330781402,NOUVELLE CLINIQUE BORDEAUX TONDU,M12,11 886,5 026,6 860,319,"47,7 %","41,72","1,09","0,4 %"
PRIVÉ,330782582,POLYCLINIQUE JEAN VILLAR,M12,22 405,8 212,14 193,1 395,"40,4 %","49,99","1,50","0,5 %"
PRIVÉ,330783374,CENTRE D'HEMODIALYSE PBNA,M12,0,0,0,24 024,"57,8 %","73,12","0,00","0,0 %"
PRIVÉ,340009539,CENTRE D'HEMODIALYSE AMBULATOIRE SAINT GUILHEM,M12,0,0,0,15 425,"65,9 %","73,23","0,00","0,0 %"
PRIVÉ,340009885,POLYCLINIQUE CHAMPEAU,M12,13 526,6 910,6 616,2 681,"36,0 %","48,61","1,51","0,4 %"
PRIVÉ,340013119,AIDER UAD DE GRABELS,M12,0,0,0,6 668,"65,7 %","58,75","0,00","0,0 %"
PRIVÉ,340013168,AIDER UDSA CLINIQUE JACQUES MIROUZE,M12,0,0,0,25 754,"63,2 %","64,79","0,00","0,0 %"
PRIVÉ,340013218,AIDER UAD DE GANGES,M12,0,0,0,3 210,"72,9 %","72,59","0,00","0,0 %"
PRIVÉ,340013259,AIDER UAD DE BEDARIEUX,M12,0,0,0,972,"86,3 %","55,71","0,00","0,0 %"
PRIVÉ,340013309,AIDER UAD DE CLERMONT L'HERAULT,M12,0,0,0,3 885,"63,6 %","69,22","0,00","0,0 %"
PRIVÉ,340013358,AIDER UAD DE BOUZIGUES,M12,0,0,0,764,"62,6 %","71,52","0,00","0,0 %"
PRIVÉ,340013499,AIDER UAD DE VILLENEUVE LES BEZIERS,M12,0,0,0,4 121,"65,2 %","66,24","0,00","0,0 %"
PRIVÉ,340015502,CLINIQUE LE MILLENAIRE,M12,27 241,15 946,11 295,630,"54,1 %","61,49","2,74","0,7 %"
PRIVÉ,340015965,SAS POLYCLINIQUE SAINT PRIVAT,M12,23 000,11 667,11 333,5 408,"56,6 %","60,51","1,85","0,8 %"
PRIVÉ,340015999,NEPHROCARE BEZIERS,M12,0,0,0,31 591,"55,3 %","73,60","0,00","0,0 %"
PRIVÉ,340017292,DIALYSE ST GUILHEM AGDE,M12,0,0,0,3 780,"73,0 %","65,79","0,00","0,0 %"
PRIVÉ,340019603,GCS HEMODIALYSE LAPEYRONIE,M12,0,0,0,8 753,"67,0 %","70,13","0,00","0,0 %"
PRIVÉ,340022979,POLYCLINIQUE ST ROCH,M12,33 992,14 327,19 665,47,"36,7 %","42,79","1,59","0,1 %"
PRIVÉ,340023142,NEPHROCARE MILLLENAIRE UDM,M12,0,0,0,5 090,"70,0 %","67,30","0,00","0,0 %"
PRIVÉ,340780139,CLINIQUE DU DR. CAUSSE,M12,9 049,3 603,5 446,0,"45,8 %","55,53","1,39","0,0 %"
PRIVÉ,340780147,POLYCLINIQUE DES 3 VALLEES,M12,3 713,1 970,1 743,0,"48,0 %","62,63","2,32","1,1 %"
PRIVÉ,340780154,POLYCLINIQUE PASTEUR,M12,8 773,2 374,6 399,49,"51,0 %","61,99","1,23","0,1 %"
PRIVÉ,340780568,CLINIQUE DU SOUFFLE LA VALONIE,M12,1 147,1 137,1 à 10,0,"54,1 %","67,57","5,55","0,3 %"
PRIVÉ,340780634,POLYCLINIQUE SAINT-JEAN,M12,24 421,7 646,16 775,679,"48,9 %","47,93","1,14","0,3 %"
PRIVÉ,340780667,CLINIQUE DU PARC,M12,25 776,11 959,13 817,7 718,"56,8 %","61,67","2,23","1,1 %"
PRIVÉ,340780675,CLINIQUE CLEMENTVILLE,M12,15 488,8 604,6 884,10 774,"35,5 %","50,43","1,70","0,9 %"
PRIVÉ,340780717,CLINIQUE SAINT- LOUIS,M12,8 744,4 431,4 313,133,"46,4 %","59,79","2,05","0,8 %"
PRIVÉ,340780725,CLINIQUE VIA DOMITIA POLE DE SANTÉ,M12,8 016,1 645,6 371,0,"46,2 %","58,30","0,38","0,0 %"
PRIVÉ,340780741,POLYCLINIQUE SAINTE THERESE,M12,10 958,3 336,7 622,66,"41,5 %","54,27","1,06","0,1 %"
PRIVÉ,340780840,NEPHROCARE CASTELNAU LE PARC,M12,0,0,0,30 611,"65,6 %","73,54","0,00","0,0 %"
PRIVÉ,350000121,CH PRIVÉ ST-GREGOIRE,M12,46 992,22 161,24 831,10 382,"46,5 %","52,25","1,90","0,7 %"
PRIVÉ,350000196,CLINIQUE DE LA COTE D'EMERAUDE,M12,11 061,3 219,7 842,3 630,"51,1 %","61,16","0,60","0,0 %"
PRIVÉ,350002192,POLYCLINIQUE SAINT LAURENT,M12,18 322,9 317,9 005,1 326,"56,2 %","63,63","2,01","1,1 %"
PRIVÉ,350002804,DIALYSE A DOMICILE AUB SANTÉ,M12,0,0,0,11 558,"67,3 %","64,22","0,00","0,0 %"
PRIVÉ,350005146,HÔPITAL PRIVÉ SEVIGNE,M12,23 782,8 217,15 565,5 561,"52,3 %","60,04","1,33","0,4 %"
PRIVÉ,350030763,UNITÉ DIALYSE SAINT MALO AUB SANTÉ,M12,0,0,0,2 254,"80,9 %","58,83","0,00","0,0 %"
PRIVÉ,350032934,UNITÉ DIALYSE PONTCHAILLOU RENNES AUB,M12,0,0,0,16 879,"67,9 %","66,78","0,00","0,0 %"
PRIVÉ,350040044,UNITÉ DIALYSE BROUSSAIS SAINT MALO AUB,M12,0,0,0,16 722,"61,7 %","72,74","0,00","0,0 %"
PRIVÉ,350041059,UNITÉ D'AUTODIALYSE DINARD - AUB,M12,0,0,0,493,"99,8 %","63,50","0,00","0,0 %"
PRIVÉ,350042131,UNITÉ DIALYSE REDON - AUB,M12,0,0,0,3 754,"59,8 %","68,17","0,00","0,0 %"
PRIVÉ,350042602,UNITÉ DIALYSE FOUGERES AUB,M12,0,0,0,5 424,"65,0 %","73,46","0,00","0,0 %"
PRIVÉ,350046751,UNITÉ DIALYSE MONTGERMONT AUB,M12,0,0,0,17 097,"67,5 %","57,76","0,00","0,0 %"
PRIVÉ,360000129,CLINIQUE ST FRANCOIS,M12,10 129,2 706,7 423,188,"52,3 %","58,76","1,14","0,6 %"
PRIVÉ,360002133,RE NEPHRO CHATEAUROUX-AV.KENNEDY,M12,0,0,0,22 956,"68,4 %","71,32","0,00","0,0 %"
PRIVÉ,360002232,CENTRE DE CONVALESCENCE ET DIÉTÉTIQUE MANOIR EN BERRY,M12,1 250,1 248,1 à 10,0,"42,9 %","63,01","5,89","0,9 %"
PRIVÉ,370000051,CLINIQUE JEANNE D ARC,M12,4 504,881,3 623,23,"48,4 %","60,57","0,85","0,1 %"
PRIVÉ,370000085,NCT PLUS SITE SAINT-GATIEN,M12,17 202,7 581,9 621,12 404,"56,0 %","71,33","1,18","0,4 %"
PRIVÉ,370000093,SAS NOUVELLE CLINIQUE DE TOURS +,M12,18 703,9 522,9 181,3 052,"47,2 %","57,04","1,83","0,9 %"
PRIVÉ,370007569,PÔLE SANTÉ LÉONARD DE VINCI,M12,42 003,18 230,23 773,10 117,"41,9 %","52,93","1,74","0,9 %"
PRIVÉ,380013037,CENTRE ENDOSCOPIE NORD ISERE,M12,4 783,0,4 783,0,"45,2 %","56,36","0,00","0,0 %"
PRIVÉ,380020123,CLINIQUE DES COTES DU RHONE,M12,4 068,1 254,2 814,41,"49,9 %","53,14","2,06","0,6 %"
PRIVÉ,380780197,CLINIQUE SAINT VINCENT DE PAUL,M12,13 424,5 909,7 515,1 à 10,"43,8 %","42,79","1,69","0,1 %"
PRIVÉ,380780288,CLINIQUE DE CHARTREUSE,M12,10 688,1 695,8 993,38,"48,3 %","54,73","0,54","0,1 %"
PRIVÉ,380785956,CLINIQUE DES CEDRES,M12,24 420,9 693,14 727,135,"46,3 %","52,47","1,68","0,2 %"
PRIVÉ,380786442,CLINIQUE BELLEDONNE,M12,37 162,15 465,21 697,63,"44,2 %","50,15","1,70","0,3 %"
PRIVÉ,390780559,CLINIQUE DU JURA,M12,2 718,587,2 131,0,"46,8 %","60,65","0,70","0,0 %"
PRIVÉ,390780575,POLYCLINIQUE DU PARC,M12,6 126,2 035,4 091,1 à 10,"56,7 %","55,60","0,99","0,0 %"
PRIVÉ,400780342,CLINIQUE JEAN LE BON,M12,8 427,952,7 475,136,"46,4 %","53,40","0,17","0,0 %"
PRIVÉ,400780359,CLINIQUE DES LANDES,M12,8 546,1 941,6 605,12,"46,2 %","55,48","0,82","0,0 %"
PRIVÉ,400782769,POLYCLINIQUE DE L'ADOUR,M12,6 424,2 254,4 170,50,"52,6 %","62,04","1,97","1,2 %"
PRIVÉ,410000202,POLYCLINIQUE DE BLOIS,M12,16 945,7 357,9 588,34 372,"58,3 %","67,31","0,67","0,4 %"
PRIVÉ,410004998,CLINIQUE DU SAINT COEUR,M12,8 044,3 789,4 255,0,"44,3 %","52,25","1,83","0,3 %"
PRIVÉ,420011413,HÔPITAL PRIVÉ DE LA LOIRE,M12,39 354,19 145,20 209,2 419,"44,7 %","50,73","2,12","0,8 %"
PRIVÉ,420780504,CLINIQUE DU PARC,M12,22 398,5 124,17 274,143,"49,5 %","51,06","0,83","0,1 %"
PRIVÉ,420782310,CLINIQUE DU RENAISON,M12,18 621,6 141,12 480,336,"47,5 %","59,09","1,49","0,4 %"
PRIVÉ,420782591,CLINIQUE NOUVELLE DU FOREZ,M12,3 361,0,3 361,0,"46,7 %","53,11","0,00","0,0 %"
PRIVÉ,430000109,CLINIQUE BON SECOURS - LE PUY,M12,5 988,1 734,4 254,61,"57,5 %","60,11","1,07","0,0 %"
PRIVÉ,430007450,CENTRE MÉDICAL SPECIALISE LE CHAMBON SUR LIGNON,M12,3 110,644,2 466,0,"66,8 %","49,65","1,33","0,0 %"
PRIVÉ,440000404,CLINIQUE SAINTE MARIE,M12,6 611,1 847,4 764,1 à 10,"49,9 %","58,76","1,12","0,2 %"
PRIVÉ,440000412,CLINIQUE BRETECHE VIAUD,M12,15 451,9 494,5 957,296,"30,9 %","44,06","2,49","0,9 %"
PRIVÉ,440000487,CLINIQUE UROLOGIQUE NANTES ATLANTIS,M12,4 479,2 317,2 162,0,"83,1 %","54,19","1,37","0,1 %"
PRIVÉ,440000511,CLINIQUE JEANNE D'ARC,M5,8 020,766,7 254,0,"60,9 %","44,11","0,14","0,0 %"
PRIVÉ,440000651,CLINIQUE SOURDILLE SA,M12,11 843,1 011,10 832,0,"44,0 %","66,97","0,13","0,0 %"
PRIVÉ,440002020,POLYCLINIQUE DE L'EUROPE,M12,20 429,5 877,14 552,62,"52,6 %","60,76","1,14","0,2 %"
PRIVÉ,440005080,DIALYSE ECHO NANTES,M12,0,0,0,17 303,"63,1 %","60,07","0,00","0,0 %"
PRIVÉ,440024982,AHO CLINIQUE SAINT AUGUSTIN,M12,20 609,6 910,13 699,467,"54,9 %","53,43","1,23","0,4 %"
PRIVÉ,440029379,CLINIQUE JULES VERNE,M12,32 267,5 736,26 531,582,"46,4 %","52,84","0,47","0,1 %"
PRIVÉ,440033819,SANTÉ ATLANTIQUE,M12,45 206,16 477,28 729,1 à 10,"40,9 %","40,76","1,32","0,0 %"
PRIVÉ,440036176,CENTRE DIALYSE ECHO ST HERBLAIN,M12,0,0,0,10 873,"52,0 %","72,43","0,00","0,0 %"
PRIVÉ,440036499,CENTRE DIALYSE ECHO REZE,M12,0,0,0,22 947,"47,7 %","68,41","0,00","0,0 %"
PRIVÉ,440039568,DIALYSE ECHO LA BAULE,M12,0,0,0,3 350,"64,8 %","70,16","0,00","0,0 %"
PRIVÉ,440041580,L'HÔPITAL PRIVÉ DU CONFLUENT,M12,52 513,26 281,26 232,19 206,"48,9 %","59,61","1,68","1,0 %"
PRIVÉ,440048718,HÔPITAL DU CONFLUENT-SITE JULES VERNE,M12,1 à 10,0,1 à 10,3 909,"36,4 %","63,92","0,00","0,0 %"
PRIVÉ,440050441,DIALYSE ECHO ST NAZAIRE,M12,0,0,0,8 197,"54,2 %","69,56","0,00","0,0 %"
PRIVÉ,440055770,CENTRE DIALYSE ECHO ST HERBLAIN PSA,M12,0,0,0,2 713,"51,3 %","74,64","0,00","0,0 %"
PRIVÉ,450000237,CLINIQUE JEANNE D'ARC - GIEN,M12,6 739,2 118,4 621,2 384,"50,0 %","60,46","0,94","0,3 %"
PRIVÉ,450000245,CLINIQUE L'ARCHETTE,M12,14 423,5 601,8 822,982,"45,7 %","61,02","1,42","0,3 %"
PRIVÉ,450000294,ORELIANCE - REINE BLANCHE,M12,8 074,7 546,528,11 665,"56,8 %","71,22","2,30","1,6 %"
PRIVÉ,450010079,ORELIANCE - LONGUES ALLEES,M12,34 935,9 111,25 824,5 542,"50,8 %","54,27","0,81","0,1 %"
PRIVÉ,450012935,CENTRE D'HEMODIALYSE ARCHETTE,M12,0,0,0,16 441,"58,0 %","73,45","0,00","0,0 %"
PRIVÉ,450012968,CLINIQUE DE MONTARGIS,M12,5 601,1 593,4 008,78,"49,1 %","59,82","0,73","0,0 %"
PRIVÉ,450013818,CENTRE D'HEMODIALYSE J. D'ARC,M12,0,0,0,4 319,"60,2 %","68,38","0,00","0,0 %"
PRIVÉ,450018460,CENTRE NÉPHROLOGIQUE DE MONTARGIS,M12,0,0,0,19 824,"60,3 %","74,71","0,00","0,0 %"
PRIVÉ,460006075,CLINIQUE FONT REDONDE,M12,59,59,0,864,"54,3 %","67,15","1,06","4,1 %"
PRIVÉ,470000027,CLINIQUE ESQUIROL - SAINT-HILAIRE,M12,29 883,15 048,14 835,781,"53,0 %","60,89","2,27","1,2 %"
PRIVÉ,470000159,CLINIQUE CALABET,M12,0,0,0,7 011,"51,2 %","66,19","0,00","0,0 %"
PRIVÉ,480001403,AIDER UAD DE MENDE,M12,0,0,0,2 036,"62,0 %","75,18","0,00","0,0 %"
PRIVÉ,480001783,AIDER UAD MARVEJOLS,M12,0,0,0,5 231,"58,9 %","72,92","0,00","0,0 %"
PRIVÉ,490000262,CLINIQUE SAINT-JOSEPH,M12,15 242,6 130,9 112,1 806,"57,3 %","60,80","1,44","0,5 %"
PRIVÉ,490002037,POLYCLINIQUE DU PARC,M12,23 671,10 318,13 353,3 462,"50,7 %","54,21","1,32","0,3 %"
PRIVÉ,490007499,CENTRE DIALYSE ECHO ANGERS BOCQUEL,M12,0,0,0,19 504,"56,0 %","74,59","0,00","0,0 %"
PRIVÉ,490007929,CLINIQUE CHIRURGICALE DE LA LOIRE,M12,11 291,3 529,7 762,510,"51,1 %","57,94","1,03","0,1 %"
PRIVÉ,490009008,CENTRE DIALYSE ECHO CHOLET MARENGO,M12,0,0,0,9 253,"61,0 %","77,05","0,00","0,0 %"
PRIVÉ,490014909,CLINIQUE DE L'ANJOU,M12,38 671,16 997,21 674,622,"45,3 %","51,67","1,60","0,2 %"
PRIVÉ,490015906,CLINIQUE SAINT LEONARD,M12,11 533,4 766,6 767,287,"51,0 %","51,13","1,31","0,0 %"
PRIVÉ,490017613,DIALYSE ECHO TRELAZE,M12,0,0,0,3 269,"62,7 %","71,94","0,00","0,0 %"
PRIVÉ,490537818,CENTRE DIALYSE DIAVERUM ANGERS,M12,0,0,0,23 639,"65,1 %","68,52","0,00","0,0 %"
PRIVÉ,490540440,CENTRE DE LA MAIN,M12,5 656,0,5 656,0,"60,9 %","48,69","0,00","0,0 %"
PRIVÉ,500000146,HÔPITAL PRIVÉ DE LA BAIE,M12,13 425,3 350,10 075,3 969,"48,9 %","62,99","0,95","0,9 %"
PRIVÉ,500000203,POLYCLINIQUE DE LA MANCHE - SAINT-LO,M12,6 517,1 621,4 896,85,"52,4 %","63,48","0,88","0,0 %"
PRIVÉ,500000401,CLINIQUE DR. H. GUILLARD,M12,4 364,969,3 395,44,"43,9 %","56,73","0,64","0,0 %"
PRIVÉ,500002357,POLYCLINIQUE DU COTENTIN,M12,9 866,2 817,7 049,0,"45,3 %","58,08","1,04","0,1 %"
PRIVÉ,500021316,CENTRE DE DIALYSE D'AVRANCHES,M12,0,0,0,9 656,"64,3 %","71,04","0,00","0,0 %"
PRIVÉ,510000185,POLYCLINIQUE COURLANCY - REIMS,M12,26 032,13 590,12 442,18 905,"45,3 %","56,24","1,32","0,8 %"
PRIVÉ,510000193,POLYCLINIQUE SAINT-ANDRE,M12,11 685,5 170,6 515,95,"41,0 %","50,69","1,69","0,3 %"
PRIVÉ,510000227,POLYCLINIQUE PRIOLLET - CHALONS,M12,2 654,663,1 991,628,"44,2 %","56,05","0,52","0,0 %"
PRIVÉ,510000243,CLINIQUE D'EPERNAY,M12,5 084,1 453,3 631,264,"47,0 %","57,96","1,21","0,2 %"
PRIVÉ,510012040,POLYCLINIQUE LES BLEUETS - REIMS,M12,12 123,3 476,8 647,354,"43,1 %","58,79","1,02","0,7 %"
PRIVÉ,510024979,POLYCLINIQUE DE BEZANNES,M12,25 820,12 858,12 962,1 à 10,"44,7 %","53,48","2,06","0,6 %"
PRIVÉ,520780156,CLINIQUE DE LA COMPASSION,M12,16,1 à 10,13,0,"68,8 %","70,56","0,31","0,0 %"
PRIVÉ,520780180,CLINIQUE FRANCOIS 1ER,M12,5 477,1 235,4 242,1 378,"46,0 %","59,31","0,67","0,4 %"
PRIVÉ,520780214,CENTRE MÉDICO-CHIRURGICAL,M12,2 910,2 174,736,21 129,"60,8 %","70,17","0,55","0,5 %"
PRIVÉ,530002898,CENTRE DIALYSE ECHO LAVAL,M12,0,0,0,10 909,"62,5 %","71,51","0,00","0,0 %"
PRIVÉ,530008788,DIALYSE ECHO MAYENNE,M12,0,0,0,2 145,"54,3 %","68,49","0,00","0,0 %"
PRIVÉ,530031962,POLYCLINIQUE DU MAINE,M12,13 933,5 582,8 351,4 278,"48,8 %","62,11","1,18","0,6 %"
PRIVÉ,540000361,CLINIQUE JEANNE D'ARC - LUNEVILL,M12,7 603,1 608,5 995,35,"47,1 %","57,27","0,56","0,0 %"
PRIVÉ,540000445,ESPACE CHIRURGICAL AMBROISE PARE NANCY,M12,8 681,4 633,4 048,1 à 10,"61,0 %","66,47","1,58","0,4 %"
PRIVÉ,540000452,CLINIQUE ST ANDRE VANDOEUVRE,M12,15 651,3 725,11 926,0,"40,2 %","55,13","0,95","0,2 %"
PRIVÉ,540000478,CLINIQUE LOUIS PASTEUR,M12,33 258,15 437,17 821,18 493,"61,2 %","63,77","0,97","0,2 %"
PRIVÉ,540000486,POLYCLINIQUE DE GENTILLY,M12,26 404,13 920,12 484,30 180,"52,3 %","64,25","1,28","0,7 %"
PRIVÉ,540013224,POLYCLINIQUE MAJORELLE,M12,13 195,8 619,4 576,0,"20,6 %","35,61","2,45","0,2 %"
PRIVÉ,550000178,POLYCLINIQUE DU PARC - BAR-LE-DUC,M12,10 712,3 609,7 103,137,"46,3 %","58,83","1,48","0,1 %"
PRIVÉ,560002511,CLINIQUE DU TER,M12,10 566,2 802,7 764,64,"46,0 %","59,93","0,76","0,1 %"
PRIVÉ,560004004,UNITÉ DIALYSE LORIENT AUB SANTÉ,M12,0,0,0,5 738,"60,3 %","74,47","0,00","0,0 %"
PRIVÉ,560006348,UNITÉ DIALYSE KERIO PONTIVY AUB,M12,0,0,0,3 143,"50,3 %","68,88","0,00","0,0 %"
PRIVÉ,560007510,POLYCLINIQUE DE PONTIVY,M12,7 211,1 909,5 302,1 à 10,"51,1 %","61,03","0,84","0,0 %"
PRIVÉ,560008799,CLINIQUE OCEANE,M12,35 239,14 223,21 016,7 502,"49,8 %","57,39","1,30","0,7 %"
PRIVÉ,560009490,AUTODIALYSE BELLE-ÎLE,M12,0,0,0,865,"57,6 %","70,99","0,00","0,0 %"
PRIVÉ,560009508,AUTODIALYSE AURAY,M12,0,0,0,1 760,"65,2 %","66,72","0,00","0,0 %"
PRIVÉ,560009524,AUTODIALYSE VANNES,M12,0,0,0,5 305,"69,4 %","62,46","0,00","0,0 %"
PRIVÉ,560014078,AUTODIALYSE MUZILLAC,M12,0,0,0,868,"48,8 %","62,01","0,00","0,0 %"
PRIVÉ,560014128,AUTODIALYSE PLOERMEL,M12,0,0,0,696,"75,7 %","67,22","0,00","0,0 %"
PRIVÉ,560023152,CENTRE D'HEMODIALYSE AMBULATOIRE ECHO,M12,0,0,0,13 007,"59,1 %","73,48","0,00","0,0 %"
PRIVÉ,560023848,UNITÉ DIALYSE KERFRICHANT LORIENT AUB,M12,0,0,0,10 179,"62,6 %","67,24","0,00","0,0 %"
PRIVÉ,570000083,CLINIQUE SAINT NABOR,M12,11 771,4 607,7 164,0,"36,5 %","48,95","1,33","0,0 %"
PRIVÉ,570000356,CLINIQUE CHIRURGICALE AMBROISE PARE,M12,11 035,2 712,8 323,337,"51,5 %","59,89","0,88","0,0 %"
PRIVÉ,570000364,CLINIQUE NOTRE DAME,M12,8 640,1 094,7 546,225,"46,4 %","58,76","0,24","0,0 %"
PRIVÉ,570000646,HÔPITAL CLINIQUE CLAUDE BERNARD,M12,35 657,16 860,18 797,12 493,"43,9 %","55,81","1,51","0,7 %"
PRIVÉ,580780138,POLYCLINIQUE DU VAL DE LOIRE,M12,12 250,2 584,9 666,8 084,"50,0 %","64,55","0,70","0,5 %"
PRIVÉ,580780195,CLINIQUE DE COSNE-SUR-LOIRE,M12,3 595,1 060,2 535,0,"50,3 %","56,91","1,46","0,4 %"
PRIVÉ,590006896,POLYCLINIQUE DE LA THIERACHE,M12,5 751,1 491,4 260,119,"43,8 %","55,01","1,02","0,0 %"
PRIVÉ,590008041,POLYCLINIQUE VAUBAN,M12,19 122,10 403,8 719,10 291,"57,0 %","64,42","1,75","1,1 %"
PRIVÉ,590034815,CENTRE D'AUTODIALYSE PONT/SAMBRE,M12,0,0,0,1 500,"75,7 %","71,31","0,00","0,0 %"
PRIVÉ,590780060,INSTITUT OPHTALMIQUE,M12,8 541,331,8 210,0,"41,1 %","69,04","0,04","0,0 %"
PRIVÉ,590780094,CENTRE LEONARD DE VINCI,M12,1 442,851,591,8 234,"39,3 %","62,52","0,19","0,1 %"
PRIVÉ,590780250,CLINIQUE LILLE-SUD,M12,24 829,1 827,23 002,0,"51,6 %","41,08","0,16","0,0 %"
PRIVÉ,590780268,POLYCLINIQUE DU BOIS,M12,34 679,17 103,17 576,37 608,"46,6 %","59,97","1,10","0,4 %"
PRIVÉ,590780342,CLINIQUE AMBROISE PARE,M12,6 533,69,6 464,0,"41,3 %","68,67","0,01","0,0 %"
PRIVÉ,590780383,POLYCLINIQUE DE LA LOUVIERE,M12,35 533,14 892,20 641,39 948,"54,2 %","62,87","0,60","0,2 %"
PRIVÉ,590781571,CLINIQUE DU CAMBRESIS,M12,3 753,1 531,2 222,0,"39,9 %","53,70","1,81","0,1 %"
PRIVÉ,590781951,CLINIQUE DU CROISE LAROCHE SA,M12,7 655,4 334,3 321,0,"48,9 %","48,94","1,97","0,0 %"
PRIVÉ,590782256,CLINIQUE DES DENTELLIERES,M12,559,0,559,7 688,"42,4 %","61,90","0,00","0,0 %"
PRIVÉ,590782298,CLINIQUE DU PARC,M12,18 263,7 261,11 002,0,"42,0 %","40,18","1,45","0,1 %"
PRIVÉ,590782546,CLINIQUE DE VILLENEUVE D'ASCQ,M12,3 577,957,2 620,0,"38,2 %","55,02","1,56","2,2 %"
PRIVÉ,590782553,HÔPITAL PRIVÉ DE VILLENEUVE D'ASCQ,M12,25 936,11 183,14 753,3 170,"43,4 %","46,40","1,43","0,2 %"
PRIVÉ,590784484,NEPHROCARE MAUBEUGE,M12,0,0,0,16 902,"52,3 %","70,28","0,00","0,1 %"
PRIVÉ,590788964,POLYCLINIQUE DU PARC,M12,5 269,1 575,3 694,4 955,"47,1 %","61,93","0,66","0,3 %"
PRIVÉ,590790655,CLINIQUE CHIRURGICALE ST ROCH,M12,2 564,1 159,1 405,0,"49,4 %","49,79","1,73","0,1 %"
PRIVÉ,590806360,CLINIQUE DE LA MITTERIE,M12,5 976,629,5 347,0,"68,5 %","50,60","0,46","0,0 %"
PRIVÉ,590810941,NEPHOCARE MAUBEUGE DIALYSE A DOMICILE,M12,0,0,0,196,"1,0 %","62,35","0,00","0,0 %"
PRIVÉ,590811006,CENTRE D'AUTODIALYSE DE MAUBEUGE,M12,0,0,0,1 631,"88,7 %","57,26","0,00","0,0 %"
PRIVÉ,590813176,CLINIQUE DES HETRES,M12,5 125,1 410,3 715,0,"47,5 %","47,96","1,45","0,3 %"
PRIVÉ,590813382,SA NOUVELLE CLINIQUE VILLETTE,M12,9 591,4 106,5 485,0,"43,3 %","41,84","1,52","0,1 %"
PRIVÉ,590813507,POLYCLINIQUE VAL DE SAMBRE,M12,9 940,5 073,4 867,0,"43,8 %","44,22","1,96","0,3 %"
PRIVÉ,590813747,CENTRE D'AUTODIALYSE DE FOURMIES,M12,0,0,0,1 264,"75,6 %","64,56","0,00","0,0 %"
PRIVÉ,590815056,CLINIQUE DE FLANDRE,M12,8 855,2 843,6 012,4 808,"46,6 %","59,12","1,21","0,9 %"
PRIVÉ,590816310,CLINIQUE ST AME,M12,15 498,6 004,9 494,350,"39,6 %","45,25","1,27","0,1 %"
PRIVÉ,590817458,CLINIQUE DE LA VICTOIRE,M12,10 690,2 014,8 676,2 656,"39,6 %","53,77","0,80","0,3 %"
PRIVÉ,590817839,POLYCLINIQUE DU VAL DE LYS,M12,119,1 à 10,113,0,"34,5 %","83,09","0,26","0,0 %"
PRIVÉ,600008643,CAB GASTRO ENTEROLOGIQUE,M12,2 952,0,2 952,0,"44,3 %","55,57","0,00","0,0 %"
PRIVÉ,600010862,SAS CENTRE CHIRURGICAL DE CHANTILLY,M12,5 967,1 299,4 668,0,"43,0 %","60,95","0,66","0,0 %"
CH,600100176,CENTRE DE SOINS DU VALOIS,M12,570,0,570,0,"47,0 %","59,43","0,00","0,0 %"
PRIVÉ,600100184,CLINIQUE LE VALOIS,M12,287,283,1 à 10,0,"42,9 %","79,20","11,29","9,8 %"
PRIVÉ,600100754,POLYCLINIQUE SAINT-COME SA,M12,22 167,9 686,12 481,18 710,"50,6 %","59,02","1,08","0,4 %"
PRIVÉ,600110175,CLINIQUE DU PARC SAINT LAZARE,M12,11 853,3 600,8 253,131,"49,6 %","54,71","0,83","0,1 %"
PRIVÉ,610006421,CLINIQUE D'ALENCON,M12,6 162,1 316,4 846,52,"47,9 %","56,84","0,46","0,0 %"
PRIVÉ,610780199,CLINIQUE ST DOMINIQUE,M9,1 880,338,1 542,1 à 10,"51,8 %","64,12","0,45","0,0 %"
PRIVÉ,620006049,CLINIQUE DE ST OMER,M12,11 481,3 728,7 753,565,"48,0 %","54,30","1,12","0,0 %"
PRIVÉ,620024208,CLINIQUE NÉPHROLOGIQUE DE L'AUDOMAROIS,M12,0,0,0,16 382,"67,3 %","69,72","0,00","0,0 %"
PRIVÉ,620100099,HÔPITAL PRIVÉ ARRAS LES BONNETTES,M12,23 337,8 344,14 993,8 106,"44,0 %","54,18","1,11","0,7 %"
PRIVÉ,620100487,CLINIQUE DES ACACIAS,M12,5 317,1 888,3 429,91,"46,8 %","60,79","1,58","0,6 %"
PRIVÉ,620100735,POLYCLINIQUE DE L'ARTOIS,M12,13 697,6 508,7 189,3 249,"44,0 %","55,16","2,10","0,6 %"
PRIVÉ,620100750,CLINIQUE AMBROISE PARE,M12,7 589,2 337,5 252,3 106,"53,5 %","52,97","0,87","0,2 %"
PRIVÉ,620101311,CLINIQUE DES 2 CAPS,M12,11 853,4 011,7 842,2 023,"48,3 %","57,52","1,14","0,5 %"
PRIVÉ,620101501,POLYCLINIQUE DE BOIS-BERNARD SA,M12,25 530,14 169,11 361,29 622,"57,5 %","62,27","0,89","0,3 %"
PRIVÉ,620105940,POLYCLINIQUE DU TERNOIS,M12,2 219,973,1 246,0,"44,8 %","57,76","3,14","2,6 %"
PRIVÉ,620106088,CLINIQUE MÉDICO-CHIRURGICALE,M12,3 933,848,3 085,71,"38,0 %","56,34","2,48","1,4 %"
PRIVÉ,620116046,SAS CLINIQUE CHIRURGICALE DES 7 VALLEES,M12,2 045,0,2 045,1 à 10,"49,4 %","51,45","0,00","0,0 %"
PRIVÉ,620118513,CENTRE MÉDICO CHIRURGICAL ET OBSTÉTRICAL COTE D'OPALE,M12,20 225,12 025,8 200,4 536,"48,3 %","53,89","1,99","1,0 %"
PRIVÉ,630005668,CENTRE D'HÉMODIALYSE AURA ARCHE,M12,0,0,0,13 296,"57,8 %","71,28","0,00","0,0 %"
PRIVÉ,630780211,POLE SANTÉ REPUBLIQUE - CLERMONT,M12,25 621,11 845,13 776,11 769,"46,8 %","58,98","1,44","0,7 %"
PRIVÉ,630780369,CLINIQUE DE LA PLAINE - CLERMONT,M12,10 828,1 146,9 682,0,"49,6 %","55,34","0,29","0,0 %"
PRIVÉ,630781821,CLINIQUE DU GRAND PRE - DURTOL,M12,595,595,0,0,"37,3 %","83,14","11,31","4,4 %"
PRIVÉ,630781839,CLINIQUE CHATAIGNERAIE - BEAUMONT,M12,35 221,14 287,20 934,650,"49,3 %","46,43","1,39","0,1 %"
PRIVÉ,630783108,CLINIQUE DES CHANDIOTS - CLERMONT,M7,4 496,333,4 163,0,"41,3 %","66,15","0,08","0,0 %"
PRIVÉ,640005336,ANTENNE D'AUTODIALYSE NEPHROCARE - ORTHEZ,M12,0,0,0,2 811,"67,6 %","69,32","0,00","0,0 %"
PRIVÉ,640016580,CENTRE DE CARDIOLOGIE DU PAYS BASQUE,M12,7 101,5 766,1 335,1 à 10,"69,1 %","70,72","2,42","0,7 %"
PRIVÉ,640018206,CLINIQUE BELHARRA,M12,28 942,13 808,15 134,5 553,"45,5 %","54,57","1,60","0,5 %"
PRIVÉ,640780268,CLINIQUE DELAY,M12,9 954,918,9 036,137,"45,0 %","58,80","0,32","0,2 %"
PRIVÉ,640780490,CAPIO CLINIQUE AGUILERA,M12,16 154,6 003,10 151,928,"47,7 %","58,14","1,32","0,8 %"
PRIVÉ,640780623,CENTRE MÉDICAL ANNIE ENIA,M12,335,331,1 à 10,0,"46,9 %","72,53","13,80","68,7 %"
PRIVÉ,640780672,CLINIQUE MARIENIA,M12,513,0,513,0,"60,4 %","48,95","0,00","0,0 %"
PRIVÉ,640780748,POLYCLINIQUE COTE BASQUE SUD,M12,15 032,5 005,10 027,1 873,"48,0 %","62,23","1,06","0,7 %"
PRIVÉ,640780938,POLYCLINIQUE PAU PYRENEES SITE MARZET,M12,13 228,6 058,7 170,7 480,"50,4 %","59,00","1,56","1,4 %"
PRIVÉ,640780946,POLYCLINIQUE PAU PYRENEES SITE NAVARRE,M12,18 169,8 775,9 394,309,"42,0 %","50,00","1,82","0,1 %"
PRIVÉ,640780987,CLINIQUE D'ORTHEZ,M12,3 081,834,2 247,0,"48,4 %","60,24","1,18","0,5 %"
PRIVÉ,640781225,CLINIQUE MEDICALE CARDIOLOGIQUE ARESSY,M12,4 772,4 021,751,1 à 10,"57,7 %","72,76","4,95","2,4 %"
PRIVÉ,640781308,CLINIQUE PRINCESS,M12,3 099,1 325,1 774,1 à 10,"35,2 %","51,68","2,00","0,0 %"
PRIVÉ,640781332,NEPHROCARE BEARN-CTRE DIALYSE DU BEARN,M12,0,0,0,30 520,"62,3 %","71,96","0,00","0,0 %"
PRIVÉ,640787156,CLINIQUE FONDATION LURO,M12,257,248,1 à 10,27,"48,9 %","82,53","9,32","7,0 %"
PRIVÉ,640789640,CENTRE D'HEMODIALYSE CLINIQUE DELAY,M12,0,0,0,21 921,"67,7 %","71,68","0,00","0,0 %"
PRIVÉ,650002579,CLINIQUE ORMEAU PYRENEES,M12,12 242,4 247,7 995,54,"53,2 %","59,85","1,34","0,2 %"
PRIVÉ,650780679,CLINIQUE ORMEAU SITE CENTRE,M12,8 848,6 150,2 698,6 318,"40,6 %","59,63","2,30","2,4 %"
PRIVÉ,660005182,AIDER UAD D'ELNE,M12,0,0,0,787,"74,5 %","65,40","0,00","0,0 %"
PRIVÉ,660005190,AIDER UAD DE FONT ROMEU,M12,0,0,0,682,"79,0 %","68,32","0,00","0,0 %"
PRIVÉ,660005208,AIDER UAD DU BOULOU,M12,0,0,0,984,"82,7 %","68,45","0,00","0,0 %"
PRIVÉ,660005216,AIDER UAD DE PERPIGNAN,M12,0,0,0,8 772,"56,9 %","60,44","0,00","0,0 %"
PRIVÉ,660006305,LA CLINIQUE MUTUALISTE CATALANE,M12,19 365,6 127,13 238,802,"46,9 %","60,53","1,04","0,1 %"
PRIVÉ,660780628,CLINIQUE DU VALLESPIR,M12,4 816,1 995,2 821,0,"46,4 %","68,90","2,24","1,8 %"
PRIVÉ,660780669,CLINIQUE NOTRE DAME D ESPERANCE,M12,8 944,6 002,2 942,0,"25,1 %","26,54","2,39","0,2 %"
PRIVÉ,660780776,CLINIQUE SAINT MICHEL,M12,4 067,1 679,2 388,47,"49,6 %","61,97","1,89","0,8 %"
PRIVÉ,660780784,CLINIQUE SAINT PIERRE,M12,21 916,11 950,9 966,15 192,"52,7 %","63,69","1,55","1,1 %"
PRIVÉ,660790387,POLYCLINIQUE SAINT ROCH,M12,27 534,11 014,16 520,22 246,"58,3 %","67,29","1,10","0,4 %"
PRIVÉ,670002187,CENTRE D'AUTODIALYSE DE L'AURAL STRASBOURG,M12,0,0,0,44 266,"56,7 %","63,29","0,00","0,0 %"
PRIVÉ,670013325,CENTRE AUTONOME ENDOSCOPIE DIGESTIVE,M12,4 911,0,4 911,210,"43,4 %","55,41","0,00","0,0 %"
PRIVÉ,670013341,ENDOSAV,M12,1 912,0,1 912,53,"51,4 %","58,74","0,00","0,0 %"
PRIVÉ,670013895,CENTRE D'AUTODIALYSE AURAL SAVERNE,M12,0,0,0,3 940,"62,5 %","72,46","0,00","0,0 %"
PRIVÉ,670014455,CENTRE DE DIALYSE CHRONIQUE STRASBOURG,M12,0,0,0,1 550,"77,5 %","42,22","0,00","0,0 %"
PRIVÉ,670018068,CLINIQUE RHENA GCS,M12,48 789,14 044,34 745,1 à 10,"46,9 %","52,58","0,99","0,0 %"
PRIVÉ,670780170,CLINIQUE DE L'ORANGERIE STRASB.,M12,17 609,8 404,9 205,9 187,"44,8 %","61,37","1,14","0,4 %"
PRIVÉ,670780378,CLINIQUE SAINT-FRANCOIS HAGUENAU,M12,16 041,4 027,12 014,232,"53,0 %","52,25","1,07","0,1 %"
PRIVÉ,670780386,CLINIQUE SAINTE ODILE HAGUENAU,M12,10 250,4 055,6 195,459,"53,1 %","59,80","1,25","0,1 %"
PRIVÉ,670795921,UNITÉ D'AUTODIALYSE AURAL HAGUENAU,M12,0,0,0,21 184,"58,3 %","70,44","0,00","0,0 %"
PRIVÉ,670799667,AURAL CLINIQUE SAINTE ANNE,M12,0,0,0,15 296,"54,0 %","66,58","0,00","0,0 %"
PRIVÉ,680000320,CLINIQUE DIACONAT FONDERIE,M12,26 104,13 017,13 087,83,"43,3 %","54,78","1,96","0,3 %"
PRIVÉ,680000338,CENTRE DE DIALYSE DIAVERUM MULHOUSE,M12,0,0,0,25 654,"66,2 %","69,73","0,00","0,0 %"
PRIVÉ,680000494,CLINIQUE DIACONAT ROOSEVELT,M12,22 824,9 947,12 877,1 163,"51,5 %","55,18","1,60","0,1 %"
PRIVÉ,680010824,UNITÉ D'AUTODIALYSE AURAL COLMAR,M12,0,0,0,17 451,"68,1 %","67,73","0,00","0,0 %"
PRIVÉ,680013778,UNITÉ D'AUTODIALYSE AURAL MULHOUSE,M12,0,0,0,18 810,"59,6 %","67,85","0,00","0,0 %"
PRIVÉ,680020088,NOUVELLE CLINIQUE DES TROIS FRONTIERES,M12,5 773,2 645,3 128,706,"53,3 %","61,27","2,34","1,0 %"
PRIVÉ,690022108,CENTRE DE DIALYSE BAYARD,M12,0,0,0,8 245,"82,1 %","63,30","0,00","0,0 %"
PRIVÉ,690022959,HÔPITAL PRIVÉ MERE ENFANT NATECIA,M12,15 591,9 197,6 394,388,"24,7 %","29,40","2,58","0,1 %"
PRIVÉ,690023239,CLINIQUE DU PARC,M12,17 593,6 823,10 770,29,"45,2 %","49,11","1,13","0,0 %"
PRIVÉ,690023411,HÔPITAL PRIVÉ JEAN MERMOZ,M12,34 780,13 536,21 244,21 723,"47,3 %","58,19","1,13","0,5 %"
PRIVÉ,690029186,ENDO LYON SUD OUEST,M12,2 530,0,2 530,0,"45,5 %","58,18","0,00","0,0 %"
PRIVÉ,690042080,HÔPITAL PRIVÉ NATECIA - GYNECOLOGIE,M12,1 160,1 111,49,1 à 10,"21,8 %","17,45","3,64","0,1 %"
PRIVÉ,690043476,CLINIQUE DU PARC - CAK,M12,2 439,0,2 439,0,"40,6 %","74,46","0,00","0,0 %"
PRIVÉ,690780200,CLINIQUE EMILIE DE VIALAR,M9,864,307,557,0,"42,0 %","43,63","1,40","0,2 %"
PRIVÉ,690780226,CLINIQUE DE LA PART-DIEU,M12,2 668,0,2 668,0,"41,3 %","60,61","0,00","0,0 %"
PRIVÉ,690780259,CLINIQUE SAINT-CHARLES,M12,8 590,1 557,7 033,0,"40,7 %","54,68","0,46","0,0 %"
PRIVÉ,690780358,CLINIQUE DU VAL D'OUEST-VENDOME,M12,27 944,11 010,16 934,246,"39,3 %","37,78","1,41","0,1 %"
PRIVÉ,690780366,CLINIQUE CHARCOT,M12,14 491,4 748,9 743,4 331,"39,3 %","60,48","0,96","0,5 %"
PRIVÉ,690780382,CLINIQUE DU GRAND LARGE,M12,6 319,1 843,4 476,157,"53,3 %","55,79","1,22","0,3 %"
PRIVÉ,690780390,POLYCLINIQUE DE RILLIEUX,M12,14 099,6 817,7 282,958,"44,9 %","57,01","2,08","0,8 %"
PRIVÉ,690780499,NEPHROCARE TASSIN-CHARCOT,M12,0,0,0,36 383,"57,8 %","72,01","0,00","0,0 %"
PRIVÉ,690780648,CLINIQUE DE LA SAUVEGARDE,M12,26 555,10 916,15 639,7 387,"51,9 %","58,57","1,32","0,6 %"
PRIVÉ,690780655,HÔPITAL PRIVÉ DE L'EST LYONNAIS,M12,9 568,3 627,5 941,538,"46,0 %","54,61","1,59","1,0 %"
PRIVÉ,690780663,CLINIQUE TRENEL,M12,14 341,4 481,9 860,2 282,"48,9 %","55,62","0,89","0,2 %"
PRIVÉ,690782834,CLINIQUE DU TONKIN,M12,29 696,12 278,17 418,21 012,"54,7 %","62,53","1,08","0,3 %"
PRIVÉ,690791082,CENTRE SPECIALISE LES BRUYERES,M12,572,572,0,0,"74,8 %","45,07","6,47","0,0 %"
PRIVÉ,690793468,INFIRMERIE PROTESTANTE DE LYON,M12,21 372,9 507,11 865,5 692,"51,8 %","61,99","1,67","0,7 %"
PRIVÉ,690807367,POLYCLINIQUE DU BEAUJOLAIS,M12,16 949,6 186,10 763,2 013,"47,6 %","51,33","1,20","0,3 %"
PRIVÉ,700780174,CLINIQUE ST MARTIN,M12,5 545,1 386,4 159,0,"48,0 %","58,57","0,87","0,0 %"
PRIVÉ,710006859,POLYCLINIQUE DU VAL DE SAONE,M12,14 542,5 207,9 335,2 552,"47,4 %","59,36","1,33","0,4 %"
PRIVÉ,710780917,HÔPITAL PRIVÉ SAINTE MARIE,M12,18 429,6 857,11 572,16 020,"49,7 %","63,73","1,13","0,6 %"
PRIVÉ,710781410,CLINIQUE DU PARC,M12,4 457,1 629,2 828,0,"47,6 %","60,89","1,51","0,0 %"
PRIVÉ,710781824,CENTRE ORTHOPEDIQUE MEDICO-CHIR,M12,5 460,3 097,2 363,0,"53,5 %","55,50","2,46","0,0 %"
PRIVÉ,720000199,CLINIQUE DU PRE,M12,21 496,9 167,12 329,45,"52,7 %","57,14","1,72","0,2 %"
PRIVÉ,720000231,CLINIQUE DU TERTRE ROUGE,M12,5 971,4 486,1 485,1 à 10,"15,7 %","25,14","3,02","0,1 %"
PRIVÉ,720000249,CLINIQUE VICTOR HUGO,M12,2 420,1 517,903,17 451,"49,3 %","65,05","0,60","1,1 %"
PRIVÉ,720003441,CENTRE DIALYSE ECHO LE MANS CH,M12,0,0,0,9 043,"53,9 %","68,76","0,00","0,0 %"
PRIVÉ,720017748,CENTRE MÉDICO-CHIRURGICAL DU MANS,M12,33 892,15 864,18 028,566,"51,4 %","57,65","2,19","0,6 %"
PRIVÉ,720017839,CENTRE DIALYSE ECHO LE MANS PSS,M12,0,0,0,14 756,"60,6 %","72,34","0,00","0,0 %"
PRIVÉ,730004298,HÔPITAL PRIVÉ MEDIPOLE DE SAVOIE,M12,29 727,10 117,19 610,7 688,"44,7 %","56,33","1,02","0,4 %"
PRIVÉ,730012499,GCS CLINIQUE HERBERT,M12,4 573,1 779,2 794,0,"46,7 %","60,49","1,37","0,1 %"
PRIVÉ,740014345,HÔPITAL PRIVÉ PAYS DE SAVOIE,M12,27 801,10 495,17 306,2 086,"46,6 %","49,18","1,34","0,3 %"
PRIVÉ,740780416,CLINIQUE DU LAC ET D'ARGONAY,M12,15 711,7 689,8 022,185,"52,2 %","53,51","1,62","0,2 %"
PRIVÉ,740780424,CLINIQUE GENERALE ANNECY,M12,19 846,8 991,10 855,4 264,"44,2 %","52,78","1,28","0,3 %"
PRIVÉ,740780440,CLINIQUE DES GRANDES ALPES,M4,178,66,112,0,"40,4 %","69,18","2,75","1,1 %"
PRIVÉ,750300014,SA CLINIQUE DU LOUVRE,M12,13 898,1 463,12 435,0,"41,4 %","54,07","0,16","0,1 %"
PRIVÉ,750300071,CLINIQUE GEOFFROY ST HILAIRE,M12,24 619,5 802,18 817,0,"39,9 %","57,07","0,99","0,1 %"
PRIVÉ,750300089,CLINIQUE DU SPORT,M12,6 572,2 768,3 804,0,"59,8 %","44,31","1,12","0,0 %"
PRIVÉ,750300097,INSTITUT ARTHUR VERNES,M12,4 836,726,4 110,16,"44,5 %","52,87","0,16","0,0 %"
PRIVÉ,750300121,FOND ST JEAN DE DIEU CLINIQUE OUDINOT,M12,12 125,2 747,9 378,5 157,"28,8 %","56,65","0,45","0,0 %"
PRIVÉ,750300139,CLINIQUE DE L ALMA,M12,10 305,3 321,6 984,13 016,"57,1 %","62,59","0,36","0,0 %"
PRIVÉ,750300154,CLINIQUE TURIN,M12,24 566,8 387,16 179,27 827,"54,7 %","62,45","0,39","0,0 %"
PRIVÉ,750300360,HÔPITAL PRIVÉ DES PEUPLIERS,M12,28 535,8 085,20 450,4 118,"48,1 %","54,91","0,62","0,1 %"
PRIVÉ,750300410,CLINIQUE JEANNE D'ARC,M12,6 490,2 997,3 493,32,"35,1 %","42,71","1,97","0,5 %"
PRIVÉ,750300493,CLINIQUE ARAGO,M12,5 095,3 317,1 778,1 à 10,"44,5 %","59,01","2,97","0,0 %"
PRIVÉ,750300550,CLINIQUE SAINTE GENEVIEVE,M12,7 734,857,6 877,0,"38,7 %","57,27","0,15","0,0 %"
PRIVÉ,750300592,CLINIQUE BLOMET,M12,8 172,2 162,6 010,0,"42,8 %","47,63","0,51","0,0 %"
PRIVÉ,750300667,MATERNITE SAINTE FELICITE,M12,6 634,6 531,103,0,"27,0 %","17,26","5,11","0,2 %"
PRIVÉ,750300741,CLINIQUE VICTOR HUGO,M12,7 684,1 526,6 158,1 à 10,"38,8 %","49,71","0,26","0,0 %"
PRIVÉ,750300766,CLINIQUE BIZET,M12,13 251,5 566,7 685,4 274,"41,2 %","55,91","1,75","0,9 %"
PRIVÉ,750300774,CLINIQUE JOUVENET,M12,13 239,3 421,9 818,0,"40,9 %","62,16","0,84","0,0 %"
PRIVÉ,750300840,CLINIQUE DE LA MUETTE,M12,12 972,4 445,8 527,0,"22,0 %","45,29","0,95","0,0 %"
PRIVÉ,750300857,CLINIQUE REMUSAT,M12,1 824,905,919,0,"32,5 %","50,13","1,69","0,2 %"
PRIVÉ,750300881,CLINIQUE DU TROCADERO,M12,15 065,3 034,12 031,0,"38,2 %","50,18","0,36","0,0 %"
PRIVÉ,750300915,CLINIQUE INTERNATIONALE PARC MONCEAU,M12,12 181,4 174,8 007,16 711,"54,4 %","61,83","0,37","0,0 %"
PRIVÉ,750300931,CLINIQUE SAINTE-THERESE,M12,3 030,2 213,817,0,"18,4 %","23,35","2,75","0,1 %"
PRIVÉ,750301137,CLINIQUE ALLERAY LABROUSTE,M12,10 876,5 442,5 434,3 042,"47,9 %","65,36","1,67","0,7 %"
PRIVÉ,750301145,CLINIQUE DU MONT LOUIS,M12,19 955,4 939,15 016,51,"43,1 %","53,38","0,92","0,3 %"
PRIVÉ,750301160,CLINIQUE DES MAUSSINS,M12,6 433,3 128,3 305,0,"55,8 %","46,09","1,79","0,0 %"
PRIVÉ,750790164,CLINIQUE ROOSEVELT,M12,189,0,189,0,"56,6 %","71,42","0,00","0,0 %"
PRIVÉ,750829053,CENTRE D'AUTODIALYSE CLINIQUE ALMA,M12,0,0,0,3 300,"71,3 %","54,39","0,00","0,0 %"
PRIVÉ,760021329,HÔPITAL PRIVÉ DE L'ESTUAIRE,M12,25 164,12 203,12 961,29 191,"54,5 %","64,39","1,15","0,6 %"
PRIVÉ,760025312,CLINIQUE MATHILDE,M12,34 182,11 823,22 359,4 540,"37,8 %","50,36","1,17","0,2 %"
PRIVÉ,760027292,POLYCLINIQUE MEGIVAL,M12,7 480,2 611,4 869,1 523,"51,6 %","59,69","1,35","0,7 %"
PRIVÉ,760780197,CLINIQUE LES AUBEPINES,M12,1 908,1 289,619,178,"13,4 %","35,43","2,35","0,2 %"
PRIVÉ,760780205,CLINIQUE SAINT ANTOINE,M12,3 744,1 457,2 287,0,"32,5 %","42,36","1,40","0,0 %"
PRIVÉ,760780510,CLINIQUE DU CEDRE,M12,16 291,6 681,9 610,1 539,"51,2 %","59,26","1,38","0,3 %"
PRIVÉ,760780619,CLINIQUE SAINT HILAIRE,M12,24 534,10 211,14 323,7 438,"47,5 %","60,95","1,05","0,5 %"
PRIVÉ,760780668,CLINIQUE HEMERA PAYS DE CAUX,M12,2 862,0,2 862,84,"42,9 %","61,47","0,00","0,1 %"
PRIVÉ,760780783,CLINIQUE TOUS VENTS,M12,4 438,1 521,2 917,63,"48,9 %","56,94","1,51","0,3 %"
PRIVÉ,760780791,CLINIQUE DES ORMEAUX,M12,12 223,4 475,7 748,7 074,"46,6 %","57,20","1,01","0,7 %"
PRIVÉ,760780825,CLINIQUE DE L'ABBAYE,M12,4 712,1 818,2 894,0,"49,3 %","54,80","1,31","0,1 %"
PRIVÉ,760783159,CLINIQUE DES ESSARTS,M12,1 082,1 080,1 à 10,0,"79,3 %","45,48","5,76","0,1 %"
PRIVÉ,760921809,CLINIQUE DE L'EUROPE,M12,22 169,9 540,12 629,19 844,"48,7 %","61,76","0,97","0,2 %"
PRIVÉ,770016087,CENTRE DIALYSE DIAVERUM MONTEREAU,M12,0,0,0,11 225,"53,9 %","75,67","0,00","0,0 %"
PRIVÉ,770020055,CENTRE NEPHROCARE MARNE LA VALLEE,M12,0,0,0,32 949,"56,8 %","67,85","0,00","0,0 %"
PRIVÉ,770300010,HÔPITAL PRIVÉ DE MARNE CHANTEREINE,M12,11 829,4 016,7 813,1 140,"47,4 %","53,33","2,56","1,1 %"
PRIVÉ,770300135,CLINIQUE MÉDICO-CHIRURGICALE LES FONTAINES,M12,7 808,4 221,3 587,0,"57,3 %","57,82","2,37","0,6 %"
PRIVÉ,770300143,POLYCLINIQUE SAINT JEAN,M12,11 735,3 771,7 964,3 940,"47,5 %","55,63","0,99","0,4 %"
PRIVÉ,770300192,CLINIQUE ST BRICE,M12,5 399,994,4 405,152,"48,1 %","55,35","0,50","0,0 %"
PRIVÉ,770300275,POLYCLINIQUE DE LA FORET,M12,7 995,1 757,6 238,1 431,"49,7 %","60,25","0,56","0,0 %"
PRIVÉ,770300283,CLINIQUE CHIRURGICALE ERMITAGE,M7,3 060,764,2 296,45,"53,8 %","58,40","0,73","0,1 %"
PRIVÉ,770790707,CLINIQUE DE TOURNAN,M12,10 748,4 503,6 245,11 604,"53,2 %","59,80","0,96","0,2 %"
PRIVÉ,770813400,CLINIQUE SAINT FARON,M12,8 794,2 385,6 409,2 431,"42,5 %","57,42","0,77","1,2 %"
PRIVÉ,780008298,CLINIQUE SAINT REMY,M3,85,84,1 à 10,0,"30,6 %","87,07","11,92","3,5 %"
PRIVÉ,780018727,CLINIQUE SAINT GERMAIN,M12,8 027,3 604,4 423,11 194,"49,3 %","60,33","0,92","0,3 %"
PRIVÉ,780022737,POLYCLINIQUE DE MAISONS LAFFITTE,M12,745,661,84,12,"41,3 %","77,88","12,20","9,5 %"
PRIVÉ,780300075,CENTRE CARDIOLOGIQUE D EVECQUEMONT,M12,4 278,4 123,155,0,"63,4 %","68,06","4,41","1,1 %"
PRIVÉ,780300125,POLYCLINIQUE LA REGION MANTAISE,M12,10 001,2 728,7 273,1 à 10,"52,1 %","51,77","1,40","0,2 %"
PRIVÉ,780300208,CLINIQUE SAINT LOUIS,M12,11 399,3 829,7 570,560,"46,2 %","44,86","1,20","0,2 %"
PRIVÉ,780300323,CLINIQUE DES FRANCISCAINES,M12,13 761,8 194,5 567,58,"45,2 %","43,70","2,42","0,2 %"
PRIVÉ,780300364,CLINIQUE DU CHATEAU DE LA MAYE,M12,14 992,976,14 016,0,"43,9 %","53,30","0,09","0,0 %"
PRIVÉ,780300406,CENTRE MÉDICO-CHIRURGICAL DE PARLY II,M12,19 008,9 396,9 612,0,"47,7 %","56,15","2,37","0,5 %"
PRIVÉ,780300414,CENTRE MÉDICO-CHIRURGICAL EUROPE,M12,20 377,7 402,12 975,19 439,"54,5 %","64,09","1,25","0,8 %"
PRIVÉ,780300422,HÔPITAL PRIVÉ OUEST,M12,27 896,9 676,18 220,18 909,"55,2 %","58,03","0,98","0,3 %"
PRIVÉ,780300455,CH PRIVÉ DU MONTGARDE,M12,12 003,2 175,9 828,77,"55,3 %","50,40","0,52","0,0 %"
PRIVÉ,790009948,POLYCLINIQUE INKERMANN,M12,17 471,7 648,9 823,291,"48,0 %","58,42","1,78","0,4 %"
PRIVÉ,800002503,SA SAINTE ISABELLE,M12,8 425,2 719,5 706,19 841,"58,3 %","66,76","0,34","0,1 %"
PRIVÉ,800009466,POLYCLINIQUE DE PICARDIE,M12,14 716,5 249,9 467,0,"51,9 %","54,47","1,43","0,2 %"
PRIVÉ,800009920,SA CLINIQUE VICTOR PAUCHET,M12,26 973,13 871,13 102,792,"37,3 %","47,41","2,22","0,7 %"
PRIVÉ,800013179,SAS CLINIQUE DE L'EUROPE,M12,6 177,2 557,3 620,8 751,"45,6 %","62,63","0,66","0,7 %"
PRIVÉ,800015729,SAS CARDIOLOGIE ET URGENCES,M12,5 971,4 128,1 843,0,"57,0 %","65,57","2,21","1,0 %"
PRIVÉ,800018491,CCO SOPP AMIENS,M12,3 527,0,3 527,0,"40,3 %","70,27","0,00","0,0 %"
PRIVÉ,810000224,CENTRE MÉDICO CHIRURGICAL ET OBSTÉTRICAL CLAUDE BERNARD,M12,20 850,11 705,9 145,30 455,"56,8 %","68,21","1,13","0,6 %"
PRIVÉ,810101170,CLINIQUE TOULOUSE LAUTREC,M12,9 621,3 841,5 780,376,"55,8 %","62,82","1,32","0,1 %"
PRIVÉ,810101444,CLINIQUE DU SIDOBRE,M12,12 474,5 468,7 006,169,"51,4 %","61,94","1,71","0,3 %"
PRIVÉ,820000040,CLINIQUE CROIX SAINT MICHEL,M12,12 346,5 709,6 637,0,"39,4 %","48,48","1,94","0,5 %"
PRIVÉ,820000057,CLINIQUE DU PONT DE CHAUME,M12,21 117,12 661,8 456,23 361,"53,4 %","64,86","1,40","0,8 %"
PRIVÉ,820000065,CLINIQUE DU DOCTEUR CAVE,M12,8 847,1 121,7 726,0,"46,5 %","61,38","0,22","0,0 %"
PRIVÉ,830012688,CENTRE NÉPHROLOGIQUE LES FLEURS,M12,0,0,0,19 945,"63,1 %","76,01","0,00","0,0 %"
PRIVÉ,830100103,CLINIQUE STE MARGUERITE,M12,13 491,4 231,9 260,17 763,"55,5 %","67,30","0,68","0,4 %"
PRIVÉ,830100251,CLINIQUE DU CAP D'OR,M12,9 629,3 938,5 691,3 618,"47,2 %","61,09","1,35","1,3 %"
PRIVÉ,830100319,POLYCLINIQUE LES FLEURS,M12,17 492,9 178,8 314,69,"59,7 %","66,02","2,36","1,1 %"
PRIVÉ,830100327,CLINIQUE LES LAURIERS,M12,8 456,1 808,6 648,120,"46,9 %","59,74","0,60","0,0 %"
PRIVÉ,830100368,CLINIQUE CHIRURGICALE DU GOLFE DE SAINT TROPEZ,M12,6 487,1 780,4 707,73,"51,3 %","59,74","1,09","0,2 %"
PRIVÉ,830100392,POLYCLINIQUE NOTRE DAME,M12,13 242,5 216,8 026,254,"54,7 %","63,22","1,63","0,6 %"
PRIVÉ,830100418,CLINIQUE NOTRE DAME DE LA MERCI,M12,5 375,1 272,4 103,0,"46,0 %","60,18","0,64","0,0 %"
PRIVÉ,830100434,CLINIQUE SAINT JEAN,M12,25 482,8 121,17 361,5 034,"39,8 %","48,86","1,07","0,4 %"
PRIVÉ,830100459,CLINIQUE SAINT MICHEL,M12,16 209,3 534,12 675,20,"44,1 %","58,24","0,60","0,0 %"
PRIVÉ,830100475,CLINIQUE SAINT ROCH,M12,6 454,2 212,4 242,16,"46,6 %","54,97","1,24","0,0 %"
PRIVÉ,830100855,CENTRE DE GÉRONTOLOGIE ST.FRANCOIS,M12,951,947,1 à 10,0,"36,9 %","82,52","11,73","1,9 %"
PRIVÉ,830215687,DIAVERUM DRAGUIGNAN CENTRE DE DIALYSE,M12,0,0,0,20 677,"66,6 %","72,55","0,00","0,0 %"
PRIVÉ,840000285,POLYCLINIQUE URBAIN V,M12,12 862,5 910,6 952,1 à 10,"23,9 %","43,52","1,53","0,0 %"
PRIVÉ,840000327,CLINIQUE DU DR MONTAGARD,M12,2 448,1 685,763,1 à 10,"46,0 %","57,01","2,90","0,0 %"
PRIVÉ,840000400,SYNERGIA LUBERON,M12,8 472,2 206,6 266,0,"45,7 %","56,95","0,82","0,0 %"
PRIVÉ,840000467,CAPIO CLINIQUE D'ORANGE,M12,8 964,2 038,6 926,46,"49,2 %","56,99","0,69","0,0 %"
PRIVÉ,840007850,ATIR CENTRE DE DIALYSE,M11,0,0,0,12 346,"67,7 %","64,49","0,00","0,0 %"
PRIVÉ,840011043,CENTRE D'HEMODIALYSE DE L'ATIR,M12,0,0,0,18 652,"53,7 %","72,53","0,00","0,0 %"
PRIVÉ,840012538,ATIR AUTODIALYSE ISLE SUR SORGUE,M12,0,0,0,806,"87,2 %","51,47","0,00","0,0 %"
PRIVÉ,840012546,ATIR AUTODIALYSE ORANGE,M11,0,0,0,905,"59,3 %","56,28","0,00","0,0 %"
PRIVÉ,840013312,CLINIQUE RHONE DURANCE,M12,10 762,7 922,2 840,373,"67,9 %","67,03","2,44","0,5 %"
PRIVÉ,840013445,CLINIQUE FONTVERT ST FRANCOIS,M12,20 021,1 814,18 207,111,"48,3 %","52,86","0,19","0,0 %"
PRIVÉ,840017172,SYNERGIA VENTOUX,M12,11 020,3 070,7 950,173,"50,6 %","57,51","1,07","0,2 %"
PRIVÉ,840017222,ATIR CENTRE D'HÉMODIALYSE,M12,0,0,0,17 037,"73,9 %","70,97","0,00","0,0 %"
PRIVÉ,840017230,AUTODIALYSE ATIR CH CARPENTRAS,M11,0,0,0,421,"40,6 %","61,63","0,00","0,0 %"
PRIVÉ,840017461,HEMODIALYSE ATIR CH ORANGE,M12,0,0,0,14 966,"66,9 %","72,37","0,00","0,0 %"
PRIVÉ,840018774,ATIR UNITE DIALYSE MEDIC CAVAILLON,M12,0,0,0,5 665,"71,6 %","70,67","0,00","0,0 %"
PRIVÉ,850000118,CLINIQUE SAINT CHARLES,M12,22 757,7 395,15 362,0,"45,4 %","53,41","1,28","0,3 %"
PRIVÉ,850000126,CLINIQUE SUD VENDEE,M12,8 921,2 445,6 476,48,"48,5 %","58,55","0,95","0,1 %"
PRIVÉ,850000134,CLINIQUE CHIRURGICALE PORTE OCEANE,M12,9 239,3 318,5 921,0,"50,0 %","61,53","1,43","0,2 %"
PRIVÉ,850009333,DIALYSE ECHO LA ROCHE SUR YON,M12,0,0,0,12 892,"52,3 %","67,75","0,00","0,0 %"
PRIVÉ,850011271,DIALYSE ECHO CHALLANS,M12,0,0,0,7 334,"76,5 %","72,45","0,00","0,0 %"
PRIVÉ,850022047,DIALYSE ECHO ILE D'YEU,M12,0,0,0,566,"43,6 %","69,94","0,00","0,0 %"
PRIVÉ,850023151,DIALYSE ECHO FONTENAY LE COMTE,M12,0,0,0,4 551,"57,6 %","69,42","0,00","0,0 %"
PRIVÉ,850025156,CENTRE DIALYSE ECHO OLONNES SUR MER,M12,0,0,0,11 654,"67,8 %","71,82","0,00","0,0 %"
PRIVÉ,860010321,POLYCLINIQUE DE POITIERS,M12,23 517,8 820,14 697,270,"52,3 %","53,16","1,47","0,2 %"
PRIVÉ,860780311,CLINIQUE DE CHATELLERAULT,M12,8 487,2 494,5 993,0,"46,0 %","58,19","1,19","0,1 %"
PRIVÉ,860780568,CLINIQUE FIEF DE GRIMOIRE,M12,8 120,3 815,4 305,39,"25,4 %","47,94","1,33","0,0 %"
PRIVÉ,870000080,UNITÉ DE DIALYSE LIMOGES BUISSON,M12,0,0,0,11 894,"59,4 %","71,71","0,00","0,0 %"
PRIVÉ,870000288,CLINIQUE FRANÇOIS CHENIEUX,M12,37 616,18 474,19 142,10 392,"50,3 %","63,29","1,87","0,8 %"
PRIVÉ,870000411,CLINIQUE EMAILLEURS-COLOMBIER LIMOGES,M12,11 403,6 716,4 687,121,"35,9 %","45,89","2,34","0,1 %"
PRIVÉ,880788591,POLYCLINIQUE LA LIGNE BLEUE,M12,19 499,9 329,10 170,18 096,"53,8 %","60,82","1,00","0,1 %"
PRIVÉ,890000169,CLINIQUE PAUL PICQUET SENS,M12,13 259,4 286,8 973,1 667,"46,9 %","56,59","1,03","0,4 %"
PRIVÉ,890002389,POLYCLINIQUE STE MARGUERITE AUXERRE,M12,10 863,2 774,8 089,1 654,"50,5 %","60,98","0,92","0,4 %"
PRIVÉ,900000035,HÔPITAL PRIVÉ DE LA MIOTTE,M12,11 780,3 137,8 643,1 à 10,"47,8 %","54,26","0,81","0,0 %"
PRIVÉ,910002609,CENTRE D'HEMODIALYSE D'ATHIS,M12,0,0,0,10 794,"51,8 %","70,18","0,00","0,0 %"
PRIVÉ,910009349,CENTRE D'HEMODIALYSE D ETAMPES,M12,0,0,0,18 051,"65,2 %","70,22","0,00","0,0 %"
PRIVÉ,910015965,CLINIQUE LE MOULIN DE VIRY,M12,421,419,1 à 10,0,"29,2 %","85,42","13,19","5,7 %"
PRIVÉ,910022037,UDM NEPHROCARE ILE DE FRANCE,M12,0,0,0,1 004,"66,8 %","69,85","0,00","0,0 %"
PRIVÉ,910300011,CLINIQUE DES CHARMILLES,M12,12 730,1 599,11 131,79,"46,8 %","52,03","0,31","0,0 %"
PRIVÉ,910300029,HÔPITAL D ATHIS MONS SITE JULES VALLES,M12,1 343,1 333,1 à 10,0,"39,6 %","81,19","6,54","3,1 %"
PRIVÉ,910300060,CLINIQUE GERIATRIQUE LES VALLEES,M12,209,207,1 à 10,0,"32,5 %","87,35","10,41","3,3 %"
PRIVÉ,910300144,CENTRE MÉDICO-CHIRURGICAL ET OBST,M12,16 118,6 630,9 488,28 188,"53,3 %","59,96","0,73","0,2 %"
PRIVÉ,910300177,CLINIQUE DE L'YVETTE,M12,18 162,6 895,11 267,0,"43,5 %","46,57","1,32","0,0 %"
PRIVÉ,910300219,HÔPITAL PRIVÉ JACQUES CARTIER,M12,22 310,11 448,10 862,10 734,"57,4 %","62,99","2,14","0,7 %"
PRIVÉ,910300300,HÔPITAL PRIVÉ DU VAL D'YERRES,M12,6 327,3 317,3 010,1 152,"48,3 %","61,05","3,57","2,7 %"
PRIVÉ,910300326,CLINIQUE PASTEUR,M12,771,758,13,3 438,"38,3 %","66,63","0,88","1,9 %"
PRIVÉ,910300359,HÔPITAL PRIVÉ D ATHIS MONS,M12,4 604,584,4 020,0,"48,7 %","43,33","0,31","0,0 %"
PRIVÉ,910803543,CH PRIVÉ CLAUDE GALIEN,M12,24 377,11 439,12 938,20 819,"53,0 %","57,59","1,35","0,6 %"
PRIVÉ,910805357,CLINIQUE DE L ESSONNE,M12,13 742,3 473,10 269,146,"48,4 %","40,18","0,91","0,0 %"
PRIVÉ,910813963,UNITÉ D'AUTODIALYSE DE BIEVRES,M12,0,0,0,8 070,"63,2 %","59,92","0,00","0,0 %"
PRIVÉ,920008539,HÔPITAL AMERICAIN 2,M12,17,11,1 à 10,10 289,"59,8 %","70,11","0,01","0,0 %"
PRIVÉ,920300043,HÔPITAL PRIVÉ D ANTONY,M12,47 762,21 662,26 100,24 162,"49,4 %","54,13","1,49","0,5 %"
PRIVÉ,920300183,CENTRE CHIRURGICAL DES PRINCES,M12,13 483,773,12 710,0,"38,0 %","53,89","0,12","0,0 %"
PRIVÉ,920300191,C.C.B.B. MARCEL SEMBAT,M12,9 885,1 927,7 958,61,"64,4 %","27,07","0,48","0,0 %"
PRIVÉ,920300266,CLINIQUE DU PLATEAU,M12,1 467,1 030,437,40,"39,3 %","73,12","3,67","6,4 %"
PRIVÉ,920300365,CLINIQUE LA MONTAGNE,M12,10 951,1 959,8 992,0,"48,2 %","44,34","0,38","0,0 %"
PRIVÉ,920300415,CLINIQUE LAMBERT,M12,9 265,3 557,5 708,19 333,"47,5 %","61,59","0,62","0,3 %"
PRIVÉ,920300597,CLINIQUE DE MEUDON LA FORET,M12,15 446,4 649,10 797,2 146,"47,3 %","58,51","1,38","0,6 %"
PRIVÉ,920300712,CENTRE CHIRURGICAL P. CHEREST,M12,9 941,1 548,8 393,0,"35,2 %","57,41","0,18","0,0 %"
PRIVÉ,920300753,CENTRE CHIRURGICAL AMBROISE PARE,M12,15 517,11 614,3 903,10 721,"61,9 %","69,05","2,01","0,4 %"
PRIVÉ,920300761,CLINIQUE HARTMANN,M12,13 812,3 793,10 019,7 270,"34,8 %","53,30","0,75","0,5 %"
PRIVÉ,920300787,HÔPITAL AMERICAIN,M12,14 437,7 041,7 396,2 060,"41,5 %","53,44","2,35","1,0 %"
PRIVÉ,920300837,CLINIQUE LES MARTINETS,M12,9 652,1 052,8 600,11 752,"57,4 %","62,28","0,13","0,0 %"
PRIVÉ,920300936,CENTRE CHIRURGICAL VAL D'OR,M12,6 312,3 248,3 064,0,"52,8 %","59,20","3,26","1,0 %"
PRIVÉ,920301033,CENTRE CANCEROLOGIE DE LA PORTE ST CLOUD,M12,302,298,1 à 10,6 300,"27,3 %","62,45","0,15","0,0 %"
PRIVÉ,920803798,CLINIQUE DE LA DEFENSE,M12,48,48,0,0,"58,3 %","66,98","25,15","50,0 %"
PRIVÉ,920811775,UNITÉ D'AUTODIALYSE DE SURESNES,M12,0,0,0,8 600,"65,5 %","62,64","0,00","0,0 %"
PRIVÉ,930014428,CENTRE DE DIALYSE DE L'ESTREE,M12,0,0,0,11 657,"61,7 %","70,72","0,00","0,0 %"
PRIVÉ,930022603,CENTRE DE DIALYSE DE MONTFERMEIL,M12,0,0,0,10 402,"54,0 %","65,46","0,00","0,0 %"
PRIVÉ,930300025,HÔPITAL EUROPEEN LA ROSERAIE,M12,14 435,7 926,6 509,20 630,"60,4 %","58,33","1,38","0,6 %"
PRIVÉ,930300066,HÔPITAL PRIVÉ DE L EST PARISIEN,M12,14 403,5 270,9 133,38 358,"60,2 %","65,71","0,50","0,1 %"
PRIVÉ,930300082,CENTRE CHIRURGICAL FLOREAL,M12,15 101,3 876,11 225,1 575,"52,0 %","47,70","1,42","0,7 %"
PRIVÉ,930300116,HÔPITAL PRIVÉ DE SEINE ST DENIS,M12,20 476,9 721,10 755,1 594,"41,8 %","38,77","2,22","0,3 %"
PRIVÉ,930300264,CLINIQUE LES LILAS,M12,3 987,918,3 069,0,"49,8 %","46,95","0,73","0,1 %"
PRIVÉ,930300298,POLYCLINIQUE VAUBAN,M12,13 595,4 448,9 147,1 à 10,"42,6 %","37,45","1,18","0,0 %"
PRIVÉ,930300553,CLINIQUE DE L'ESTREE,M12,18 154,9 238,8 916,1 961,"43,4 %","39,98","2,55","0,7 %"
PRIVÉ,930300587,CLINIQUE DU LANDY,M12,6 804,1 094,5 710,19 905,"50,0 %","65,33","0,19","0,0 %"
PRIVÉ,930300595,CLINIQUE DU VERT GALANT,M12,14 936,5 207,9 729,19 848,"51,8 %","60,04","0,82","0,4 %"
PRIVÉ,930300645,CENTRE CARDIOLOGIQUE DU NORD,M12,16 101,10 982,5 119,1 à 10,"60,3 %","65,43","3,74","1,0 %"
PRIVÉ,930817333,DIAVERUM SAINT DENIS- CTRE HEMODIALYSE,M12,0,0,0,33 010,"61,9 %","60,91","0,00","0,0 %"
PRIVÉ,940000078,UNITÉ D'AUTODIALYSE DE CRETEIL,M12,0,0,0,13 057,"63,5 %","58,12","0,00","0,0 %"
PRIVÉ,940006679,HÔPITAL PRIVÉ DE MARNE-LA-VALLÉE,M12,18 161,7 420,10 741,12 734,"49,2 %","50,27","0,92","0,1 %"
PRIVÉ,940300031,HÔPITAL PRIVÉ PAUL D'EGINE,M12,23 613,6 367,17 246,18 911,"52,3 %","60,01","0,72","0,3 %"
PRIVÉ,940300163,CLINIQUE LES TOURNELLES,M12,402,402,0,0,"32,3 %","85,34","12,17","3,0 %"
PRIVÉ,940300270,HÔPITAL PRIVÉ ARMAND BRILLARD,M12,20 164,9 851,10 313,16 743,"46,1 %","56,61","1,21","0,3 %"
PRIVÉ,940300379,CLINIQUE GASTON METIVET,M12,9 634,4 264,5 370,0,"38,7 %","50,58","2,01","0,5 %"
PRIVÉ,940300445,CLINIQUE DU SUD,M12,6 987,2 603,4 384,18 645,"58,6 %","65,23","0,49","0,2 %"
PRIVÉ,940300452,CLINIQUE MEDICALE DE DIETETIQUE,M12,2 191,2 191,0,0,"22,3 %","51,36","3,93","0,0 %"
PRIVÉ,940300494,POLYCLINIQUE DE VILLENEUVE ST GEORGES,M12,7 213,2 349,4 864,31 397,"56,5 %","64,17","0,31","0,1 %"
PRIVÉ,940300551,HÔPITAL PRIVÉ DE VITRY SITE NORIETS,M12,5 546,3 367,2 179,60,"21,6 %","30,32","2,35","0,2 %"
PRIVÉ,940300569,HÔPITAL PRIVÉ DE VITRY SITE PASTEUR,M12,9 163,4 081,5 082,1 à 10,"52,0 %","50,61","2,52","0,5 %"
PRIVÉ,940813017,UNITÉ D'AUTODIALYSE DE VILLEJUIF,M12,0,0,0,14 895,"68,0 %","59,05","0,00","0,0 %"
PRIVÉ,940813033,CLINIQUE DE BERCY,M12,15 315,2 741,12 574,271,"45,1 %","48,98","0,40","0,0 %"
PRIVÉ,950032714,CLINIQUE AMBULATOIRE DE DOMONT,M12,11 047,0,11 047,0,"45,5 %","54,12","0,00","0,0 %"
PRIVÉ,950300095,POLYCLINIQUE DU PLATEAU,M12,5 981,1 328,4 653,21 719,"54,1 %","66,68","0,26","0,0 %"
PRIVÉ,950300152,CLINIQUE MIRABEAU,M12,284,282,1 à 10,0,"39,4 %","79,27","8,86","10,9 %"
PRIVÉ,950300202,CLINIQUE CONTI,M12,16 873,5 035,11 838,30,"47,3 %","47,45","1,01","0,0 %"
PRIVÉ,950300244,CH PRIVÉ SAINTE MARIE,M12,23 555,5 084,18 471,6 625,"46,3 %","53,67","0,85","0,5 %"
PRIVÉ,950300277,HÔPITAL PRIVÉ NORD PARISIEN,M12,18 426,6 735,11 691,26 193,"50,8 %","56,25","0,72","0,2 %"
PRIVÉ,950300301,CLINIQUE MEDICALE DU PARC ST OUEN,M12,616,610,1 à 10,225,"50,5 %","61,55","7,23","23,2 %"
PRIVÉ,950300350,CLINIQUE DU PARISIS,M12,3 872,703,3 169,7 106,"59,4 %","63,76","0,43","0,0 %"
PRIVÉ,950807982,CLINIQUE CLAUDE BERNARD,M12,28 508,10 033,18 475,12 130,"47,9 %","53,26","1,01","0,3 %"
PRIVÉ,970100012,POLYCLINIQUE DE LA GUADELOUPE,M12,11 453,5 464,5 989,31,"36,6 %","51,95","1,65","0,0 %"
PRIVÉ,970100020,CENTRE MEDICO-SOCIAL,M12,8 809,1 754,7 055,157,"30,2 %","57,05","0,78","0,7 %"
PRIVÉ,970100111,LES NOUVELLES EAUX VIVES,M3,0,0,0,4 746,"50,5 %","69,42","0,00","0,0 %"
PRIVÉ,970100137,POLYCLINIQUE SAINT-CHRISTOPHE,M12,445,349,96,1 à 10,"38,3 %","74,57","4,27","1,1 %"
PRIVÉ,970102596,CLINIQUE DE CHOISY,M12,2 134,976,1 158,47 255,"50,8 %","66,50","0,08","0,0 %"
PRIVÉ,970103099,CLINIQUE LES NOUVELLES EAUX-MARINES,M12,503,502,1 à 10,0,"44,5 %","74,40","6,46","0,0 %"
PRIVÉ,970107249,CLINIQUE LES EAUX CLAIRES,M12,27 098,10 108,16 990,229,"38,8 %","50,84","1,39","0,2 %"
PRIVÉ,970107454,A.U.D.R.A.,M12,0,0,0,35 752,"56,8 %","63,83","0,00","0,0 %"
PRIVÉ,970111571,EAUX VIVES DIALYSE,M12,0,0,0,19 287,"49,4 %","69,82","0,00","0,0 %"
PRIVÉ,970111662,GGCO,M12,0,0,0,4 182,"34,7 %","62,14","0,00","0,0 %"
PRIVÉ,970111688,GGCO,M12,0,0,0,760,"34,3 %","61,29","0,00","0,0 %"
PRIVÉ,970202313,CLINIQUE SAINT PAUL,M12,18 604,5 393,13 211,0,"39,0 %","53,17","1,10","0,0 %"
PRIVÉ,970202321,SA CLINIQUE SAINTE MARIE,M12,5 185,2 173,3 012,33,"43,3 %","57,32","2,54","0,7 %"
PRIVÉ,970203774,STEER SARL,M12,0,0,0,16 682,"63,0 %","63,03","0,00","0,0 %"
PRIVÉ,970209219,E.T.E.E.R.,M12,0,0,0,13 232,"60,3 %","67,77","0,00","0,0 %"
PRIVÉ,970302055,HÔPITAL PRIVÉ SAINT-GABRIEL,M12,3 767,857,2 910,11 255,"52,9 %","58,12","0,21","0,0 %"
PRIVÉ,970302071,CLINIQUE SAINT-PAUL,M12,86,85,1 à 10,0,"59,3 %","68,88","7,70","3,5 %"
PRIVÉ,970404018,CENTRE D'HEMODIALYSE MG DURIEUX,M12,1 à 10,0,1 à 10,14 926,"58,7 %","70,36","0,00","0,0 %"
PRIVÉ,970404109,INSTITUT ROBERT DEBRE,M12,507,507,0,0,"86,0 %","45,94","7,69","0,0 %"
PRIVÉ,970404158,CENTRE UDM-UAD,M12,0,0,0,16 407,"45,1 %","66,84","0,00","0,0 %"
PRIVÉ,970404844,CLINIQUE SAINT-VINCENT,M12,7 404,1 038,6 366,12,"39,1 %","51,13","0,18","0,0 %"
PRIVÉ,970405064,CENTRE,M12,0,0,0,13 785,"51,1 %","69,35","0,00","0,0 %"
PRIVÉ,970405411,SODIA DELPRA,M12,91,0,91,28 782,"54,3 %","66,32","0,00","0,0 %"
PRIVÉ,970405452,SODIA JEANNE D'ARC,M12,0,0,0,2 637,"47,1 %","69,01","0,00","0,0 %"
PRIVÉ,970410064,SODIA OASIS,M12,0,0,0,21 487,"45,2 %","68,95","0,00","0,0 %"
PRIVÉ,970462024,CLINIQUE JEANNE D'ARC,M12,4 444,3 295,1 149,117,"14,4 %","22,08","2,88","0,0 %"
PRIVÉ,970462073,CLINIQUE DURIEUX,M12,15 781,4 931,10 850,1 à 10,"41,7 %","45,49","0,85","0,0 %"
PRIVÉ,970462081,CLINIQUE LES ORCHIDEES,M12,13 149,3 784,9 365,3 935,"45,4 %","48,16","0,58","0,0 %"
PRIVÉ,970462107,CLINIQUE SAINTE CLOTILDE,M12,27 643,18 589,9 054,5 951,"41,9 %","51,33","2,16","0,5 %"
PRIVÉ,970466751,SARL AVICENNE,M12,3 543,0,3 543,0,"44,8 %","62,44","0,00","0,0 %"
PRIVÉ,980500763,UNITÉ D'AUTODIALYSE MAMOUDZOU,M12,0,0,0,7 533,"64,1 %","63,36","0,00","0,0 %"
,,Total,,NA,NA,NA,NA,"50,7 %","59,25","1,04","0,3 %"
