﻿Catégorie,Finess,Raison Sociale,Période,Nombre de séjoursséances total,Nombre de séjours en hospit complète,Nombre de séjours en hospit partielle,Nombre de séances,Sexe ratio (% homme),Age moyen,Durée moyenne de séjour,% décès
PRIVÉ,010007300,CLINIQUE AMBULATOIRE CENDANEG,M12,2 075,0,2 075,0,"44,5 %","63,70","0,00","0,0 %"
PRIVÉ,010780195,CLINIQUE CONVERT BOURG-EN-B.,M12,20 344,8 441,11 903,3 259,"52,8 %","58,96","1,29","0,7 %"
PRIVÉ,010780203,HÔPITAL PRIVÉ D'AMBERIEU,M12,13 309,6 230,7 079,193,"43,8 %","52,06","1,74","0,9 %"
PRIVÉ,010780294,NEPHROCARE CH BELLEY,M12,0,0,0,9 388,"70,9 %","68,05","0,00","0,0 %"
PRIVÉ,020000360,CLINIQUE SAINT CHRISTOPHE,M12,6 704,1 013,5 691,0,"49,9 %","52,92","0,38","0,0 %"
PRIVÉ,020010047,POLYCLINIQUE ST CLAUDE,M12,17 223,6 883,10 340,4 097,"43,6 %","55,03","1,39","0,7 %"
PRIVÉ,030780548,POLYCLINIQUE PERGOLA - VICHY,M12,9 571,2 919,6 652,77,"50,5 %","62,39","0,94","0,2 %"
PRIVÉ,030781116,CLINIQUE ST-FRANC ST ANT -DESERTINE,M12,13 704,6 159,7 545,6 419,"58,1 %","66,01","2,04","1,4 %"
PRIVÉ,030785430,POLYCLINIQUE ST-ODILON - MOULINS,M12,9 554,4 465,5 089,917,"52,6 %","63,05","1,37","0,6 %"
PRIVÉ,040780470,CLINIQUE CHIRURGICALE TOUTES AURES,M12,5 278,588,4 690,0,"49,6 %","61,29","0,41","0,0 %"
PRIVÉ,040784860,CENTRE D'HEMODIALYSE DES ALPES,M12,0,0,0,18 596,"67,3 %","71,63","0,00","0,0 %"
PRIVÉ,050000090,CLINIQUE DES HAUTES-ALPES,M12,12 823,2 089,10 734,580,"50,4 %","57,13","0,32","0,0 %"
PRIVÉ,060010949,AGAHTIR UDM ANTIBES,M12,0,0,0,9 286,"69,3 %","70,40","0,00","0,0 %"
PRIVÉ,060021276,AGAHTIR CENTRE D'HEMODIALYSE,M12,0,0,0,9 350,"57,1 %","76,73","0,00","0,0 %"
PRIVÉ,060021417,HÔPITAL PRIVÉ CANNES OXFORD,M12,20 245,3 976,16 269,153,"47,0 %","58,47","0,81","0,2 %"
PRIVÉ,060780442,CLINIQUE SAINT FRANCOIS,M12,5 883,1 603,4 280,0,"40,1 %","56,91","0,32","0,0 %"
PRIVÉ,060780491,INSTITUT ARNAULT TZANCK,M12,18 641,7 437,11 204,32,"54,0 %","62,41","1,90","0,7 %"
PRIVÉ,060780517,POLYCLINIQUE SAINT-JEAN,M12,27 973,10 176,17 797,8 222,"44,7 %","58,72","1,27","0,6 %"
PRIVÉ,060780590,CLINIQUE DU PALAIS,M12,8 382,1 918,6 464,404,"47,1 %","56,64","0,68","0,0 %"
PRIVÉ,060780715,CLINIQUE SAINT GEORGE,M12,37 757,16 958,20 799,8 122,"44,1 %","56,38","1,50","0,5 %"
PRIVÉ,060780723,CLINIQUE DU PARC IMPERIAL,M12,15 064,4 491,10 573,4 296,"46,0 %","61,02","0,77","0,3 %"
PRIVÉ,060780756,CLINIQUE SANTA MARIA,M12,14 672,6 478,8 194,59,"27,9 %","40,98","1,58","0,1 %"
PRIVÉ,060781200,CLINIQUE SAINT ANTOINE,M12,12 360,4 043,8 317,79,"41,3 %","61,90","1,84","0,8 %"
PRIVÉ,060785219,CLINIQUE PLEIN CIEL,M12,4 544,4 403,141,8 594,"41,1 %","67,48","2,28","2,1 %"
PRIVÉ,060791860,CENTRE D'HEMODIALYSE A TZANCK,M12,0,0,0,34 072,"61,5 %","70,80","0,00","0,1 %"
PRIVÉ,060792900,A TZANCK AUTODIALYSE MOUGINS,M12,0,0,0,3 126,"68,8 %","66,09","0,00","0,0 %"
PRIVÉ,060792926,CENTRE D'HEMODIALYSE LA RIVIERA ANTIBES,M12,0,0,0,12 856,"64,7 %","71,89","0,00","0,0 %"
PRIVÉ,060800166,HP A. TZANCK MOUGINS SOPHIA ANTIPOLIS,M12,17 556,4 275,13 281,188,"51,5 %","57,94","1,01","0,1 %"
PRIVÉ,070780168,CLINIQUE DU VIVARAIS,M12,6 231,1 373,4 858,13,"45,3 %","63,63","0,73","0,0 %"
PRIVÉ,070780424,CLINIQUE PASTEUR,M12,18 624,9 107,9 517,1 à 10,"46,0 %","52,33","2,36","0,3 %"
PRIVÉ,100000082,CLINIQUE PAYS DE SEINE,M12,3 453,896,2 557,1 à 10,"45,5 %","58,24","0,84","0,1 %"
PRIVÉ,100000124,POLYCLINIQUE MONTIER LA CELLE,M12,11 945,4 895,7 050,425,"47,9 %","59,00","1,32","0,1 %"
PRIVÉ,100000157,CLINIQUE DES URSULINES,M12,2 513,315,2 198,28,"43,2 %","54,33","0,20","0,0 %"
PRIVÉ,110004413,AIDER UAD NARBONNE,M12,0,0,0,2 764,"68,2 %","67,72","0,00","0,0 %"
PRIVÉ,110004421,AIDER UAD LIMOUX,M12,0,0,0,2 343,"60,5 %","72,42","0,00","0,0 %"
PRIVÉ,110005311,AIDER UAD DE CARCASSONNE,M12,0,0,0,6 929,"70,7 %","66,16","0,00","0,0 %"
PRIVÉ,110007259,UDM HÔPITAL PRIVÉ DU GRAND NARBONNE,M12,0,0,0,4 337,"78,4 %","69,56","0,00","0,0 %"
PRIVÉ,110780228,HÔPITAL PRIVÉ DU GRAND NARBONNE,M12,20 791,8 521,12 270,19 901,"48,5 %","65,35","1,00","0,7 %"
PRIVÉ,110780483,CLINIQUE MONTREAL,M12,13 827,3 748,10 079,1 386,"51,0 %","61,90","1,12","1,4 %"
PRIVÉ,120001748,UNITÉ DIALYSE MEDICALISEE MILLAU,M12,0,0,0,6 923,"67,6 %","73,06","0,00","0,0 %"
PRIVÉ,130002694,CLINIQUE JEAN PAOLI,M12,406,392,14,0,"38,7 %","79,68","6,13","1,0 %"
PRIVÉ,130008253,CLINIQUE DE VITROLLES,M12,8 075,3 262,4 813,155,"35,6 %","34,16","1,43","0,0 %"
PRIVÉ,130034531,DIAVERUM PROVENCE ARLES,M12,0,0,0,21 994,"60,4 %","73,54","0,00","0,0 %"
PRIVÉ,130037922,HPC RESIDENCE DU PARC,M12,8 279,3 648,4 631,331,"44,9 %","54,40","1,98","0,5 %"
PRIVÉ,130038003,DIALYSAIX - CENTRE D'HÉMODIALYSE D'AIX EN PROVENCE,M12,0,0,0,25 235,"73,9 %","74,08","0,00","0,0 %"
PRIVÉ,130041767,EUROMED CARDIO,M12,3 054,2 753,301,0,"64,9 %","68,60","3,72","0,8 %"
PRIVÉ,130042096,GCS CENTRE CARDIO AXIUM RAMBO,M12,3 507,3 263,244,0,"69,7 %","69,92","2,60","0,5 %"
PRIVÉ,130044753,CLINIQUE MONTICELLI VELODROME,M12,12 710,915,11 795,0,"45,0 %","62,66","0,08","0,0 %"
PRIVÉ,130781289,POLYCLINIQUE DU PARC RAMBOT LA PROVENCALE,M12,3 252,543,2 709,3 240,"45,4 %","58,02","0,53","0,4 %"
PRIVÉ,130781370,CLINIQUE JEANNE D'ARC,M12,7 367,1 863,5 504,217,"49,0 %","55,11","0,95","0,1 %"
PRIVÉ,130781479,CLINIQUE LA CASAMANCE,M12,19 531,9 360,10 171,3 446,"50,5 %","61,02","2,30","1,1 %"
PRIVÉ,130781867,CLINIQUE DE LA CIOTAT,M12,7 112,1 033,6 079,4 411,"52,9 %","62,04","0,21","0,1 %"
PRIVÉ,130782071,CLINIQUE DE L'ETANG DE L'OLIVIER,M12,8 852,2 537,6 315,55,"50,0 %","51,87","1,65","0,7 %"
PRIVÉ,130782147,CLINIQUE GENERALE DE MARIGNANE,M12,15 791,7 436,8 355,13,"52,6 %","62,65","2,57","1,5 %"
PRIVÉ,130782162,CLINIQUE DE MARTIGUES,M12,7 971,1 680,6 291,1 à 10,"49,0 %","56,50","0,74","0,1 %"
PRIVÉ,130782675,CLINIQUE CHIRURGICALE DU DR VIGNOLI,M12,8 314,885,7 429,39,"49,5 %","56,87","0,29","0,0 %"
PRIVÉ,130783327,CLINIQUE BOUCHARD,M12,18 409,8 555,9 854,24 323,"47,5 %","60,12","0,85","0,2 %"
PRIVÉ,130783723,CLINIQUE JUGE,M12,21 988,4 791,17 197,1 à 10,"44,6 %","49,62","0,45","0,0 %"
PRIVÉ,130784051,POLYCLINIQUE CLAIRVAL,M12,14 418,12 125,2 293,14 229,"58,5 %","65,42","2,87","0,8 %"
PRIVÉ,130784481,DIAVERUM PROVENCE MARSEILLE 8E,M12,0,0,0,48 300,"59,7 %","71,42","0,00","0,0 %"
PRIVÉ,130784713,CLINIQUE BEAUREGARD,M12,25 739,13 354,12 385,5 748,"34,6 %","49,18","2,19","0,7 %"
PRIVÉ,130784903,CLINIQUE MÉDICO-CHIRURGICALE LA PHOCEANNE,M12,5 364,1 523,3 841,0,"37,6 %","66,92","2,39","0,1 %"
PRIVÉ,130785389,CLINIQUE CHANTECLER,M12,9 903,1 461,8 442,1 à 10,"51,7 %","54,95","0,47","0,0 %"
PRIVÉ,130785678,CLINIQUE VERT COTEAU,M12,8 980,2 812,6 168,2 177,"49,1 %","59,37","2,58","1,1 %"
PRIVÉ,130786361,POLYCLINIQUE DU PARC RAMBOT,M12,27 924,10 593,17 331,4 816,"50,2 %","59,23","1,53","0,7 %"
PRIVÉ,130789159,CENTRE CARDIO-VASCULAIRE VALMANT,M12,919,914,1 à 10,0,"39,3 %","82,27","9,63","3,2 %"
PRIVÉ,130809809,CENTRE D'HEMODIALYSE DE PROVENCE,M12,0,0,0,23 647,"66,3 %","74,21","0,00","0,0 %"
PRIVÉ,130810740,CLINIQUE AXIUM,M12,26 474,5 262,21 212,32,"49,1 %","54,03","0,89","0,4 %"
PRIVÉ,140000290,CLINIQUE NOTRE-DAME,M12,6 854,2 164,4 690,120,"44,3 %","60,02","1,16","0,1 %"
PRIVÉ,140016759,POLYCLINIQUE DU PARC,M12,29 910,13 424,16 486,4 881,"39,4 %","52,22","1,45","0,5 %"
PRIVÉ,140017237,CH PRIVÉ ST MARTIN CAEN,M12,38 633,15 559,23 074,15 601,"57,7 %","65,75","1,08","0,2 %"
PRIVÉ,140018730,POLYCLINIQUE DE LISIEUX,M12,6 956,1 619,5 337,63,"52,0 %","62,81","0,70","0,0 %"
PRIVÉ,140026709,POLYCLINIQUE DE DEAUVILLE-CRICQUEBOEUF,M12,5 230,1 571,3 659,1 à 10,"46,2 %","58,88","1,10","0,1 %"
PRIVÉ,150780120,CLINIQUE DU HAUT CANTAL,M12,261,258,1 à 10,0,"47,9 %","73,98","6,24","1,5 %"
PRIVÉ,150780732,CENTRE MÉDICO-CHIRURGICAL AURILLAC,M12,11 675,4 861,6 814,16 691,"59,3 %","67,22","1,07","0,6 %"
PRIVÉ,160000170,CLINIQUE SAINT JOSEPH ANGOULEME,M12,10 498,2 501,7 997,0,"49,5 %","57,39","0,76","0,1 %"
PRIVÉ,160000279,CLINIQUE DE COGNAC,M12,6 770,1 338,5 432,0,"45,5 %","56,98","0,63","0,0 %"
PRIVÉ,160013207,CENTRE CLINICAL,M12,20 049,7 048,13 001,4 291,"43,5 %","54,91","1,07","0,3 %"
PRIVÉ,170780563,ÉTABLISSEMENT DE SOINS PASTEUR - ROYAN,M12,12 806,4 640,8 166,177,"54,3 %","61,38","1,41","0,3 %"
PRIVÉ,170780613,SA CLINIQUE DU MAIL,M12,8 637,3 776,4 861,121,"41,1 %","52,75","1,12","0,0 %"
PRIVÉ,170780621,POLYCLINIQUE SAINT-GEORGES,M12,5 434,1 719,3 715,0,"46,6 %","62,98","1,32","0,1 %"
PRIVÉ,170780647,CLINIQUE RICHELIEU - SAINTES,M12,7 711,1 248,6 463,0,"44,8 %","58,27","0,39","0,0 %"
PRIVÉ,170780662,CLINIQUE DE L'ATLANTIQUE,M12,21 542,2 703,18 839,17,"45,0 %","61,06","0,27","0,0 %"
PRIVÉ,180000358,CLINIQUE DES GRAINETIERES,M12,4 757,1 207,3 550,915,"49,7 %","60,04","0,82","0,1 %"
PRIVÉ,180004145,HÔPITAL PRIVÉ GUILLAUME DE VARYE,M12,17 651,6 186,11 465,6 546,"45,3 %","57,68","1,13","0,7 %"
PRIVÉ,190000224,CLINIQUE LES CEDRES BRIVE,M12,15 146,5 839,9 307,354,"49,1 %","61,46","1,68","0,3 %"
PRIVÉ,190000257,CLINIQUE SAINT-GERMAIN BRIVE,M12,5 934,1 703,4 231,103,"42,1 %","51,74","0,79","0,0 %"
PRIVÉ,190010553,UNITÉ DE DIALYSE BRIVE,M12,0,0,0,13 207,"69,7 %","65,88","0,00","0,0 %"
PRIVÉ,200200145,POLYCLINIQUE LA RESIDENCE,M12,13 156,4 557,8 599,4 312,"46,3 %","56,15","1,22","0,5 %"
PRIVÉ,210011847,POLYCLINIQUE DU PARC DREVON,M12,16 274,4 021,12 253,4 565,"45,7 %","58,55","0,81","0,7 %"
PRIVÉ,210012670,HÔPITAL PRIVÉ DIJON BOURGOGNE,M12,40 240,15 663,24 577,270,"47,6 %","52,04","1,18","0,1 %"
PRIVÉ,210780789,CLINIQUE MUTUALISTE BENIGNE JOLY,M12,12 542,6 123,6 419,19 383,"60,6 %","63,38","0,84","0,3 %"
PRIVÉ,220000111,POLYCLINIQUE DU TREGOR,M12,7 114,1 709,5 405,1 641,"49,6 %","64,45","0,75","0,1 %"
PRIVÉ,220005599,POLYCLINIQUE DU PAYS DE RANCE,M12,9 898,2 296,7 602,59,"49,1 %","63,03","0,83","0,1 %"
PRIVÉ,220013106,UNITÉ DIALYSE BEGARD AUB SANTÉ,M12,0,0,0,944,"72,2 %","62,72","0,00","0,0 %"
PRIVÉ,220013130,UNITÉ D'AUTODIALYSE PAIMPOL - AUB,M12,0,0,0,505,"98,6 %","63,77","0,00","0,0 %"
PRIVÉ,220013155,UNITÉ D'AUTODIALYSE SAINT ALBAN - AUB,M12,0,0,0,560,"90,7 %","77,64","0,00","0,0 %"
PRIVÉ,220016778,UNITÉ DIALYSE SAINT BRIEUC AUB SANTÉ,M12,0,0,0,13,"100,0 %","56,85","0,00","0,0 %"
PRIVÉ,220019558,UNIT DIALYSE LA BEAUCHÉE ST BRIEUC AUB,M12,0,0,0,7 390,"69,6 %","66,40","0,00","0,0 %"
PRIVÉ,220019848,UNITÉ DIALYSE LOUDEAC AUB SANTÉ,M12,0,0,0,1 704,"73,1 %","62,09","0,00","0,0 %"
PRIVÉ,220020507,UNITÉ DIALYSE LANNION AUB SANTÉ,M12,0,0,0,8 247,"64,3 %","70,90","0,00","0,0 %"
PRIVÉ,220021976,UNITÉ DIALYSE DINAN AUB SANTÉ,M12,0,0,0,2 749,"62,9 %","67,04","0,00","0,0 %"
PRIVÉ,220022800,HÔPITAL PRIVÉ DES COTES D'ARMOR,M12,27 779,10 842,16 937,10 629,"46,5 %","57,88","1,23","0,6 %"
PRIVÉ,230780157,CLINIQUE DE LA MARCHE GUERET,M12,4 726,1 190,3 536,531,"43,0 %","60,84","0,78","0,0 %"
PRIVÉ,240000190,POLYCLINIQUE FRANCHEVILLE,M12,15 045,5 787,9 258,6 790,"48,9 %","61,59","1,21","1,0 %"
PRIVÉ,240000208,CLINIQUE PASTEUR,M12,7 332,1 183,6 149,0,"51,0 %","63,69","0,59","0,0 %"
PRIVÉ,240000216,CLINIQUE DU PARC,M12,8 393,1 437,6 956,0,"43,5 %","58,31","0,49","0,0 %"
PRIVÉ,240006734,CENTRE D'HEMODIALYSE FRANCHEVILLE,M12,0,0,0,23 769,"61,4 %","74,17","0,00","0,0 %"
PRIVÉ,250000270,CLINIQUE SAINT-VINCENT,M12,26 731,9 033,17 698,1 à 10,"54,2 %","60,80","1,03","0,2 %"
PRIVÉ,250011848,POLYCLINIQUE DE FRANCHE COMTE,M12,17 910,7 386,10 524,1 229,"38,2 %","51,87","1,26","0,0 %"
PRIVÉ,260000260,CLINIQUE LA PARISIERE,M12,8 014,2 096,5 918,137,"52,4 %","56,47","0,69","0,1 %"
PRIVÉ,260003017,SA CLINIQUE KENNEDY,M12,18 448,5 698,12 750,43,"53,4 %","54,81","0,80","0,1 %"
PRIVÉ,260006267,CLINIQUE GENERALE,M12,7 988,1 222,6 766,5 663,"41,4 %","54,12","0,52","0,8 %"
PRIVÉ,270000326,CLINIQUE PASTEUR,M12,12 464,4 856,7 608,7 683,"52,4 %","62,64","0,85","0,4 %"
PRIVÉ,270000862,CLINIQUE BERGOUIGNAN,M12,7 848,3 000,4 848,1 à 10,"54,7 %","58,47","1,16","0,1 %"
PRIVÉ,280000449,POLE MEDICAL MAISON BLANCHE,M12,1 128,980,148,0,"55,8 %","71,50","7,04","2,0 %"
PRIVÉ,280504689,CLINIQUE NÉPHROLOGIQUE DE MAISON BLANCHE,M12,0,0,0,13 755,"54,4 %","71,09","0,00","0,0 %"
PRIVÉ,280505777,HÔPITAL PRIVÉ D'EURE ET LOIR,M12,17 940,6 115,11 825,2 149,"46,8 %","58,26","1,14","0,7 %"
PRIVÉ,290000140,CLINIQUE PASTEUR-SAINT ESPRIT,M12,17 744,5 614,12 130,7 605,"41,9 %","61,26","0,89","0,9 %"
PRIVÉ,290000207,CLINIQUE ST MICHEL ET STE ANNE,M12,12 742,2 453,10 289,3 298,"47,3 %","64,80","0,61","0,4 %"
PRIVÉ,290000215,POLYCLINIQUE QUIMPER SUD,M12,12 228,3 563,8 665,162,"43,8 %","59,64","0,88","0,1 %"
PRIVÉ,290000850,STE BRESTOISE DU REIN ARTIFICIEL,M12,0,0,0,8 873,"61,5 %","74,59","0,00","0,0 %"
PRIVÉ,290004142,CLINIQUE DU GRAND LARGE,M12,8 215,2 442,5 773,186,"45,3 %","57,23","1,01","0,1 %"
PRIVÉ,290005131,UNITÉ DIALYSE PLOURIN-LES-MORLAIX AUB,M12,0,0,0,4 182,"73,3 %","70,63","0,00","0,0 %"
PRIVÉ,290005172,UNITÉ DIALYSE BREST HERMITAGE AUB,M12,0,0,0,1 662,"51,0 %","52,16","0,00","0,0 %"
PRIVÉ,290005230,UNITÉ DIALYSE DOUARNENEZ - AUB,M12,0,0,0,2 909,"45,3 %","73,70","0,00","0,0 %"
PRIVÉ,290018555,UNITÉ D'AUTODIALYSE MORLAIX - AUB,M12,0,0,0,5 470,"61,9 %","65,04","0,00","0,0 %"
PRIVÉ,290018563,UNITÉ DIALYSE QUIMPER KERRADENNEC AUB,M12,0,0,0,12 056,"71,1 %","67,18","0,00","0,0 %"
PRIVÉ,290019777,POLYCLINIQUE DE KERAUDREN,M12,25 102,12 940,12 162,219,"48,8 %","49,31","1,81","0,2 %"
PRIVÉ,290021070,UNITÉ D'AUTODIALYSE CONCARNEAU - AUB,M12,0,0,0,1 998,"90,6 %","68,11","0,00","0,0 %"
PRIVÉ,290023431,CENTRE MÉDICO-CHIRURGICAL BAIE DE MORLAIX,M12,7 780,1 899,5 881,752,"50,6 %","60,57","0,64","0,2 %"
PRIVÉ,290023779,UNITÉ DIALYSE CARHAIX AUB,M12,0,0,0,4 961,"74,8 %","70,32","0,00","0,0 %"
PRIVÉ,290023787,UNITÉ DIALYSE LANDIVISIAU AUB SANTÉ,M12,0,0,0,638,"75,9 %","60,21","0,00","0,0 %"
PRIVÉ,290023795,UNITÉ D'AUTODIALYSE LE FOLGOET - AUB,M12,0,0,0,2 787,"76,1 %","69,22","0,00","0,0 %"
PRIVÉ,290025337,UNITÉ DIALYSE PLONEOUR LANVERN AUB,M12,0,0,0,581,"91,2 %","70,69","0,00","0,0 %"
PRIVÉ,290028539,UNITÉ DIALYSE LANDERNEAU - AUB,M12,0,0,0,538,"36,2 %","72,71","0,00","0,0 %"
PRIVÉ,290029669,UNITÉ DIALYSE QUIMPER AUB SANTÉ,M12,0,0,0,2 744,"55,9 %","74,80","0,00","0,0 %"
PRIVÉ,290030808,UNITÉ DIALYSE CROZON AUB SANTÉ,M12,0,0,0,2 836,"62,1 %","74,35","0,00","0,0 %"
PRIVÉ,290032028,UNITÉ DIALYSE BREST QUESTEL AUB SANTÉ,M12,0,0,0,9 398,"54,9 %","66,19","0,00","0,0 %"
PRIVÉ,290032655,UNITÉ DIALYSE QUIMPERLE MELLAC AUB,M12,0,0,0,1 735,"57,5 %","63,76","0,00","0,0 %"
PRIVÉ,2A0000139,SA CLINISUD,M12,14 568,4 210,10 358,199,"49,6 %","59,19","1,09","0,3 %"
PRIVÉ,2A0000154,CLINIQUE DU SUD DE LA CORSE,M12,5 378,2 447,2 931,5 783,"53,6 %","60,64","1,05","0,6 %"
PRIVÉ,2B0000079,CLINIQUE DR FILIPPI,M12,5 185,335,4 850,0,"45,7 %","59,60","0,07","0,0 %"
PRIVÉ,2B0000392,POLYCLINIQUE DE FURIANI,M12,5 958,2 743,3 215,1 à 10,"59,6 %","59,01","1,64","0,2 %"
PRIVÉ,2B0005664,CLINIQUE DE TOGA,M12,165,162,1 à 10,0,"56,4 %","74,03","23,89","51,5 %"
PRIVÉ,300002508,CENTRE DE CHIRURGIE AMBULATOIRE DES HAUTS D'AVIGNON,M12,4 026,0,4 026,0,"47,2 %","46,58","0,00","0,0 %"
PRIVÉ,300007119,AIDER ALES,M12,0,0,0,10 568,"57,8 %","68,12","0,00","0,0 %"
PRIVÉ,300007168,AIDER BAGNOLS SUR CEZE,M12,0,0,0,1 à 10,NA,NA,NA,NA
PRIVÉ,300008588,NEPHROCARE NIMES,M12,0,0,0,21 077,"60,9 %","75,19","0,00","0,0 %"
PRIVÉ,300008638,NEPHROCARE BAGNOLS SUR CEZE,M12,0,0,0,5 015,"86,3 %","74,58","0,00","0,0 %"
PRIVÉ,300017209,KENVAL INSTITUT DE CANCEROLOGIE,M12,887,863,24,8 074,"43,7 %","65,83","0,79","1,4 %"
PRIVÉ,300017431,AIDER SANTÉ UAD UDM GCS PAAC,M12,0,0,0,10 561,"55,5 %","78,43","0,00","0,0 %"
PRIVÉ,300017498,CLINIQUE AMBULATOIRE DE LA CEZE,M12,3 294,0,3 294,0,"50,9 %","48,82","0,00","0,0 %"
PRIVÉ,300780137,NOUVELLE CLINIQUE BONNEFON,M12,13 551,5 050,8 501,232,"47,0 %","59,47","1,85","1,1 %"
PRIVÉ,300780152,HÔPITAL PRIVÉ LES FRANCISCAINES,M12,15 094,9 429,5 665,142,"53,4 %","61,82","2,90","0,6 %"
PRIVÉ,300781465,CLINIQUE KENNEDY,M12,12 360,4 646,7 714,15,"40,9 %","51,13","1,33","0,0 %"
PRIVÉ,300787421,AIDER DE NIMES,M12,0,0,0,19 239,"63,5 %","66,76","0,00","0,0 %"
PRIVÉ,300788502,POLYCLINIQUE DU GRAND SUD,M12,29 971,11 651,18 320,3 697,"41,6 %","50,88","1,20","0,1 %"
PRIVÉ,310011838,UN_DIALYSEMEDICALISEECORNEBARRIEU_CNO,M12,0,0,0,3 173,"48,4 %","70,83","0,00","0,0 %"
PRIVÉ,310021571,CENTRE GERIATRIQUE DES MINIMES,M12,456,453,1 à 10,1 à 10,"31,2 %","86,48","8,78","4,1 %"
PRIVÉ,310026083,CLINIQUE SAINT-CYPRIEN RIVE GAUCHE,M12,33 259,13 733,19 526,163,"40,1 %","35,72","1,38","0,1 %"
PRIVÉ,310026927,CLINIQUE CAPIO LA CROIX DU SUD,M12,46 831,19 111,27 720,4 900,"44,9 %","52,85","1,49","0,5 %"
PRIVÉ,310780150,CLINIQUE MEDIPOLE GARONNE,M12,20 401,7 888,12 513,128,"48,6 %","49,85","0,90","0,0 %"
PRIVÉ,310780259,SA CLINIQUE PASTEUR,M12,41 179,24 816,16 363,14 548,"51,2 %","64,58","2,00","0,9 %"
PRIVÉ,310780283,NOUVELLE CLINIQUE DE L'UNION,M12,45 492,21 066,24 426,6 163,"49,3 %","56,56","1,73","0,7 %"
PRIVÉ,310780366,CLINIQUE MONIE,M12,2 241,1 145,1 096,48,"47,0 %","69,77","5,02","5,2 %"
PRIVÉ,310780382,CLINIQUE AMBROISE PARE,M12,20 174,10 931,9 243,807,"44,2 %","43,79","2,23","0,4 %"
PRIVÉ,310781000,CLINIQUE DES CEDRES,M12,41 984,19 977,22 007,4 118,"48,6 %","58,47","1,94","1,0 %"
PRIVÉ,310781505,CLINIQUE D'OCCITANIE,M12,25 653,12 414,13 239,4 149,"51,5 %","56,14","1,78","0,5 %"
PRIVÉ,310781695,CLINIQUE DE LAGARDELLE,M12,333,330,1 à 10,0,"47,4 %","78,30","17,76","34,2 %"
PRIVÉ,310782016,CLINIQUE NÉPHROLOGIQUE SAINT EXUPERY,M12,1 470,1 374,96,42 487,"61,5 %","72,33","0,22","0,1 %"
PRIVÉ,310786389,CLINIQUE DES PYRENEES,M12,221,221,0,0,"26,7 %","84,48","4,09","0,0 %"
PRIVÉ,310794417,CENTRE NÉPHROLOGIQUE D'OCCITANIE,M12,0,0,0,27 282,"60,0 %","76,17","0,00","0,0 %"
PRIVÉ,320780067,POLYCLINIQUE DE GASCOGNE,M12,6 851,1 992,4 859,18,"55,2 %","58,95","0,95","0,0 %"
PRIVÉ,330017989,CENTRE D'HEMODIALYSE BORDEAUX RIVE DROITE,M12,0,0,0,14 813,"55,4 %","73,96","0,00","0,0 %"
PRIVÉ,330060658,GCS CLINIQUE CHIRURGICALE LIBOURNAIS,M12,7 241,730,6 511,0,"47,2 %","60,80","0,21","0,0 %"
PRIVÉ,330780040,NOUVELLE CLINIQUE BEL AIR,M12,19 736,6 848,12 888,22,"49,8 %","56,35","0,59","0,0 %"
PRIVÉ,330780081,CLINIQUE SAINT AUGUSTIN,M12,16 671,10 281,6 390,52,"64,2 %","61,22","2,62","0,4 %"
PRIVÉ,330780115,CLINIQUE TIVOLI-DUCOS,M12,16 194,5 922,10 272,10 163,"30,9 %","55,74","0,77","0,4 %"
PRIVÉ,330780206,CLINIQUE D'ARCACHON,M12,9 870,2 233,7 637,1 917,"51,5 %","60,37","0,65","0,5 %"
PRIVÉ,330780255,CLINIQUE DU LIBOURNAIS,M4,4 019,408,3 611,1 à 10,"47,7 %","60,18","0,24","0,0 %"
PRIVÉ,330780263,POLYCLINIQUE BORDEAUX RIVE DROITE,M12,28 420,12 278,16 142,2 487,"43,7 %","49,83","1,59","0,7 %"
PRIVÉ,330780271,CLINIQUE DU SPORT DE BORDEAUX MERIGNAC,M12,9 663,2 108,7 555,0,"57,7 %","45,39","0,52","0,0 %"
PRIVÉ,330780354,POLYCLINIQUE BORDEAUX CAUDERAN,M12,1 092,1 083,1 à 10,532,"31,7 %","71,27","6,33","3,1 %"
PRIVÉ,330780446,C.T.M.R. ST AUGUSTIN,M12,0,0,0,27 071,"61,5 %","73,10","0,00","0,0 %"
PRIVÉ,330780453,CENTRE D'HEMODIALYSE SAINT MARTIN,M12,0,0,0,23 615,"53,7 %","74,35","0,00","0,0 %"
PRIVÉ,330780479,POLYCLINIQUE BX-NORD AQUITAINE,M12,42 014,22 805,19 209,11 913,"47,1 %","52,78","1,78","0,9 %"
PRIVÉ,330780487,CLINIQUE OPHTALMOLOGIQUE THIERS,M12,6 847,341,6 506,0,"45,5 %","67,33","0,05","0,0 %"
PRIVÉ,330780503,HÔPITAL PRIVÉ SAINT-MARTIN,M12,26 241,9 723,16 518,204,"56,9 %","52,05","1,28","0,2 %"
PRIVÉ,330780511,CLINIQUE SAINTE ANNE,M12,9 037,2 406,6 631,2 689,"50,0 %","60,92","0,76","0,4 %"
PRIVÉ,330781402,NOUVELLE CLINIQUE BORDEAUX TONDU,M12,13 308,5 218,8 090,419,"46,9 %","42,98","1,09","0,4 %"
PRIVÉ,330782582,POLYCLINIQUE JEAN VILLAR,M12,22 353,7 483,14 870,1 549,"39,9 %","50,29","1,36","0,5 %"
PRIVÉ,330783374,CENTRE D'HEMODIALYSE PBNA,M12,1 à 10,1 à 10,0,23 149,"59,5 %","73,02","0,00","0,0 %"
PRIVÉ,340009539,CENTRE D'HEMODIALYSE AMBULATOIRE SAINT GUILHEM,M12,0,0,0,17 531,"70,2 %","73,71","0,00","0,0 %"
PRIVÉ,340009885,POLYCLINIQUE CHAMPEAU,M12,13 843,6 897,6 946,2 669,"35,1 %","49,23","1,50","0,6 %"
PRIVÉ,340013119,AIDER UAD DE GRABELS,M12,0,0,0,8 185,"67,4 %","62,32","0,00","0,0 %"
PRIVÉ,340013168,AIDER UDSA CLINIQUE JACQUES MIROUZE,M12,0,0,0,26 698,"59,7 %","66,46","0,00","0,0 %"
PRIVÉ,340013218,AIDER UAD DE GANGES,M12,0,0,0,3 247,"72,2 %","73,04","0,00","0,0 %"
PRIVÉ,340013259,AIDER UAD DE BEDARIEUX,M12,0,0,0,857,"96,1 %","61,13","0,00","0,0 %"
PRIVÉ,340013309,AIDER UAD DE CLERMONT L'HERAULT,M12,0,0,0,4 893,"68,8 %","69,21","0,00","0,0 %"
PRIVÉ,340013358,AIDER UAD DE BOUZIGUES,M12,0,0,0,842,"56,8 %","73,45","0,00","0,0 %"
PRIVÉ,340013499,AIDER UAD DE VILLENEUVE LES BEZIERS,M12,0,0,0,4 484,"63,4 %","68,27","0,00","0,0 %"
PRIVÉ,340015502,CLINIQUE LE MILLENAIRE,M12,28 418,16 240,12 178,641,"54,8 %","61,68","2,64","0,7 %"
PRIVÉ,340015965,SAS POLYCLINIQUE SAINT PRIVAT,M12,24 403,11 778,12 625,5 280,"55,8 %","60,05","1,70","0,7 %"
PRIVÉ,340015999,NEPHROCARE BEZIERS,M12,0,0,0,31 113,"57,6 %","72,52","0,00","0,0 %"
PRIVÉ,340019603,GCS HEMODIALYSE LAPEYRONIE,M12,0,0,0,8 892,"69,7 %","70,49","0,00","0,0 %"
PRIVÉ,340020221,AIDER DIALYSE A DOMICILE,M12,0,0,0,18 666,"72,4 %","60,99","0,00","0,0 %"
PRIVÉ,340022979,POLYCLINIQUE ST ROCH,M12,34 843,14 206,20 637,60,"37,1 %","43,07","1,54","0,1 %"
PRIVÉ,340023142,NEPHROCARE MILLLENAIRE UDM,M12,0,0,0,6 334,"71,1 %","67,49","0,00","0,0 %"
PRIVÉ,340780139,CLINIQUE DU DR. CAUSSE,M12,8 908,3 493,5 415,0,"44,8 %","54,78","1,26","0,0 %"
PRIVÉ,340780147,POLYCLINIQUE DES 3 VALLEES,M12,3 406,1 843,1 563,1 à 10,"51,0 %","63,84","2,45","1,0 %"
PRIVÉ,340780154,POLYCLINIQUE PASTEUR,M12,7 956,2 397,5 559,35,"51,8 %","62,52","1,35","0,1 %"
PRIVÉ,340780568,CLINIQUE DU SOUFFLE LA VALONIE,M12,1 184,1 177,1 à 10,0,"52,9 %","66,67","5,41","0,6 %"
PRIVÉ,340780634,POLYCLINIQUE SAINT-JEAN,M12,25 251,7 876,17 375,814,"49,6 %","47,49","1,06","0,2 %"
PRIVÉ,340780667,CLINIQUE DU PARC,M12,29 183,12 369,16 814,8 729,"56,2 %","61,44","1,96","1,0 %"
PRIVÉ,340780675,CLINIQUE CLEMENTVILLE,M12,15 990,8 702,7 288,13 413,"35,5 %","52,80","1,57","0,9 %"
PRIVÉ,340780717,CLINIQUE SAINT- LOUIS,M12,8 724,4 368,4 356,99,"46,3 %","60,91","1,96","0,7 %"
PRIVÉ,340780725,CLINIQUE VIA DOMITIA POLE DE SANTÉ,M12,8 164,1 772,6 392,0,"46,1 %","58,00","0,39","0,0 %"
PRIVÉ,340780741,POLYCLINIQUE SAINTE THERESE,M12,11 497,3 296,8 201,101,"40,6 %","54,61","0,94","0,1 %"
PRIVÉ,340780840,NEPHROCARE CASTELNAU LE PARC,M12,0,0,0,30 385,"68,7 %","74,02","0,00","0,0 %"
PRIVÉ,350000121,CH PRIVÉ ST-GREGOIRE,M12,49 544,21 446,28 098,9 280,"47,4 %","51,95","1,83","0,7 %"
PRIVÉ,350000196,CLINIQUE DE LA COTE D'EMERAUDE,M12,11 725,3 091,8 634,3 486,"52,2 %","61,78","0,54","0,0 %"
PRIVÉ,350002192,POLYCLINIQUE SAINT LAURENT,M12,19 756,10 086,9 670,1 211,"55,5 %","64,31","2,32","1,1 %"
PRIVÉ,350002804,DIALYSE A DOMICILE AUB SANTÉ,M12,0,0,0,12 097,"65,6 %","64,57","0,00","0,0 %"
PRIVÉ,350005146,HÔPITAL PRIVÉ SEVIGNE,M12,24 108,8 365,15 743,6 256,"52,0 %","60,41","1,31","0,3 %"
PRIVÉ,350030763,UNITÉ DIALYSE SAINT MALO AUB SANTÉ,M12,0,0,0,2 453,"77,5 %","58,46","0,00","0,0 %"
PRIVÉ,350032934,UNITÉ DIALYSE PONTCHAILLOU RENNES AUB,M12,0,0,0,17 761,"66,2 %","66,86","0,00","0,0 %"
PRIVÉ,350040044,UNITÉ DIALYSE BROUSSAIS SAINT MALO AUB,M12,0,0,0,17 521,"62,1 %","73,28","0,00","0,0 %"
PRIVÉ,350041059,UNITÉ D'AUTODIALYSE DINARD - AUB,M12,0,0,0,817,"98,8 %","62,79","0,00","0,0 %"
PRIVÉ,350042131,UNITÉ DIALYSE REDON - AUB,M12,0,0,0,3 811,"58,7 %","69,50","0,00","0,0 %"
PRIVÉ,350042602,UNITÉ DIALYSE FOUGERES AUB,M12,0,0,0,5 526,"69,7 %","72,52","0,00","0,0 %"
PRIVÉ,350046751,UNITÉ DIALYSE MONTGERMONT AUB,M12,0,0,0,18 749,"67,4 %","57,81","0,00","0,0 %"
PRIVÉ,360000129,CLINIQUE ST FRANCOIS,M12,9 453,2 336,7 117,173,"50,6 %","58,84","1,01","0,6 %"
PRIVÉ,360002133,RE NEPHRO CHATEAUROUX-AV.KENNEDY,M12,0,0,0,25 284,"62,4 %","70,78","0,00","0,0 %"
PRIVÉ,360002232,CENTRE DE CONVALESCENCE ET DIÉTÉTIQUE MANOIR EN BERRY,M12,1 188,1 182,1 à 10,0,"45,4 %","63,93","5,95","0,9 %"
PRIVÉ,370000051,CLINIQUE JEANNE D ARC,M12,4 663,864,3 799,19,"48,3 %","59,48","0,72","0,0 %"
PRIVÉ,370000085,NCT PLUS SITE SAINT-GATIEN,M7,10 183,4 358,5 825,6 753,"53,9 %","70,36","1,21","0,3 %"
PRIVÉ,370000093,SAS NOUVELLE CLINIQUE DE TOURS +,M12,25 506,12 728,12 778,8 180,"50,7 %","61,88","1,71","0,8 %"
PRIVÉ,370007569,PÔLE SANTÉ LÉONARD DE VINCI,M12,40 025,18 000,22 025,11 325,"42,5 %","54,04","1,64","0,9 %"
PRIVÉ,380013037,CENTRE ENDOSCOPIE NORD ISERE,M12,5 381,0,5 381,0,"46,9 %","58,50","0,00","0,0 %"
PRIVÉ,380020123,CLINIQUE DES COTES DU RHONE,M12,5 326,1 225,4 101,26,"49,7 %","52,06","1,46","0,3 %"
PRIVÉ,380780197,CLINIQUE SAINT VINCENT DE PAUL,M12,13 582,5 869,7 713,1 à 10,"44,5 %","43,35","1,53","0,0 %"
PRIVÉ,380780288,CLINIQUE DE CHARTREUSE,M12,10 382,1 433,8 949,24,"48,8 %","54,74","0,44","0,0 %"
PRIVÉ,380785956,CLINIQUE DES CEDRES,M12,24 310,9 066,15 244,63,"46,2 %","53,09","1,55","0,3 %"
PRIVÉ,380786442,CLINIQUE BELLEDONNE,M12,35 850,14 655,21 195,60,"44,5 %","50,88","1,59","0,3 %"
PRIVÉ,390780559,CLINIQUE DU JURA,M12,2 802,584,2 218,0,"44,6 %","66,34","0,62","0,0 %"
PRIVÉ,390780575,POLYCLINIQUE DU PARC,M12,6 209,1 942,4 267,26,"59,0 %","56,36","0,90","0,0 %"
PRIVÉ,400780342,CLINIQUE JEAN LE BON,M12,8 682,882,7 800,118,"47,1 %","54,64","0,14","0,0 %"
PRIVÉ,400780359,CLINIQUE DES LANDES,M12,8 357,1 534,6 823,1 à 10,"44,6 %","56,46","0,56","0,0 %"
PRIVÉ,400782769,POLYCLINIQUE DE L'ADOUR,M12,5 607,2 133,3 474,28,"49,1 %","63,02","2,34","1,5 %"
PRIVÉ,410000202,POLYCLINIQUE DE BLOIS,M12,17 125,7 296,9 829,35 792,"57,5 %","68,20","0,68","0,4 %"
PRIVÉ,410004998,CLINIQUE DU SAINT COEUR,M12,7 375,3 508,3 867,15,"43,7 %","52,16","1,93","0,3 %"
PRIVÉ,420011413,HÔPITAL PRIVÉ DE LA LOIRE,M12,40 878,19 884,20 994,2 466,"45,3 %","51,03","2,09","0,8 %"
PRIVÉ,420780504,CLINIQUE DU PARC,M12,22 777,5 757,17 020,168,"50,8 %","50,24","0,87","0,2 %"
PRIVÉ,420782310,CLINIQUE DU RENAISON,M12,18 192,5 782,12 410,428,"46,8 %","59,55","1,42","0,4 %"
PRIVÉ,420782591,CLINIQUE NOUVELLE DU FOREZ,M12,3 337,0,3 337,0,"45,1 %","52,33","0,00","0,0 %"
PRIVÉ,430000109,CLINIQUE BON SECOURS - LE PUY,M12,6 922,2 182,4 740,54,"58,1 %","61,00","1,03","0,2 %"
PRIVÉ,430007450,CENTRE MÉDICAL SPECIALISE LE CHAMBON SUR LIGNON,M12,3 693,628,3 065,0,"72,8 %","49,87","1,12","0,0 %"
PRIVÉ,440000404,CLINIQUE SAINTE MARIE,M12,6 790,1 770,5 020,0,"49,8 %","59,89","0,98","0,1 %"
PRIVÉ,440000412,CLINIQUE BRETECHE VIAUD,M12,16 219,9 929,6 290,158,"30,4 %","44,31","2,43","0,6 %"
PRIVÉ,440000487,CLINIQUE UROLOGIQUE NANTES ATLANTIS,M12,4 481,2 187,2 294,96,"82,4 %","54,06","1,22","0,1 %"
PRIVÉ,440000651,CLINIQUE SOURDILLE SA,M8,2 468,141,2 327,0,"41,3 %","62,88","0,07","0,0 %"
PRIVÉ,440002020,POLYCLINIQUE DE L'EUROPE,M12,20 900,5 785,15 115,123,"55,9 %","60,99","1,06","0,2 %"
PRIVÉ,440005080,DIALYSE ECHO NANTES,M12,0,0,0,20 541,"56,7 %","59,10","0,00","0,0 %"
PRIVÉ,440024982,AHO CLINIQUE SAINT AUGUSTIN,M3,4 507,1 402,3 105,92,"55,8 %","53,46","1,17","0,5 %"
PRIVÉ,440029379,CLINIQUE JULES VERNE,M12,39 392,5 976,33 416,694,"46,4 %","55,25","0,39","0,0 %"
PRIVÉ,440033819,SANTÉ ATLANTIQUE,M12,73 627,21 920,51 707,413,"46,6 %","44,71","1,06","0,1 %"
PRIVÉ,440036176,CENTRE DIALYSE ECHO ST HERBLAIN,M12,0,0,0,4 819,"61,2 %","62,04","0,00","0,0 %"
PRIVÉ,440036499,CENTRE DIALYSE ECHO REZE,M12,0,0,0,23 150,"50,2 %","67,08","0,00","0,0 %"
PRIVÉ,440039568,DIALYSE ECHO LA BAULE,M12,0,0,0,3 849,"79,6 %","70,89","0,00","0,0 %"
PRIVÉ,440041580,L'HÔPITAL PRIVÉ DU CONFLUENT,M12,51 253,25 246,26 007,19 268,"49,0 %","59,87","1,71","1,1 %"
PRIVÉ,440048718,HÔPITAL DU CONFLUENT-SITE JULES VERNE,M12,15,0,15,4 461,"39,3 %","64,13","0,00","0,0 %"
PRIVÉ,440050441,DIALYSE ECHO ST NAZAIRE,M12,0,0,0,8 159,"51,5 %","68,74","0,00","0,0 %"
PRIVÉ,440055770,CENTRE DIALYSE ECHO ST HERBLAIN PSA,M12,0,0,0,10 403,"51,9 %","75,51","0,00","0,0 %"
PRIVÉ,450000237,CLINIQUE JEANNE D'ARC - GIEN,M11,5 748,1 824,3 924,2 056,"51,4 %","60,70","0,96","0,2 %"
PRIVÉ,450000245,CLINIQUE L'ARCHETTE,M12,14 735,5 542,9 193,1 014,"46,2 %","61,28","1,36","0,3 %"
PRIVÉ,450000294,ORELIANCE - REINE BLANCHE,M12,8 454,7 393,1 061,12 823,"60,5 %","70,60","2,21","1,5 %"
PRIVÉ,450010079,ORELIANCE - LONGUES ALLEES,M12,35 365,8 871,26 494,5 782,"52,0 %","54,51","0,75","0,1 %"
PRIVÉ,450012935,CENTRE D'HEMODIALYSE ARCHETTE,M12,0,0,0,16 908,"58,5 %","74,08","0,00","0,0 %"
PRIVÉ,450012968,CLINIQUE DE MONTARGIS,M12,5 657,1 347,4 310,63,"49,4 %","60,19","0,65","0,1 %"
PRIVÉ,450013818,CENTRE D'HEMODIALYSE J. D'ARC,M12,0,0,0,4 152,"57,6 %","71,77","0,00","0,0 %"
PRIVÉ,450018460,CENTRE NÉPHROLOGIQUE DE MONTARGIS,M12,0,0,0,19 770,"58,6 %","74,55","0,00","0,0 %"
PRIVÉ,460006075,CLINIQUE FONT REDONDE,M12,66,66,0,862,"63,8 %","66,62","1,56","4,6 %"
PRIVÉ,470000027,CLINIQUE ESQUIROL - SAINT-HILAIRE,M12,28 660,14 642,14 018,816,"52,4 %","61,64","2,29","1,2 %"
PRIVÉ,470000159,CLINIQUE CALABET,M12,0,0,0,7 678,"52,2 %","66,36","0,00","0,0 %"
PRIVÉ,480001403,AIDER UAD DE MENDE,M12,0,0,0,2 092,"56,8 %","74,08","0,00","0,0 %"
PRIVÉ,480001783,AIDER UAD MARVEJOLS,M12,0,0,0,5 229,"59,2 %","73,06","0,00","0,0 %"
PRIVÉ,490000262,CLINIQUE SAINT-JOSEPH,M12,15 986,6 433,9 553,2 132,"57,0 %","60,89","1,42","0,6 %"
PRIVÉ,490002037,POLYCLINIQUE DU PARC,M12,23 707,9 730,13 977,4 076,"50,4 %","55,03","1,16","0,3 %"
PRIVÉ,490007499,CENTRE DIALYSE ECHO ANGERS BOCQUEL,M12,0,0,0,21 640,"59,7 %","71,43","0,00","0,0 %"
PRIVÉ,490007929,CLINIQUE CHIRURGICALE DE LA LOIRE,M12,10 547,3 360,7 187,399,"50,8 %","60,97","1,09","0,1 %"
PRIVÉ,490009008,CENTRE DIALYSE ECHO CHOLET MARENGO,M12,0,0,0,9 066,"61,0 %","77,67","0,00","0,0 %"
PRIVÉ,490014909,CLINIQUE DE L'ANJOU,M12,39 177,16 657,22 520,714,"45,1 %","52,48","1,63","0,4 %"
PRIVÉ,490015906,CLINIQUE SAINT LEONARD,M12,9 888,3 520,6 368,243,"51,5 %","50,73","1,13","0,0 %"
PRIVÉ,490017613,DIALYSE ECHO TRELAZE,M12,0,0,0,3 356,"66,6 %","71,00","0,00","0,0 %"
PRIVÉ,490537818,CENTRE DIALYSE DIAVERUM ANGERS,M12,0,0,0,20 337,"66,1 %","71,32","0,00","0,0 %"
PRIVÉ,490540440,CENTRE DE LA MAIN,M12,5 710,0,5 710,0,"61,3 %","48,24","0,00","0,0 %"
PRIVÉ,500000146,HÔPITAL PRIVÉ DE LA BAIE,M12,13 711,3 216,10 495,3 904,"47,9 %","63,52","0,92","0,7 %"
PRIVÉ,500000203,POLYCLINIQUE DE LA MANCHE - SAINT-LO,M12,6 411,1 533,4 878,80,"51,7 %","63,55","0,82","0,0 %"
PRIVÉ,500000401,CLINIQUE DR. H. GUILLARD,M12,4 344,962,3 382,51,"45,2 %","57,72","0,64","0,0 %"
PRIVÉ,500002357,POLYCLINIQUE DU COTENTIN,M12,9 766,2 718,7 048,0,"47,3 %","58,36","0,95","0,1 %"
PRIVÉ,500021316,CENTRE DE DIALYSE D'AVRANCHES,M12,0,0,0,9 528,"60,4 %","72,28","0,00","0,0 %"
PRIVÉ,510000185,POLYCLINIQUE COURLANCY - REIMS,M12,22 598,9 208,13 390,17 891,"44,4 %","58,10","1,04","0,7 %"
PRIVÉ,510000227,POLYCLINIQUE PRIOLLET - CHALONS,M6,1 089,184,905,316,"43,1 %","56,03","0,19","0,0 %"
PRIVÉ,510000243,CLINIQUE D'EPERNAY,M12,5 605,1 331,4 274,223,"45,7 %","57,15","1,00","0,1 %"
PRIVÉ,510012040,POLYCLINIQUE LES BLEUETS - REIMS,M12,5 303,1 400,3 903,188,"36,1 %","65,83","1,18","0,8 %"
PRIVÉ,510024979,POLYCLINIQUE DE BEZANNES,M12,52 277,25 375,26 902,35,"45,4 %","50,23","1,94","0,5 %"
PRIVÉ,520780156,CLINIQUE DE LA COMPASSION,M12,19,1 à 10,12,0,"89,5 %","74,00","0,63","0,0 %"
PRIVÉ,520780180,CLINIQUE FRANCOIS 1ER,M12,5 130,1 277,3 853,1 268,"47,0 %","60,79","0,74","0,4 %"
PRIVÉ,520780214,CENTRE MÉDICO-CHIRURGICAL,M12,2 621,1 947,674,20 346,"61,3 %","72,09","0,56","0,4 %"
PRIVÉ,530002898,CENTRE DIALYSE ECHO LAVAL,M12,0,0,0,10 841,"68,2 %","72,59","0,00","0,0 %"
PRIVÉ,530008788,DIALYSE ECHO MAYENNE,M12,0,0,0,3 088,"50,2 %","68,27","0,00","0,0 %"
PRIVÉ,530031962,POLYCLINIQUE DU MAINE,M12,13 652,5 449,8 203,4 809,"48,2 %","62,34","1,15","0,7 %"
PRIVÉ,540000361,CLINIQUE JEANNE D'ARC - LUNEVILL,M12,7 214,1 488,5 726,30,"45,9 %","57,50","0,56","0,0 %"
PRIVÉ,540000445,ESPACE CHIRURGICAL AMBROISE PARE NANCY,M12,8 113,5 137,2 976,0,"63,4 %","68,70","1,86","0,4 %"
PRIVÉ,540000452,CLINIQUE ST ANDRE VANDOEUVRE,M12,15 715,3 228,12 487,1 à 10,"40,2 %","54,17","0,82","0,2 %"
PRIVÉ,540000478,CLINIQUE LOUIS PASTEUR,M12,37 142,16 246,20 896,19 137,"59,1 %","63,85","0,89","0,2 %"
PRIVÉ,540000486,POLYCLINIQUE DE GENTILLY,M12,30 101,14 782,15 319,33 729,"51,7 %","63,38","1,11","0,6 %"
PRIVÉ,540013224,POLYCLINIQUE MAJORELLE,M12,13 170,8 404,4 766,1 à 10,"20,1 %","35,99","2,35","0,2 %"
PRIVÉ,550000178,POLYCLINIQUE DU PARC - BAR-LE-DUC,M12,11 069,3 402,7 667,128,"46,9 %","58,74","1,31","0,1 %"
PRIVÉ,560002511,CLINIQUE DU TER,M2,1 946,497,1 449,13,"43,7 %","61,07","0,78","0,0 %"
PRIVÉ,560004004,UNITÉ DIALYSE LORIENT AUB SANTÉ,M12,0,0,0,5 954,"59,7 %","74,99","0,00","0,0 %"
PRIVÉ,560006348,UNITÉ DIALYSE KERIO PONTIVY AUB,M12,0,0,0,3 970,"61,4 %","68,22","0,00","0,0 %"
PRIVÉ,560007510,POLYCLINIQUE DE PONTIVY,M12,7 829,2 199,5 630,17,"51,4 %","60,75","0,87","0,1 %"
PRIVÉ,560008799,CLINIQUE OCEANE,M12,35 415,13 926,21 489,8 015,"48,2 %","58,19","1,28","0,7 %"
PRIVÉ,560009490,AUTODIALYSE BELLE-ÎLE,M12,0,0,0,816,"56,1 %","71,26","0,00","0,0 %"
PRIVÉ,560009508,AUTODIALYSE AURAY,M12,0,0,0,1 688,"70,0 %","68,33","0,00","0,0 %"
PRIVÉ,560009524,AUTODIALYSE VANNES,M12,0,0,0,5 149,"69,4 %","63,59","0,00","0,0 %"
PRIVÉ,560014078,AUTODIALYSE MUZILLAC,M12,0,0,0,737,"62,8 %","55,37","0,00","0,0 %"
PRIVÉ,560014128,AUTODIALYSE PLOERMEL,M12,0,0,0,917,"84,2 %","65,90","0,00","0,0 %"
PRIVÉ,560023152,CENTRE D'HEMODIALYSE AMBULATOIRE ECHO,M12,0,0,0,13 754,"64,9 %","73,69","0,00","0,0 %"
PRIVÉ,560023848,UNITÉ DIALYSE KERFRICHANT LORIENT AUB,M12,0,0,0,12 656,"67,5 %","68,24","0,00","0,0 %"
PRIVÉ,570000083,CLINIQUE SAINT NABOR,M12,12 597,5 059,7 538,0,"35,5 %","49,18","1,37","0,0 %"
PRIVÉ,570000356,CLINIQUE CHIRURGICALE AMBROISE PARE,M12,12 030,2 314,9 716,426,"48,0 %","59,87","0,66","0,0 %"
PRIVÉ,570000364,CLINIQUE NOTRE DAME,M12,7 778,906,6 872,220,"46,8 %","58,38","0,22","0,0 %"
PRIVÉ,570000646,HÔPITAL CLINIQUE CLAUDE BERNARD,M12,36 229,16 703,19 526,12 164,"44,4 %","55,73","1,41","0,5 %"
PRIVÉ,580780138,POLYCLINIQUE DU VAL DE LOIRE,M12,12 135,2 559,9 576,7 406,"47,2 %","64,39","0,68","0,5 %"
PRIVÉ,580780195,CLINIQUE DE COSNE-SUR-LOIRE,M7,644,195,449,0,"47,4 %","59,76","1,38","0,5 %"
PRIVÉ,590006896,POLYCLINIQUE DE LA THIERACHE,M12,6 059,1 590,4 469,195,"43,0 %","55,98","0,90","0,1 %"
PRIVÉ,590008041,POLYCLINIQUE VAUBAN,M12,19 596,10 731,8 865,10 558,"57,1 %","64,17","1,71","1,1 %"
PRIVÉ,590034815,CENTRE D'AUTODIALYSE PONT/SAMBRE,M12,0,0,0,1 771,"71,7 %","69,13","0,00","0,0 %"
PRIVÉ,590780060,INSTITUT OPHTALMIQUE,M12,9 576,372,9 204,0,"41,3 %","69,49","0,04","0,0 %"
PRIVÉ,590780094,CENTRE LEONARD DE VINCI,M12,1 674,888,786,8 294,"37,4 %","62,64","0,19","0,1 %"
PRIVÉ,590780250,CLINIQUE LILLE-SUD,M12,25 374,1 738,23 636,0,"52,3 %","41,41","0,14","0,0 %"
PRIVÉ,590780268,POLYCLINIQUE DU BOIS,M12,35 843,17 534,18 309,39 754,"45,5 %","60,25","1,02","0,3 %"
PRIVÉ,590780342,CLINIQUE AMBROISE PARE,M12,6 941,52,6 889,0,"41,0 %","68,30","0,01","0,0 %"
PRIVÉ,590780383,POLYCLINIQUE DE LA LOUVIERE,M12,35 050,13 900,21 150,40 632,"53,4 %","63,04","0,53","0,2 %"
PRIVÉ,590781571,CLINIQUE DU CAMBRESIS,M12,3 804,1 401,2 403,0,"41,4 %","52,96","1,54","0,0 %"
PRIVÉ,590781951,CLINIQUE DU CROISE LAROCHE SA,M12,7 770,4 011,3 759,0,"48,5 %","49,24","1,85","0,0 %"
PRIVÉ,590782256,CLINIQUE DES DENTELLIERES,M12,643,0,643,7 881,"40,9 %","61,79","0,00","0,0 %"
PRIVÉ,590782298,CLINIQUE DU PARC,M12,18 535,6 946,11 589,0,"42,4 %","40,62","1,34","0,1 %"
PRIVÉ,590782546,CLINIQUE DE VILLENEUVE D'ASCQ,M12,3 385,869,2 516,0,"37,5 %","54,61","1,63","2,8 %"
PRIVÉ,590782553,HÔPITAL PRIVÉ DE VILLENEUVE D'ASCQ,M12,27 027,11 116,15 911,2 512,"43,8 %","46,60","1,36","0,1 %"
PRIVÉ,590784484,NEPHROCARE MAUBEUGE,M12,0,0,0,17 328,"58,5 %","70,75","0,00","0,0 %"
PRIVÉ,590788964,POLYCLINIQUE DU PARC,M12,5 918,1 821,4 097,5 007,"48,6 %","61,08","0,63","0,3 %"
PRIVÉ,590790655,CLINIQUE CHIRURGICALE ST ROCH,M12,2 618,1 175,1 443,0,"46,7 %","46,01","1,68","0,1 %"
PRIVÉ,590806360,CLINIQUE DE LA MITTERIE,M12,5 659,622,5 037,0,"65,3 %","50,21","0,48","0,0 %"
PRIVÉ,590811006,CENTRE D'AUTODIALYSE DE MAUBEUGE,M12,0,0,0,1 702,"79,2 %","55,67","0,00","0,0 %"
PRIVÉ,590813176,CLINIQUE DES HETRES,M12,4 900,1 203,3 697,15,"48,9 %","49,04","1,18","0,1 %"
PRIVÉ,590813382,SA NOUVELLE CLINIQUE VILLETTE,M12,9 215,3 683,5 532,0,"44,6 %","44,46","1,42","0,1 %"
PRIVÉ,590813507,POLYCLINIQUE VAL DE SAMBRE,M12,8 945,4 119,4 826,39,"47,7 %","46,74","1,71","0,2 %"
PRIVÉ,590813747,CENTRE D'AUTODIALYSE DE FOURMIES,M12,0,0,0,1 306,"66,8 %","58,92","0,00","0,0 %"
PRIVÉ,590815056,CLINIQUE DE FLANDRE,M12,8 873,2 872,6 001,5 158,"47,3 %","59,76","1,13","1,0 %"
PRIVÉ,590816310,CLINIQUE ST AME,M12,15 936,6 064,9 872,389,"39,0 %","44,94","1,19","0,1 %"
PRIVÉ,590817458,CLINIQUE DE LA VICTOIRE,M12,10 839,2 067,8 772,2 509,"40,0 %","53,61","0,85","0,3 %"
PRIVÉ,590817839,POLYCLINIQUE DU VAL DE LYS,M12,68,1 à 10,67,0,"36,8 %","82,69","0,06","0,0 %"
PRIVÉ,600008643,CAB GASTRO ENTEROLOGIQUE,M12,2 797,0,2 797,0,"42,0 %","56,16","0,00","0,0 %"
PRIVÉ,600010862,SAS CENTRE CHIRURGICAL DE CHANTILLY,M12,6 464,1 198,5 266,0,"44,4 %","60,82","0,50","0,0 %"
PRIVÉ,600100184,CLINIQUE LE VALOIS,M12,844,382,462,0,"42,3 %","67,83","5,68","1,4 %"
PRIVÉ,600100754,POLYCLINIQUE SAINT-COME SA,M12,25 128,10 212,14 916,18 655,"50,3 %","58,74","0,99","0,3 %"
PRIVÉ,600110175,CLINIQUE DU PARC SAINT LAZARE,M12,13 014,4 260,8 754,142,"51,5 %","55,09","0,77","0,0 %"
PRIVÉ,610006421,CLINIQUE D'ALENCON,M12,6 452,1 358,5 094,78,"48,0 %","57,31","0,36","0,0 %"
PRIVÉ,620006049,CLINIQUE DE ST OMER,M12,11 810,3 507,8 303,524,"47,9 %","53,79","0,97","0,0 %"
PRIVÉ,620024208,CLINIQUE NÉPHROLOGIQUE DE L'AUDOMAROIS,M12,0,0,0,14 671,"66,1 %","70,29","0,00","0,0 %"
PRIVÉ,620100099,HÔPITAL PRIVÉ ARRAS LES BONNETTES,M12,23 506,8 164,15 342,7 862,"42,4 %","54,87","1,12","0,6 %"
PRIVÉ,620100487,CLINIQUE DES ACACIAS,M12,5 157,1 651,3 506,157,"47,1 %","59,59","1,40","0,5 %"
PRIVÉ,620100735,POLYCLINIQUE DE L'ARTOIS,M12,13 071,6 128,6 943,3 475,"40,9 %","54,57","1,97","0,7 %"
PRIVÉ,620100750,CLINIQUE AMBROISE PARE,M12,7 420,2 103,5 317,3 295,"53,9 %","53,41","0,78","0,2 %"
PRIVÉ,620101311,CLINIQUE DES 2 CAPS,M12,13 248,4 578,8 670,1 992,"48,7 %","56,71","1,07","0,5 %"
PRIVÉ,620101501,POLYCLINIQUE DE BOIS-BERNARD SA,M12,25 092,13 980,11 112,29 343,"58,7 %","62,46","0,91","0,3 %"
PRIVÉ,620105940,POLYCLINIQUE DU TERNOIS,M12,684,631,53,82,"44,0 %","68,33","8,16","6,0 %"
PRIVÉ,620106088,CLINIQUE MÉDICO-CHIRURGICALE,M12,3 825,581,3 244,76,"39,2 %","55,54","1,71","0,9 %"
PRIVÉ,620116046,SAS CLINIQUE CHIRURGICALE DES 7 VALLEES,M12,2 016,0,2 016,1 à 10,"48,7 %","53,55","0,00","0,0 %"
PRIVÉ,620118513,CENTRE MÉDICO CHIRURGICAL ET OBSTÉTRICAL COTE D'OPALE,M12,20 795,11 960,8 835,5 102,"48,1 %","54,94","1,84","0,8 %"
PRIVÉ,630005668,CENTRE D'HÉMODIALYSE AURA ARCHE,M12,0,0,0,13 621,"54,2 %","72,29","0,00","0,0 %"
PRIVÉ,630780211,POLE SANTÉ REPUBLIQUE - CLERMONT,M12,24 394,11 661,12 733,11 025,"47,0 %","59,47","1,56","0,8 %"
PRIVÉ,630780369,CLINIQUE DE LA PLAINE - CLERMONT,M12,13 074,1 280,11 794,0,"47,8 %","52,84","0,22","0,0 %"
PRIVÉ,630781821,CLINIQUE DU GRAND PRE - DURTOL,M12,450,447,1 à 10,0,"36,0 %","84,05","13,48","7,6 %"
PRIVÉ,630781839,CLINIQUE CHATAIGNERAIE - BEAUMONT,M12,38 962,14 257,24 705,285,"48,6 %","49,59","1,27","0,1 %"
PRIVÉ,640005336,ANTENNE D'AUTODIALYSE NEPHROCARE - ORTHEZ,M12,0,0,0,2 884,"64,1 %","69,82","0,00","0,0 %"
PRIVÉ,640016580,CENTRE DE CARDIOLOGIE DU PAYS BASQUE,M12,7 428,5 915,1 513,1 à 10,"68,5 %","70,77","2,28","0,8 %"
PRIVÉ,640018206,CLINIQUE BELHARRA,M12,30 152,13 977,16 175,6 681,"45,6 %","54,56","1,50","0,5 %"
PRIVÉ,640019220,POLYCLINIQUE MARZET - SITE DE NAVARRE,M12,8 053,3 089,4 964,86,"54,1 %","54,60","1,18","0,2 %"
PRIVÉ,640780268,CLINIQUE DELAY,M12,10 429,923,9 506,172,"43,9 %","59,06","0,29","0,3 %"
PRIVÉ,640780490,CAPIO CLINIQUE AGUILERA,M12,17 954,5 788,12 166,1 008,"48,8 %","56,86","1,14","0,7 %"
PRIVÉ,640780623,CENTRE MÉDICAL ANNIE ENIA,M12,326,324,1 à 10,0,"54,9 %","74,22","14,22","66,9 %"
PRIVÉ,640780672,CLINIQUE MARIENIA,M12,525,0,525,0,"59,2 %","50,26","0,00","0,0 %"
PRIVÉ,640780748,POLYCLINIQUE COTE BASQUE SUD,M12,15 305,4 633,10 672,2 306,"47,0 %","61,77","0,86","0,4 %"
PRIVÉ,640780938,POLYCLINIQUE PAU PYRENEES SITE MARZET,M12,3 788,2 395,1 393,7 372,"50,0 %","63,64","1,65","2,3 %"
PRIVÉ,640780946,POLYCLINIQUE PAU PYRENEES SITE NAVARRE,M12,18 255,8 135,10 120,134,"42,4 %","51,74","1,73","0,1 %"
PRIVÉ,640780987,CLINIQUE D'ORTHEZ,M12,2 908,804,2 104,0,"50,4 %","60,46","1,15","0,3 %"
PRIVÉ,640781225,CLINIQUE MEDICALE CARDIOLOGIQUE ARESSY,M12,4 913,3 931,982,1 à 10,"58,0 %","72,93","4,34","2,2 %"
PRIVÉ,640781308,CLINIQUE PRINCESS,M12,3 024,1 212,1 812,28,"31,6 %","51,66","1,77","0,0 %"
PRIVÉ,640781332,NEPHROCARE BEARN-CTRE DIALYSE DU BEARN,M12,0,0,0,30 737,"63,2 %","72,46","0,00","0,0 %"
PRIVÉ,640787156,CLINIQUE FONDATION LURO,M12,309,291,18,30,"45,1 %","83,12","8,33","8,0 %"
PRIVÉ,640789640,CENTRE D'HEMODIALYSE CLINIQUE DELAY,M12,0,0,0,21 081,"68,9 %","73,08","0,00","0,0 %"
PRIVÉ,650002579,CLINIQUE ORMEAU PYRENEES,M12,12 393,4 082,8 311,71,"53,8 %","59,71","1,30","0,1 %"
PRIVÉ,650780679,CLINIQUE ORMEAU SITE CENTRE,M12,9 099,6 116,2 983,6 806,"41,1 %","59,27","2,11","2,1 %"
PRIVÉ,660005182,AIDER UAD D'ELNE,M12,0,0,0,774,"70,0 %","63,43","0,00","0,0 %"
PRIVÉ,660005190,AIDER UAD DE FONT ROMEU,M12,0,0,0,595,"97,5 %","77,45","0,00","0,0 %"
PRIVÉ,660005208,AIDER UAD DU BOULOU,M12,0,0,0,1 223,"86,0 %","68,50","0,00","0,0 %"
PRIVÉ,660005216,AIDER UAD DE PERPIGNAN,M12,0,0,0,9 708,"59,3 %","61,45","0,00","0,0 %"
PRIVÉ,660006305,LA CLINIQUE MUTUALISTE CATALANE,M12,19 437,5 878,13 559,842,"47,7 %","60,74","0,86","0,1 %"
PRIVÉ,660780628,CLINIQUE DU VALLESPIR,M12,5 199,2 044,3 155,0,"46,7 %","67,27","2,09","1,9 %"
PRIVÉ,660780669,CLINIQUE NOTRE DAME D ESPERANCE,M12,8 952,5 792,3 160,14,"23,6 %","27,12","2,29","0,1 %"
PRIVÉ,660780776,CLINIQUE SAINT MICHEL,M12,4 169,1 752,2 417,42,"48,8 %","62,08","1,93","0,9 %"
PRIVÉ,660780784,CLINIQUE SAINT PIERRE,M12,23 434,12 394,11 040,17 005,"52,9 %","63,94","1,49","0,9 %"
PRIVÉ,660790387,POLYCLINIQUE SAINT ROCH,M12,27 402,10 414,16 988,27 658,"58,0 %","68,18","0,88","0,3 %"
PRIVÉ,670002187,CENTRE D'AUTODIALYSE DE L'AURAL STRASBOURG,M12,0,0,0,47 891,"58,3 %","62,57","0,00","0,0 %"
PRIVÉ,670013325,CENTRE AUTONOME ENDOSCOPIE DIGESTIVE,M12,5 134,0,5 134,299,"43,3 %","55,75","0,00","0,0 %"
PRIVÉ,670013341,ENDOSAV,M12,2 290,0,2 290,77,"48,5 %","57,94","0,00","0,0 %"
PRIVÉ,670013895,CENTRE D'AUTODIALYSE AURAL SAVERNE,M12,0,0,0,4 263,"56,7 %","72,11","0,00","0,0 %"
PRIVÉ,670018068,CLINIQUE RHENA GCS,M12,51 600,15 166,36 434,1 à 10,"47,7 %","53,48","0,99","0,1 %"
PRIVÉ,670780170,CLINIQUE DE L'ORANGERIE STRASB.,M12,16 351,7 152,9 199,8 027,"42,7 %","60,92","1,13","0,5 %"
PRIVÉ,670780378,CLINIQUE SAINT-FRANCOIS HAGUENAU,M12,16 272,3 817,12 455,396,"51,8 %","52,89","0,96","0,1 %"
PRIVÉ,670780386,CLINIQUE SAINTE ODILE HAGUENAU,M12,10 416,4 226,6 190,401,"52,4 %","60,18","1,19","0,1 %"
PRIVÉ,670795921,UNITÉ D'AUTODIALYSE AURAL HAGUENAU,M12,0,0,0,20 668,"60,6 %","70,21","0,00","0,0 %"
PRIVÉ,670799667,AURAL CLINIQUE SAINTE ANNE,M12,0,0,0,14 054,"56,1 %","68,19","0,00","0,0 %"
PRIVÉ,680000320,CLINIQUE DIACONAT FONDERIE,M12,26 008,12 448,13 560,71,"43,9 %","55,74","1,86","0,3 %"
PRIVÉ,680000338,CENTRE DE DIALYSE DIAVERUM MULHOUSE,M12,0,0,0,25 575,"63,2 %","70,57","0,00","0,0 %"
PRIVÉ,680000494,CLINIQUE DIACONAT ROOSEVELT,M12,23 110,9 617,13 493,1 230,"51,2 %","55,82","1,47","0,1 %"
PRIVÉ,680010824,UNITÉ D'AUTODIALYSE AURAL COLMAR,M12,0,0,0,18 681,"67,3 %","67,94","0,00","0,0 %"
PRIVÉ,680013778,UNITÉ D'AUTODIALYSE AURAL MULHOUSE,M12,0,0,0,18 351,"56,4 %","67,54","0,00","0,0 %"
PRIVÉ,680020088,NOUVELLE CLINIQUE DES TROIS FRONTIERES,M12,3 409,1 400,2 009,153,"56,3 %","58,31","2,02","0,7 %"
PRIVÉ,690022108,CENTRE DE DIALYSE BAYARD,M4,0,0,0,100,"99,0 %","65,46","0,00","0,0 %"
PRIVÉ,690022959,HÔPITAL PRIVÉ MERE ENFANT NATECIA,M12,15 124,8 368,6 756,475,"27,4 %","29,98","2,36","0,1 %"
PRIVÉ,690023239,CLINIQUE DU PARC,M12,18 287,6 159,12 128,95,"44,6 %","49,89","0,94","0,0 %"
PRIVÉ,690023411,HÔPITAL PRIVÉ JEAN MERMOZ,M12,34 694,13 991,20 703,22 332,"48,1 %","58,05","1,13","0,5 %"
PRIVÉ,690029186,ENDO LYON SUD OUEST,M12,2 525,0,2 525,0,"46,8 %","58,69","0,00","0,0 %"
PRIVÉ,690031513,NEPHROCARE RILLIEUX,M12,0,0,0,2 487,"56,8 %","70,43","0,00","0,0 %"
PRIVÉ,690041124,MEDIPOLE HÔPITAL PRIVÉ,M12,34 008,10 775,23 233,19 392,"56,0 %","62,50","0,93","0,5 %"
PRIVÉ,690042080,HÔPITAL PRIVÉ NATECIA - GYNECOLOGIE,M12,1 072,1 046,26,1 à 10,"24,3 %","17,23","3,74","0,4 %"
PRIVÉ,690043476,CLINIQUE DU PARC - CAK,M12,2 457,0,2 457,0,"39,5 %","74,23","0,00","0,0 %"
PRIVÉ,690780226,CLINIQUE DE LA PART-DIEU,M12,2 783,0,2 783,0,"41,3 %","62,11","0,00","0,0 %"
PRIVÉ,690780259,CLINIQUE SAINT-CHARLES,M12,8 514,1 338,7 176,0,"40,7 %","54,70","0,39","0,0 %"
PRIVÉ,690780358,CLINIQUE DU VAL D'OUEST-VENDOME,M12,28 580,11 408,17 172,683,"39,6 %","38,54","1,42","0,1 %"
PRIVÉ,690780366,CLINIQUE CHARCOT,M12,15 188,4 759,10 429,4 524,"38,7 %","60,58","0,90","0,5 %"
PRIVÉ,690780390,POLYCLINIQUE DE RILLIEUX,M12,14 588,6 977,7 611,1 053,"44,8 %","57,25","1,93","0,6 %"
PRIVÉ,690780499,NEPHROCARE TASSIN-CHARCOT,M12,1 à 10,1 à 10,0,38 899,"57,8 %","72,28","0,00","0,0 %"
PRIVÉ,690780648,CLINIQUE DE LA SAUVEGARDE,M12,28 698,10 836,17 862,6 916,"53,1 %","58,41","1,29","0,6 %"
PRIVÉ,690780655,HÔPITAL PRIVÉ DE L'EST LYONNAIS,M12,9 783,3 353,6 430,604,"45,7 %","55,66","1,48","1,1 %"
PRIVÉ,690780663,CLINIQUE TRENEL,M12,15 680,4 940,10 740,2 245,"49,8 %","55,35","0,84","0,2 %"
PRIVÉ,690782834,CLINIQUE DU TONKIN,M4,101,65,36,322,"58,2 %","70,47","2,50","0,0 %"
PRIVÉ,690791082,CENTRE SPECIALISE LES BRUYERES,M12,609,605,1 à 10,0,"77,0 %","46,13","6,20","0,0 %"
PRIVÉ,690793468,INFIRMERIE PROTESTANTE DE LYON,M12,23 358,9 873,13 485,6 262,"50,6 %","62,41","1,46","0,6 %"
PRIVÉ,690807367,POLYCLINIQUE DU BEAUJOLAIS,M12,16 797,5 982,10 815,1 985,"46,2 %","51,26","1,17","0,3 %"
PRIVÉ,700780174,CLINIQUE ST MARTIN,M12,3 795,1 118,2 677,0,"50,3 %","58,71","0,96","0,0 %"
PRIVÉ,710006859,POLYCLINIQUE DU VAL DE SAONE,M12,15 277,5 086,10 191,2 544,"46,1 %","59,67","1,18","0,4 %"
PRIVÉ,710780917,HÔPITAL PRIVÉ SAINTE MARIE,M12,19 260,6 356,12 904,13 776,"51,6 %","64,08","1,06","0,6 %"
PRIVÉ,710781410,CLINIQUE DU PARC,M12,4 301,1 547,2 754,0,"50,0 %","60,23","1,51","0,2 %"
PRIVÉ,710781824,CENTRE ORTHOPEDIQUE MEDICO-CHIR,M12,5 325,2 910,2 415,0,"52,1 %","56,96","2,31","0,0 %"
PRIVÉ,720000199,CLINIQUE DU PRE,M12,23 586,9 136,14 450,140,"53,0 %","57,61","1,58","0,2 %"
PRIVÉ,720000231,CLINIQUE DU TERTRE ROUGE,M12,6 419,4 615,1 804,17,"15,0 %","26,80","2,76","0,2 %"
PRIVÉ,720000249,CLINIQUE VICTOR HUGO,M12,2 222,1 364,858,18 071,"46,1 %","65,01","0,60","1,0 %"
PRIVÉ,720003441,CENTRE DIALYSE ECHO LE MANS CH,M12,0,0,0,9 893,"62,6 %","70,14","0,00","0,0 %"
PRIVÉ,720017748,CENTRE MÉDICO-CHIRURGICAL DU MANS,M12,34 912,15 781,19 131,676,"51,5 %","58,03","2,15","0,6 %"
PRIVÉ,720017839,CENTRE DIALYSE ECHO LE MANS PSS,M12,0,0,0,16 259,"60,7 %","72,22","0,00","0,0 %"
PRIVÉ,730004298,HÔPITAL PRIVÉ MEDIPOLE DE SAVOIE,M12,30 010,10 066,19 944,7 200,"45,2 %","56,17","0,94","0,4 %"
PRIVÉ,730012499,GCS CLINIQUE HERBERT,M12,4 188,1 650,2 538,0,"46,2 %","60,39","1,45","0,0 %"
PRIVÉ,740014345,HÔPITAL PRIVÉ PAYS DE SAVOIE,M12,27 908,10 469,17 439,2 323,"45,9 %","49,00","1,42","0,3 %"
PRIVÉ,740780416,CLINIQUE DU LAC ET D'ARGONAY,M12,15 599,7 609,7 990,321,"51,8 %","53,11","1,54","0,2 %"
PRIVÉ,740780424,CLINIQUE GENERALE ANNECY,M12,21 242,9 250,11 992,4 411,"43,9 %","51,91","1,30","0,4 %"
PRIVÉ,750300014,SA CLINIQUE DU LOUVRE,M12,13 689,1 197,12 492,0,"41,9 %","53,48","0,12","0,0 %"
PRIVÉ,750300071,CLINIQUE GEOFFROY ST HILAIRE,M12,23 707,5 578,18 129,1 à 10,"40,2 %","57,76","0,98","0,1 %"
PRIVÉ,750300089,CLINIQUE DU SPORT,M12,6 535,2 578,3 957,0,"60,5 %","44,08","1,06","0,0 %"
PRIVÉ,750300097,INSTITUT ARTHUR VERNES,M12,5 073,818,4 255,0,"45,8 %","51,87","0,17","0,0 %"
PRIVÉ,750300121,FOND ST JEAN DE DIEU CLINIQUE OUDINOT,M12,12 893,2 896,9 997,5 036,"29,2 %","57,02","0,43","0,0 %"
PRIVÉ,750300139,CLINIQUE DE L ALMA,M12,10 387,3 138,7 249,12 902,"56,6 %","62,66","0,33","0,0 %"
PRIVÉ,750300154,CLINIQUE TURIN,M12,24 226,8 322,15 904,27 348,"57,3 %","62,04","0,38","0,0 %"
PRIVÉ,750300360,HÔPITAL PRIVÉ DES PEUPLIERS,M12,30 325,8 302,22 023,3 681,"48,7 %","55,05","0,60","0,1 %"
PRIVÉ,750300410,CLINIQUE JEANNE D'ARC,M12,5 677,2 575,3 102,31,"33,5 %","43,29","1,90","0,6 %"
PRIVÉ,750300493,CLINIQUE ARAGO,M12,5 206,3 196,2 010,0,"43,9 %","59,24","2,84","0,0 %"
PRIVÉ,750300550,CLINIQUE SAINTE GENEVIEVE,M12,8 537,1 001,7 536,0,"38,0 %","56,53","0,14","0,0 %"
PRIVÉ,750300592,CLINIQUE BLOMET,M12,8 588,2 093,6 495,0,"44,6 %","48,31","0,44","0,0 %"
PRIVÉ,750300667,MATERNITE SAINTE FELICITE,M12,6 657,6 554,103,1 à 10,"25,3 %","17,30","5,04","0,1 %"
PRIVÉ,750300741,CLINIQUE VICTOR HUGO,M12,7 609,945,6 664,0,"39,1 %","49,61","0,15","0,0 %"
PRIVÉ,750300766,CLINIQUE BIZET,M12,13 101,5 252,7 849,3 142,"43,5 %","56,23","1,75","0,8 %"
PRIVÉ,750300774,CLINIQUE JOUVENET,M12,13 133,3 083,10 050,0,"41,9 %","61,38","0,77","0,0 %"
PRIVÉ,750300840,CLINIQUE DE LA MUETTE,M12,13 481,4 487,8 994,0,"21,2 %","45,50","0,94","0,0 %"
PRIVÉ,750300857,CLINIQUE REMUSAT,M12,1 683,672,1 011,0,"34,9 %","49,17","1,23","0,1 %"
PRIVÉ,750300881,CLINIQUE DU TROCADERO,M12,14 599,2 914,11 685,0,"38,1 %","50,19","0,35","0,0 %"
PRIVÉ,750300915,CLINIQUE INTERNATIONALE PARC MONCEAU,M12,12 078,3 874,8 204,17 374,"54,3 %","60,66","0,29","0,0 %"
PRIVÉ,750300931,CLINIQUE SAINTE-THERESE,M12,3 026,2 207,819,0,"19,4 %","23,34","2,79","0,0 %"
PRIVÉ,750301137,CLINIQUE ALLERAY LABROUSTE,M12,10 031,4 670,5 361,596,"51,5 %","65,22","1,84","0,5 %"
PRIVÉ,750301145,CLINIQUE DU MONT LOUIS,M12,20 709,5 264,15 445,38,"44,5 %","53,44","0,99","0,3 %"
PRIVÉ,750301160,CLINIQUE DES MAUSSINS,M12,7 590,2 993,4 597,0,"57,5 %","45,83","1,49","0,0 %"
PRIVÉ,750790164,CLINIQUE ROOSEVELT,M12,175,0,175,0,"54,3 %","71,58","0,00","0,0 %"
PRIVÉ,750829053,CENTRE D'AUTODIALYSE CLINIQUE ALMA,M12,0,0,0,3 498,"80,3 %","53,83","0,00","0,0 %"
PRIVÉ,750831067,CENTRE DIAVERUM PARIS MONT LOUIS,M12,0,0,0,16 263,"69,1 %","66,21","0,00","0,0 %"
PRIVÉ,760021329,HÔPITAL PRIVÉ DE L'ESTUAIRE,M12,26 556,12 589,13 967,29 527,"53,1 %","64,88","1,13","0,6 %"
PRIVÉ,760025312,CLINIQUE MATHILDE,M12,34 099,11 609,22 490,3 639,"39,1 %","50,59","1,13","0,2 %"
PRIVÉ,760027292,POLYCLINIQUE MEGIVAL,M12,8 203,2 854,5 349,1 736,"47,4 %","59,36","1,28","0,7 %"
PRIVÉ,760780205,CLINIQUE SAINT ANTOINE,M12,3 642,1 401,2 241,0,"33,5 %","41,37","1,33","0,0 %"
PRIVÉ,760780510,CLINIQUE DU CEDRE,M12,17 418,6 852,10 566,1 402,"51,6 %","58,94","1,32","0,4 %"
PRIVÉ,760780619,CLINIQUE SAINT HILAIRE,M12,23 661,9 675,13 986,7 933,"46,7 %","61,24","1,02","0,5 %"
PRIVÉ,760780668,CLINIQUE HEMERA PAYS DE CAUX,M12,3 645,0,3 645,59,"42,3 %","61,42","0,00","0,1 %"
PRIVÉ,760780783,CLINIQUE TOUS VENTS,M12,4 553,1 432,3 121,53,"47,1 %","58,16","1,29","0,3 %"
PRIVÉ,760780791,CLINIQUE DES ORMEAUX,M12,11 488,4 187,7 301,6 583,"49,1 %","56,31","0,96","0,8 %"
PRIVÉ,760780825,CLINIQUE DE L'ABBAYE,M12,4 499,1 644,2 855,0,"49,3 %","55,20","1,05","0,1 %"
PRIVÉ,760783159,CLINIQUE DES ESSARTS,M12,1 088,1 083,1 à 10,0,"77,2 %","45,17","5,90","0,0 %"
PRIVÉ,760921809,CLINIQUE DE L'EUROPE,M12,21 859,9 387,12 472,20 307,"49,6 %","61,89","0,98","0,3 %"
PRIVÉ,770016087,CENTRE DIALYSE DIAVERUM MONTEREAU,M12,0,0,0,11 694,"54,8 %","75,38","0,00","0,0 %"
PRIVÉ,770020055,CENTRE NEPHROCARE MARNE LA VALLEE,M12,1 à 10,1 à 10,0,34 366,"57,7 %","67,10","0,00","0,0 %"
PRIVÉ,770300010,HÔPITAL PRIVÉ DE MARNE CHANTEREINE,M12,12 061,4 041,8 020,1 214,"48,6 %","53,83","2,57","1,1 %"
PRIVÉ,770300135,CLINIQUE MÉDICO-CHIRURGICALE LES FONTAINES,M12,9 761,4 900,4 861,262,"58,3 %","60,15","2,08","0,4 %"
PRIVÉ,770300143,POLYCLINIQUE SAINT JEAN,M12,14 477,4 362,10 115,4 800,"49,0 %","56,36","0,93","0,3 %"
PRIVÉ,770300192,CLINIQUE ST BRICE,M12,4 734,797,3 937,113,"47,3 %","55,96","0,46","0,0 %"
PRIVÉ,770300275,POLYCLINIQUE DE LA FORET,M9,4 051,739,3 312,678,"48,3 %","61,60","0,47","0,0 %"
PRIVÉ,770790707,CLINIQUE DE TOURNAN,M12,10 494,4 085,6 409,12 185,"56,7 %","60,14","0,84","0,1 %"
PRIVÉ,770813400,CLINIQUE SAINT FARON,M12,9 067,2 383,6 684,2 107,"44,4 %","58,15","0,90","1,3 %"
PRIVÉ,780018727,CLINIQUE SAINT GERMAIN,M12,8 323,3 702,4 621,11 032,"50,8 %","61,61","0,95","0,3 %"
PRIVÉ,780022737,POLYCLINIQUE DE MAISONS LAFFITTE,M12,1 040,817,223,1 à 10,"37,1 %","76,04","11,03","6,3 %"
PRIVÉ,780300075,CENTRE CARDIOLOGIQUE D EVECQUEMONT,M12,4 433,4 293,140,0,"62,3 %","66,76","4,28","1,2 %"
PRIVÉ,780300125,POLYCLINIQUE LA REGION MANTAISE,M12,10 228,2 527,7 701,1 à 10,"51,8 %","51,64","1,20","0,1 %"
PRIVÉ,780300208,CLINIQUE SAINT LOUIS,M12,12 058,3 903,8 155,102,"45,6 %","43,61","1,26","0,2 %"
PRIVÉ,780300323,CLINIQUE DES FRANCISCAINES,M12,16 616,7 491,9 125,51,"46,4 %","47,04","1,80","0,2 %"
PRIVÉ,780300364,CLINIQUE DU CHATEAU DE LA MAYE,M8,9 228,583,8 645,0,"43,5 %","53,78","0,08","0,0 %"
PRIVÉ,780300406,CENTRE MÉDICO-CHIRURGICAL DE PARLY II,M12,21 084,9 262,11 822,0,"46,3 %","55,71","2,11","0,4 %"
PRIVÉ,780300414,CENTRE MÉDICO-CHIRURGICAL EUROPE,M12,20 079,7 227,12 852,19 689,"53,9 %","64,50","1,19","0,8 %"
PRIVÉ,780300422,HÔPITAL PRIVÉ OUEST,M12,28 507,9 697,18 810,19 877,"57,2 %","57,96","0,95","0,3 %"
PRIVÉ,780300455,CH PRIVÉ DU MONTGARDE,M12,12 012,2 143,9 869,73,"55,3 %","49,67","0,56","0,1 %"
PRIVÉ,790009948,POLYCLINIQUE INKERMANN,M12,16 842,6 731,10 111,283,"48,5 %","58,57","1,70","0,3 %"
PRIVÉ,800002503,SA SAINTE ISABELLE,M12,8 607,2 658,5 949,20 283,"57,7 %","65,79","0,31","0,1 %"
PRIVÉ,800009466,POLYCLINIQUE DE PICARDIE,M12,14 613,4 855,9 758,0,"52,1 %","54,14","1,30","0,2 %"
PRIVÉ,800009920,SA CLINIQUE VICTOR PAUCHET,M12,27 186,13 441,13 745,881,"36,6 %","47,17","2,17","0,8 %"
PRIVÉ,800013179,SAS CLINIQUE DE L'EUROPE,M12,6 751,3 059,3 692,9 252,"45,3 %","62,06","0,63","0,7 %"
PRIVÉ,800015729,SAS CARDIOLOGIE ET URGENCES,M12,6 274,4 188,2 086,0,"55,9 %","64,55","2,06","1,0 %"
PRIVÉ,800018491,CCO SOPP AMIENS,M12,3 639,0,3 639,0,"40,0 %","70,25","0,00","0,0 %"
PRIVÉ,810000224,CENTRE MÉDICO CHIRURGICAL ET OBSTÉTRICAL CLAUDE BERNARD,M12,21 222,11 808,9 414,30 407,"56,4 %","68,15","1,17","0,7 %"
PRIVÉ,810101170,CLINIQUE TOULOUSE LAUTREC,M12,9 725,3 677,6 048,319,"56,5 %","62,97","1,15","0,1 %"
PRIVÉ,810101444,CLINIQUE DU SIDOBRE,M12,11 813,5 089,6 724,212,"52,0 %","60,99","1,57","0,3 %"
PRIVÉ,820000040,CLINIQUE CROIX SAINT MICHEL,M12,11 894,5 617,6 277,263,"39,4 %","48,14","1,93","0,5 %"
PRIVÉ,820000057,CLINIQUE DU PONT DE CHAUME,M12,21 492,13 033,8 459,22 656,"54,0 %","65,04","1,41","0,8 %"
PRIVÉ,820000065,CLINIQUE DU DOCTEUR CAVE,M12,8 827,921,7 906,0,"46,5 %","62,94","0,16","0,0 %"
PRIVÉ,830012688,CENTRE NÉPHROLOGIQUE LES FLEURS,M12,0,0,0,20 020,"61,8 %","75,54","0,00","0,0 %"
PRIVÉ,830100103,CLINIQUE STE MARGUERITE,M12,13 911,3 990,9 921,17 669,"55,9 %","67,25","0,59","0,4 %"
PRIVÉ,830100251,CLINIQUE DU CAP D'OR,M12,10 206,3 914,6 292,4 007,"46,7 %","61,56","1,30","1,2 %"
PRIVÉ,830100319,POLYCLINIQUE LES FLEURS,M12,17 596,9 237,8 359,83,"60,0 %","66,12","2,46","1,2 %"
PRIVÉ,830100327,CLINIQUE LES LAURIERS,M12,8 856,1 716,7 140,124,"47,2 %","59,87","0,51","0,0 %"
PRIVÉ,830100368,CLINIQUE CHIRURGICALE DU GOLFE DE SAINT TROPEZ,M12,6 579,1 839,4 740,36,"49,9 %","59,67","1,09","0,1 %"
PRIVÉ,830100392,POLYCLINIQUE NOTRE DAME,M12,12 542,4 912,7 630,117,"55,2 %","63,32","1,73","0,6 %"
PRIVÉ,830100418,CLINIQUE NOTRE DAME DE LA MERCI,M12,6 066,1 245,4 821,0,"45,6 %","60,80","0,55","0,0 %"
PRIVÉ,830100434,CLINIQUE SAINT JEAN,M12,25 767,8 204,17 563,4 943,"39,4 %","48,57","1,09","0,3 %"
PRIVÉ,830100459,CLINIQUE SAINT MICHEL,M12,16 110,3 487,12 623,39,"45,4 %","58,45","0,57","0,0 %"
PRIVÉ,830100475,CLINIQUE SAINT ROCH,M12,6 479,2 181,4 298,38,"43,7 %","54,82","1,16","0,1 %"
PRIVÉ,830100855,CENTRE DE GÉRONTOLOGIE ST.FRANCOIS,M12,1 012,1 010,1 à 10,0,"40,4 %","82,75","11,33","2,9 %"
PRIVÉ,830215687,DIAVERUM DRAGUIGNAN CENTRE DE DIALYSE,M12,0,0,0,22 006,"65,1 %","72,13","0,00","0,0 %"
PRIVÉ,840000285,POLYCLINIQUE URBAIN V,M12,12 175,5 019,7 156,1 à 10,"24,4 %","44,20","1,37","0,0 %"
PRIVÉ,840000327,CLINIQUE DU DR MONTAGARD,M12,2 444,1 675,769,1 à 10,"45,1 %","58,10","2,86","0,0 %"
PRIVÉ,840000400,SYNERGIA LUBERON,M12,8 647,2 058,6 589,1 à 10,"46,5 %","57,40","0,75","0,0 %"
PRIVÉ,840000467,CAPIO CLINIQUE D'ORANGE,M12,9 252,1 984,7 268,1 à 10,"50,0 %","56,71","0,65","0,1 %"
PRIVÉ,840011043,CENTRE D'HEMODIALYSE DE L'ATIR,M12,0,0,0,30 836,"61,6 %","69,88","0,00","0,0 %"
PRIVÉ,840012538,ATIR AUTODIALYSE ISLE SUR SORGUE,M12,0,0,0,206,"74,8 %","51,31","0,00","0,0 %"
PRIVÉ,840013312,CLINIQUE RHONE DURANCE,M12,11 228,8 101,3 127,607,"68,2 %","67,58","2,27","0,5 %"
PRIVÉ,840013445,CLINIQUE FONTVERT ST FRANCOIS,M12,20 661,1 834,18 827,128,"48,9 %","53,31","0,19","0,0 %"
PRIVÉ,840017172,SYNERGIA VENTOUX,M12,11 109,3 116,7 993,113,"49,4 %","57,01","1,04","0,2 %"
PRIVÉ,840017222,ATIR CENTRE D'HÉMODIALYSE,M12,0,0,0,18 352,"72,2 %","70,72","0,00","0,0 %"
PRIVÉ,840017461,HEMODIALYSE ATIR CH ORANGE,M12,0,0,0,16 268,"58,1 %","72,53","0,00","0,0 %"
PRIVÉ,840018774,ATIR UNITE DIALYSE MEDIC CAVAILLON,M12,0,0,0,6 571,"66,8 %","70,77","0,00","0,0 %"
PRIVÉ,850000118,CLINIQUE SAINT CHARLES,M12,22 730,7 170,15 560,0,"45,1 %","53,13","1,20","0,4 %"
PRIVÉ,850000126,CLINIQUE SUD VENDEE,M12,8 970,2 381,6 589,0,"48,6 %","59,08","0,91","0,2 %"
PRIVÉ,850000134,CLINIQUE CHIRURGICALE PORTE OCEANE,M12,10 288,3 558,6 730,0,"49,6 %","61,57","1,43","0,2 %"
PRIVÉ,850009333,DIALYSE ECHO LA ROCHE SUR YON,M12,0,0,0,11 993,"50,8 %","69,00","0,00","0,0 %"
PRIVÉ,850011271,DIALYSE ECHO CHALLANS,M12,0,0,0,7 236,"83,3 %","71,90","0,00","0,0 %"
PRIVÉ,850022047,DIALYSE ECHO ILE D'YEU,M12,0,0,0,621,"81,8 %","73,85","0,00","0,0 %"
PRIVÉ,850023151,DIALYSE ECHO FONTENAY LE COMTE,M12,0,0,0,4 402,"62,3 %","71,12","0,00","0,0 %"
PRIVÉ,850025156,CENTRE DIALYSE ECHO OLONNES SUR MER,M12,0,0,0,11 206,"66,8 %","72,31","0,00","0,0 %"
PRIVÉ,860010321,POLYCLINIQUE DE POITIERS,M12,23 169,8 458,14 711,299,"52,7 %","54,25","1,37","0,2 %"
PRIVÉ,860780311,CLINIQUE DE CHATELLERAULT,M12,7 540,1 962,5 578,0,"45,7 %","58,48","1,08","0,3 %"
PRIVÉ,860780568,CLINIQUE FIEF DE GRIMOIRE,M12,8 613,3 767,4 846,63,"27,4 %","48,65","1,29","0,0 %"
PRIVÉ,870000080,UNITÉ DE DIALYSE LIMOGES BUISSON,M12,0,0,0,12 372,"58,5 %","71,17","0,00","0,0 %"
PRIVÉ,870000288,CLINIQUE FRANÇOIS CHENIEUX,M12,38 393,18 142,20 251,10 566,"49,0 %","63,24","1,82","0,8 %"
PRIVÉ,870000411,CLINIQUE EMAILLEURS-COLOMBIER LIMOGES,M12,11 631,6 747,4 884,92,"37,7 %","44,96","2,27","0,1 %"
PRIVÉ,880788591,POLYCLINIQUE LA LIGNE BLEUE,M12,18 257,9 053,9 204,19 094,"55,0 %","61,37","0,96","0,1 %"
PRIVÉ,890000169,CLINIQUE PAUL PICQUET SENS,M12,13 159,3 949,9 210,1 649,"46,9 %","56,49","0,94","0,3 %"
PRIVÉ,890002389,POLYCLINIQUE STE MARGUERITE AUXERRE,M12,11 212,2 713,8 499,1 411,"50,8 %","61,28","0,95","0,4 %"
PRIVÉ,900000035,HÔPITAL PRIVÉ DE LA MIOTTE,M12,11 258,2 658,8 600,33,"48,1 %","54,67","0,67","0,0 %"
PRIVÉ,910002609,CENTRE D'HEMODIALYSE D'ATHIS,M12,0,0,0,12 004,"50,4 %","70,82","0,00","0,0 %"
PRIVÉ,910009349,CENTRE D'HEMODIALYSE D ETAMPES,M12,1 à 10,1 à 10,0,16 455,"66,4 %","71,27","0,00","0,0 %"
PRIVÉ,910015965,CLINIQUE LE MOULIN DE VIRY,M12,296,294,1 à 10,0,"34,5 %","84,41","16,65","4,7 %"
PRIVÉ,910022037,UDM NEPHROCARE ILE DE FRANCE,M12,0,0,0,2 767,"67,0 %","66,13","0,00","0,0 %"
PRIVÉ,910300011,CLINIQUE DES CHARMILLES,M12,13 082,1 584,11 498,151,"47,6 %","51,23","0,29","0,0 %"
PRIVÉ,910300029,HÔPITAL D ATHIS MONS SITE JULES VALLES,M12,1 290,1 284,1 à 10,1 à 10,"39,0 %","82,08","6,33","3,6 %"
PRIVÉ,910300060,CLINIQUE GERIATRIQUE LES VALLEES,M12,157,157,0,0,"28,0 %","86,52","12,63","3,2 %"
PRIVÉ,910300144,CENTRE MÉDICO-CHIRURGICAL ET OBST,M12,16 080,6 243,9 837,31 663,"54,4 %","60,18","0,62","0,2 %"
PRIVÉ,910300177,CLINIQUE DE L'YVETTE,M12,17 395,6 100,11 295,0,"44,3 %","46,88","1,23","0,0 %"
PRIVÉ,910300219,HÔPITAL PRIVÉ JACQUES CARTIER,M12,20 952,10 624,10 328,11 246,"58,6 %","64,66","1,99","0,7 %"
PRIVÉ,910300300,HÔPITAL PRIVÉ DU VAL D'YERRES,M12,7 519,3 943,3 576,1 400,"48,0 %","61,73","3,15","2,2 %"
PRIVÉ,910300326,CLINIQUE PASTEUR,M12,846,823,23,3 659,"36,8 %","64,75","0,87","2,1 %"
PRIVÉ,910300359,HÔPITAL PRIVÉ D ATHIS MONS,M12,4 162,0,4 162,25,"49,7 %","42,17","0,00","0,0 %"
PRIVÉ,910803543,CH PRIVÉ CLAUDE GALIEN,M12,24 018,10 831,13 187,20 874,"53,3 %","57,00","1,29","0,6 %"
PRIVÉ,910805357,CLINIQUE DE L ESSONNE,M12,13 391,3 174,10 217,146,"50,0 %","39,44","0,84","0,1 %"
PRIVÉ,910813963,UNITÉ D'AUTODIALYSE DE BIEVRES,M12,0,0,0,8 251,"57,2 %","59,53","0,00","0,0 %"
PRIVÉ,920008539,HÔPITAL AMERICAIN 2,M12,1 à 10,1 à 10,0,10 317,"61,0 %","69,89","0,00","0,0 %"
PRIVÉ,920300043,HÔPITAL PRIVÉ D ANTONY,M12,47 084,21 018,26 066,27 745,"50,2 %","55,47","1,40","0,6 %"
PRIVÉ,920300183,CENTRE CHIRURGICAL DES PRINCES,M12,13 093,861,12 232,0,"38,0 %","53,43","0,12","0,0 %"
PRIVÉ,920300191,C.C.B.B. MARCEL SEMBAT,M12,9 785,1 786,7 999,31,"64,5 %","27,08","0,45","0,0 %"
PRIVÉ,920300266,CLINIQUE DU PLATEAU,M12,1 631,993,638,93,"40,4 %","74,63","3,51","6,9 %"
PRIVÉ,920300365,CLINIQUE LA MONTAGNE,M12,10 882,1 816,9 066,0,"50,8 %","44,09","0,33","0,0 %"
PRIVÉ,920300415,CLINIQUE LAMBERT,M12,8 941,3 263,5 678,19 316,"49,1 %","62,49","0,58","0,2 %"
PRIVÉ,920300597,CLINIQUE DE MEUDON LA FORET,M12,15 832,4 580,11 252,2 026,"48,3 %","57,87","1,33","0,6 %"
PRIVÉ,920300712,CENTRE CHIRURGICAL P. CHEREST,M12,10 228,1 442,8 786,0,"34,2 %","58,21","0,19","0,0 %"
PRIVÉ,920300753,CENTRE CHIRURGICAL AMBROISE PARE,M12,16 535,12 043,4 492,10 982,"60,4 %","69,10","1,96","0,4 %"
PRIVÉ,920300761,CLINIQUE HARTMANN,M12,14 388,3 887,10 501,9 440,"35,4 %","53,88","0,70","0,4 %"
PRIVÉ,920300787,HÔPITAL AMERICAIN,M12,13 760,6 363,7 397,1 918,"41,0 %","53,59","2,19","1,2 %"
PRIVÉ,920300837,CLINIQUE LES MARTINETS,M12,9 555,902,8 653,11 308,"57,6 %","62,01","0,10","0,0 %"
PRIVÉ,920300936,CENTRE CHIRURGICAL VAL D'OR,M12,6 383,3 258,3 125,1 à 10,"51,6 %","59,96","3,36","1,3 %"
PRIVÉ,920301033,CENTRE CANCEROLOGIE DE LA PORTE ST CLOUD,M12,294,287,1 à 10,6 141,"30,9 %","61,94","0,14","0,0 %"
PRIVÉ,920811775,UNITÉ D'AUTODIALYSE DE SURESNES,M12,0,0,0,8 404,"69,3 %","63,46","0,00","0,0 %"
PRIVÉ,930014428,CENTRE DE DIALYSE DE L'ESTREE,M12,0,0,0,11 082,"53,4 %","72,01","0,00","0,0 %"
PRIVÉ,930022603,CENTRE DE DIALYSE DE MONTFERMEIL,M12,0,0,0,10 398,"60,2 %","67,23","0,00","0,0 %"
PRIVÉ,930300025,HÔPITAL EUROPEEN LA ROSERAIE,M12,14 190,8 253,5 937,19 690,"59,6 %","59,64","1,42","0,6 %"
PRIVÉ,930300066,HÔPITAL PRIVÉ DE L EST PARISIEN,M12,14 106,4 998,9 108,37 627,"60,6 %","66,48","0,48","0,1 %"
PRIVÉ,930300082,CENTRE CHIRURGICAL FLOREAL,M12,14 988,4 105,10 883,1 487,"54,3 %","48,20","1,58","0,7 %"
PRIVÉ,930300116,HÔPITAL PRIVÉ DE SEINE ST DENIS,M12,19 958,9 478,10 480,2 033,"41,4 %","39,02","2,15","0,3 %"
PRIVÉ,930300264,CLINIQUE LES LILAS,M12,4 088,753,3 335,0,"50,7 %","46,04","0,62","0,0 %"
PRIVÉ,930300298,POLYCLINIQUE VAUBAN,M12,13 007,4 077,8 930,1 à 10,"43,4 %","37,38","1,06","0,0 %"
PRIVÉ,930300553,CLINIQUE DE L'ESTREE,M12,18 053,9 513,8 540,2 109,"42,8 %","41,07","2,69","0,7 %"
PRIVÉ,930300587,CLINIQUE DU LANDY,M12,7 067,918,6 149,19 869,"49,9 %","64,85","0,16","0,0 %"
PRIVÉ,930300595,CLINIQUE DU VERT GALANT,M12,14 113,4 331,9 782,20 036,"54,6 %","61,37","0,75","0,4 %"
PRIVÉ,930300645,CENTRE CARDIOLOGIQUE DU NORD,M12,16 038,11 112,4 926,1 à 10,"61,8 %","65,88","3,79","1,1 %"
PRIVÉ,930817333,DIAVERUM SAINT DENIS- CTRE HEMODIALYSE,M12,0,0,0,34 602,"60,4 %","60,87","0,00","0,0 %"
PRIVÉ,940000078,UNITÉ D'AUTODIALYSE DE CRETEIL,M12,0,0,0,13 879,"60,6 %","59,15","0,00","0,0 %"
PRIVÉ,940006679,HÔPITAL PRIVÉ DE MARNE-LA-VALLÉE,M12,17 407,6 782,10 625,13 399,"51,2 %","50,42","0,85","0,1 %"
PRIVÉ,940300031,HÔPITAL PRIVÉ PAUL D'EGINE,M12,24 027,6 464,17 563,18 888,"53,5 %","59,58","0,76","0,3 %"
PRIVÉ,940300163,CLINIQUE LES TOURNELLES,M12,383,383,0,0,"34,5 %","87,31","13,48","4,7 %"
PRIVÉ,940300270,HÔPITAL PRIVÉ ARMAND BRILLARD,M12,20 019,9 525,10 494,16 273,"47,8 %","56,11","1,18","0,3 %"
PRIVÉ,940300379,CLINIQUE GASTON METIVET,M12,10 650,4 666,5 984,0,"38,3 %","50,23","1,90","0,4 %"
PRIVÉ,940300445,CLINIQUE DU SUD,M12,6 976,2 718,4 258,19 514,"59,0 %","64,00","0,52","0,2 %"
PRIVÉ,940300452,CLINIQUE MEDICALE DE DIETETIQUE,M12,2 226,2 226,0,0,"22,6 %","51,85","3,81","0,0 %"
PRIVÉ,940300494,POLYCLINIQUE DE VILLENEUVE ST GEORGES,M12,7 086,2 473,4 613,32 462,"58,3 %","64,33","0,39","0,1 %"
PRIVÉ,940300551,HÔPITAL PRIVÉ DE VITRY SITE NORIETS,M12,5 321,3 127,2 194,57,"22,9 %","31,72","2,20","0,1 %"
PRIVÉ,940300569,HÔPITAL PRIVÉ DE VITRY SITE PASTEUR,M12,8 837,4 191,4 646,1 à 10,"51,8 %","50,74","2,61","0,5 %"
PRIVÉ,940813017,UNITÉ D'AUTODIALYSE DE VILLEJUIF,M12,0,0,0,14 822,"68,4 %","59,31","0,00","0,0 %"
PRIVÉ,940813033,CLINIQUE DE BERCY,M12,15 926,2 554,13 372,349,"46,0 %","48,40","0,35","0,0 %"
PRIVÉ,950032714,CLINIQUE AMBULATOIRE DE DOMONT,M12,12 020,0,12 020,0,"44,9 %","54,01","0,00","0,0 %"
PRIVÉ,950300095,POLYCLINIQUE DU PLATEAU,M12,5 685,1 153,4 532,20 926,"53,6 %","66,03","0,23","0,0 %"
PRIVÉ,950300152,CLINIQUE MIRABEAU,M12,207,207,0,0,"41,1 %","80,31","11,37","15,9 %"
PRIVÉ,950300202,CLINIQUE CONTI,M12,17 459,4 867,12 592,0,"48,2 %","47,04","0,95","0,0 %"
PRIVÉ,950300244,CH PRIVÉ SAINTE MARIE,M12,23 585,5 043,18 542,6 462,"46,1 %","54,93","0,89","0,5 %"
PRIVÉ,950300277,HÔPITAL PRIVÉ NORD PARISIEN,M12,18 987,6 798,12 189,26 968,"50,5 %","55,95","0,73","0,2 %"
PRIVÉ,950300301,CLINIQUE MEDICALE DU PARC ST OUEN,M12,675,660,15,249,"47,4 %","61,79","7,07","22,4 %"
PRIVÉ,950300350,CLINIQUE DU PARISIS,M12,3 168,592,2 576,7 017,"60,5 %","65,31","0,47","0,2 %"
PRIVÉ,950807982,CLINIQUE CLAUDE BERNARD,M12,29 986,10 138,19 848,13 199,"48,2 %","53,89","0,97","0,2 %"
PRIVÉ,970100012,POLYCLINIQUE DE LA GUADELOUPE,M12,12 155,5 752,6 403,0,"37,6 %","53,72","1,61","0,0 %"
PRIVÉ,970100020,CENTRE MEDICO-SOCIAL,M12,8 494,1 774,6 720,208,"31,5 %","57,59","0,80","0,5 %"
PRIVÉ,970100137,POLYCLINIQUE SAINT-CHRISTOPHE,M12,677,492,185,20,"37,2 %","70,57","3,49","1,3 %"
PRIVÉ,970102596,CLINIQUE DE CHOISY,M12,2 342,1 118,1 224,47 886,"51,1 %","67,24","0,08","0,0 %"
PRIVÉ,970103099,CLINIQUE LES NOUVELLES EAUX-MARINES,M12,550,550,0,0,"41,5 %","74,28","6,28","0,0 %"
PRIVÉ,970107249,CLINIQUE LES EAUX CLAIRES,M12,25 440,10 357,15 083,343,"38,2 %","51,45","1,45","0,2 %"
PRIVÉ,970107454,A.U.D.R.A.,M12,0,0,0,34 471,"59,4 %","63,31","0,00","0,0 %"
PRIVÉ,970111571,EAUX VIVES DIALYSE,M12,0,0,0,20 843,"51,4 %","69,66","0,00","0,0 %"
PRIVÉ,970111662,GGCO,M12,0,0,0,4 355,"30,5 %","61,57","0,00","0,0 %"
PRIVÉ,970111688,GGCO,M12,0,0,0,684,"43,4 %","61,93","0,00","0,0 %"
PRIVÉ,970202313,CLINIQUE SAINT PAUL,M12,18 275,5 217,13 058,0,"38,0 %","53,88","1,09","0,0 %"
PRIVÉ,970202321,SA CLINIQUE SAINTE MARIE,M6,2 051,879,1 172,21,"44,3 %","60,28","2,63","1,1 %"
PRIVÉ,970203774,STEER SARL,M8,0,0,0,13 246,"59,8 %","61,93","0,00","0,0 %"
PRIVÉ,970209219,E.T.E.E.R.,M12,0,0,0,12 658,"60,4 %","69,29","0,00","0,0 %"
PRIVÉ,970302055,HÔPITAL PRIVÉ SAINT-GABRIEL,M12,5 160,1 273,3 887,8 278,"54,7 %","57,61","0,34","0,1 %"
PRIVÉ,970302071,CLINIQUE SAINT-PAUL,M12,100,100,0,0,"43,0 %","70,36","5,58","4,0 %"
PRIVÉ,970403705,UDM,M12,0,0,0,6 752,"43,6 %","62,02","0,00","0,0 %"
PRIVÉ,970403721,UAD-UDM,M12,0,0,0,14 470,"44,8 %","62,92","0,00","0,0 %"
PRIVÉ,970403747,UAD,M12,0,0,0,3 375,"55,6 %","53,95","0,00","0,0 %"
PRIVÉ,970403754,UDM-UAD,M12,0,0,0,12 906,"46,1 %","61,92","0,00","0,0 %"
PRIVÉ,970403762,UAD,M12,0,0,0,4 369,"62,1 %","60,09","0,00","0,0 %"
PRIVÉ,970403770,UAD,M12,0,0,0,7 426,"69,8 %","57,75","0,00","0,0 %"
PRIVÉ,970404018,CENTRE D'HEMODIALYSE MG DURIEUX,M12,0,0,0,17 041,"59,4 %","69,23","0,00","0,0 %"
PRIVÉ,970404109,INSTITUT ROBERT DEBRE,M12,524,523,1 à 10,0,"89,1 %","45,78","6,93","0,0 %"
PRIVÉ,970404158,CENTRE UDM-UAD,M12,0,0,0,15 802,"47,4 %","66,17","0,00","0,0 %"
PRIVÉ,970404844,CLINIQUE SAINT-VINCENT,M12,8 043,982,7 061,17,"39,7 %","53,18","0,15","0,0 %"
PRIVÉ,970405064,CENTRE,M12,0,0,0,14 552,"48,2 %","70,45","0,00","0,0 %"
PRIVÉ,970405411,SODIA DELPRA,M12,157,0,157,28 234,"54,2 %","66,11","0,00","0,0 %"
PRIVÉ,970405676,UAD-DAD-DP,M12,0,0,0,8 103,"50,0 %","55,01","0,00","0,0 %"
PRIVÉ,970407151,UDM-UAD,M12,0,0,0,17 117,"58,6 %","62,79","0,00","0,0 %"
PRIVÉ,970409991,UAD,M12,0,0,0,6 196,"56,9 %","51,28","0,00","0,0 %"
PRIVÉ,970410064,SODIA OASIS,M12,1 à 10,0,1 à 10,26 608,"43,8 %","69,76","0,00","0,0 %"
PRIVÉ,970410163,UAD,M12,0,0,0,74,"0,0 %","47,32","0,00","0,0 %"
PRIVÉ,970462024,CLINIQUE JEANNE D'ARC,M12,4 354,2 913,1 441,193,"13,4 %","23,43","2,46","0,1 %"
PRIVÉ,970462073,CLINIQUE DURIEUX,M12,15 934,4 767,11 167,1 à 10,"42,5 %","46,49","0,80","0,0 %"
PRIVÉ,970462081,CLINIQUE LES ORCHIDEES,M12,13 823,3 642,10 181,6 179,"42,8 %","50,19","0,48","0,0 %"
PRIVÉ,970462107,CLINIQUE SAINTE CLOTILDE,M12,28 436,18 139,10 297,6 917,"43,4 %","52,40","2,01","0,6 %"
PRIVÉ,970466751,SARL AVICENNE,M12,3 707,0,3 707,0,"45,2 %","62,47","0,00","0,0 %"
PRIVÉ,980500763,UNITÉ D'AUTODIALYSE MAMOUDZOU,M12,0,0,0,8 024,"63,4 %","61,99","0,00","0,0 %"
,,Total,,NA,NA,NA,NA,"51,0 %","59,52","0,98","0,3 %"
