﻿Catégorie,Finess,Raison Sociale,Période,Nombre de séjoursséances total,Nombre de séjours en hospit complète,Nombre de séjours en hospit partielle,Nombre de séances,Sexe ratio (% homme),Age moyen,Durée moyenne de séjour,% décès
PRIVÉ,010007300,CLINIQUE AMBULATOIRE CENDANEG,M12,1 815,0,1 815,0,"48,4 %","62,73","0,00","0,0 %"
PRIVÉ,010780195,CLINIQUE CONVERT BOURG-EN-B.,M12,16 136,6 941,9 195,3 521,"52,5 %","59,60","1,32","0,9 %"
PRIVÉ,010780203,HÔPITAL PRIVÉ D'AMBERIEU,M12,12 890,5 953,6 937,193,"44,8 %","52,65","1,74","1,3 %"
PRIVÉ,010780294,NEPHROCARE CH BELLEY,M12,0,0,0,9 374,"65,0 %","67,94","0,00","0,0 %"
PRIVÉ,020000360,CLINIQUE SAINT CHRISTOPHE,M12,5 146,763,4 383,1 à 10,"50,6 %","53,97","0,39","0,0 %"
PRIVÉ,020010047,POLYCLINIQUE ST CLAUDE,M12,14 729,5 778,8 951,3 939,"45,7 %","55,15","1,21","0,6 %"
PRIVÉ,030780548,POLYCLINIQUE PERGOLA - VICHY,M12,8 679,2 787,5 892,1 415,"52,3 %","63,19","0,98","0,5 %"
PRIVÉ,030781116,CLINIQUE ST-FRANC ST ANT -DESERTINE,M12,11 156,4 914,6 242,7 120,"59,0 %","66,64","1,86","1,2 %"
PRIVÉ,030785430,POLYCLINIQUE ST-ODILON - MOULINS,M12,8 480,3 654,4 826,1 064,"52,4 %","61,12","1,43","0,9 %"
PRIVÉ,040780470,CLINIQUE CHIRURGICALE TOUTES AURES,M12,4 367,488,3 879,0,"49,9 %","62,36","0,40","0,0 %"
PRIVÉ,040784860,CENTRE D'HEMODIALYSE DES ALPES,M12,0,0,0,18 834,"65,2 %","73,21","0,00","0,0 %"
PRIVÉ,050000090,CLINIQUE DES HAUTES-ALPES,M12,10 805,1 633,9 172,614,"51,4 %","58,28","0,30","0,0 %"
PRIVÉ,060010949,AGAHTIR UDM ANTIBES,M12,0,0,0,9 671,"71,4 %","70,24","0,00","0,0 %"
PRIVÉ,060021276,AGAHTIR CENTRE D'HEMODIALYSE,M12,0,0,0,9 445,"62,1 %","75,47","0,00","0,0 %"
PRIVÉ,060021417,HÔPITAL PRIVÉ CANNES OXFORD,M12,17 620,3 118,14 502,162,"47,8 %","57,55","0,69","0,2 %"
PRIVÉ,060780442,CLINIQUE SAINT FRANCOIS,M12,5 503,1 334,4 169,0,"37,0 %","57,45","0,27","0,0 %"
PRIVÉ,060780491,INSTITUT ARNAULT TZANCK,M12,17 138,6 333,10 805,174,"54,2 %","61,95","1,76","0,8 %"
PRIVÉ,060780517,POLYCLINIQUE SAINT-JEAN,M12,25 402,9 232,16 170,9 859,"45,5 %","59,39","1,19","0,5 %"
PRIVÉ,060780590,CLINIQUE DU PALAIS,M12,6 932,1 834,5 098,478,"48,5 %","56,93","0,74","0,1 %"
PRIVÉ,060780715,CLINIQUE SAINT GEORGE,M12,36 694,16 115,20 579,8 112,"45,6 %","55,99","1,39","0,4 %"
PRIVÉ,060780723,CLINIQUE DU PARC IMPERIAL,M12,12 484,3 506,8 978,4 196,"47,5 %","60,81","0,77","0,3 %"
PRIVÉ,060780756,CLINIQUE SANTA MARIA,M12,13 160,6 035,7 125,81,"28,2 %","39,82","1,48","0,0 %"
PRIVÉ,060781200,CLINIQUE SAINT ANTOINE,M12,9 918,3 002,6 916,336,"40,7 %","61,64","1,83","1,1 %"
PRIVÉ,060791860,CENTRE D'HEMODIALYSE A TZANCK,M12,0,0,0,35 871,"65,5 %","71,14","0,00","0,0 %"
PRIVÉ,060792900,A TZANCK AUTODIALYSE MOUGINS,M12,0,0,0,2 772,"64,8 %","66,61","0,00","0,0 %"
PRIVÉ,060792926,CENTRE D'HEMODIALYSE LA RIVIERA ANTIBES,M12,0,0,0,13 224,"66,5 %","72,82","0,00","0,0 %"
PRIVÉ,060800166,HP A. TZANCK MOUGINS SOPHIA ANTIPOLIS,M12,18 852,6 903,11 949,8 833,"48,1 %","62,11","1,34","0,8 %"
PRIVÉ,070780168,CLINIQUE DU VIVARAIS,M12,4 793,905,3 888,32,"46,0 %","63,69","0,58","0,0 %"
PRIVÉ,070780424,CLINIQUE PASTEUR,M12,15 867,7 714,8 153,44,"47,4 %","53,95","2,21","0,5 %"
PRIVÉ,100000082,CLINIQUE PAYS DE SEINE,M12,3 128,839,2 289,0,"48,8 %","57,20","0,84","0,2 %"
PRIVÉ,100000124,POLYCLINIQUE MONTIER LA CELLE,M12,12 084,4 056,8 028,537,"48,0 %","59,30","1,10","0,2 %"
PRIVÉ,110004413,AIDER UAD NARBONNE,M12,0,0,0,3 641,"75,0 %","68,00","0,00","0,0 %"
PRIVÉ,110004421,AIDER UAD LIMOUX,M12,0,0,0,2 975,"48,9 %","71,73","0,00","0,0 %"
PRIVÉ,110005311,AIDER UAD DE CARCASSONNE,M12,0,0,0,7 484,"75,7 %","65,93","0,00","0,0 %"
PRIVÉ,110007259,UDM HÔPITAL PRIVÉ DU GRAND NARBONNE,M12,0,0,0,3 860,"74,9 %","69,40","0,00","0,0 %"
PRIVÉ,110780228,HÔPITAL PRIVÉ DU GRAND NARBONNE,M12,18 104,6 270,11 834,20 285,"47,6 %","67,36","0,85","0,8 %"
PRIVÉ,110780483,CLINIQUE MONTREAL,M12,13 214,3 555,9 659,1 590,"50,6 %","61,34","1,08","1,2 %"
PRIVÉ,120001748,UNITÉ DIALYSE MEDICALISEE MILLAU,M12,0,0,0,7 154,"67,4 %","73,80","0,00","0,0 %"
PRIVÉ,130008253,CLINIQUE DE VITROLLES,M12,6 767,2 886,3 881,147,"34,7 %","32,38","1,43","0,1 %"
PRIVÉ,130034002,DIAVERUM PROVENCE SALON,M12,0,0,0,9 675,"62,3 %","69,36","0,00","0,0 %"
PRIVÉ,130034044,DIAVERUM PROVENCE MARIGNANE,M12,0,0,0,8 126,"68,7 %","72,21","0,00","0,0 %"
PRIVÉ,130034093,DIAVERUM PROVENCE HE MARSEILLE 3E,M12,0,0,0,8 401,"66,0 %","67,26","0,00","0,0 %"
PRIVÉ,130034531,DIAVERUM PROVENCE ARLES,M12,0,0,0,22 457,"61,1 %","73,43","0,00","0,0 %"
PRIVÉ,130037922,HPC RESIDENCE DU PARC,M12,4 719,1 948,2 771,208,"46,5 %","55,26","2,01","0,7 %"
PRIVÉ,130038003,DIALYSAIX - CENTRE D'HÉMODIALYSE D'AIX EN PROVENCE,M12,0,0,0,25 443,"74,0 %","73,13","0,00","0,0 %"
PRIVÉ,130041767,EUROMED CARDIO,M12,2 831,2 520,311,0,"64,0 %","68,14","3,41","0,8 %"
PRIVÉ,130042096,GCS CENTRE CARDIO AXIUM RAMBO,M12,3 305,3 060,245,0,"69,9 %","70,04","2,42","0,4 %"
PRIVÉ,130044753,CLINIQUE MONTICELLI VELODROME,M12,10 288,656,9 632,0,"45,7 %","61,27","0,07","0,0 %"
PRIVÉ,130781370,CLINIQUE JEANNE D'ARC,M12,1 905,649,1 256,92,"50,4 %","57,63","1,24","0,1 %"
PRIVÉ,130781479,CLINIQUE LA CASAMANCE,M12,16 484,8 235,8 249,3 064,"50,9 %","61,39","2,31","1,5 %"
PRIVÉ,130781867,CLINIQUE DE LA CIOTAT,M12,6 296,732,5 564,4 542,"50,3 %","62,60","0,16","0,1 %"
PRIVÉ,130782071,CLINIQUE DE L'ETANG DE L'OLIVIER,M12,6 882,2 103,4 779,41,"49,4 %","54,40","1,88","1,0 %"
PRIVÉ,130782147,CLINIQUE GENERALE DE MARIGNANE,M12,12 203,6 190,6 013,25,"54,8 %","63,91","2,79","2,0 %"
PRIVÉ,130782162,CLINIQUE DE MARTIGUES,M12,7 232,1 136,6 096,69,"48,7 %","60,37","0,53","0,1 %"
PRIVÉ,130782675,CLINIQUE CHIRURGICALE DU DR VIGNOLI,M12,6 316,751,5 565,101,"50,1 %","56,17","0,32","0,0 %"
PRIVÉ,130783327,CLINIQUE BOUCHARD,M12,16 103,7 869,8 234,23 079,"47,2 %","60,10","0,86","0,3 %"
PRIVÉ,130783723,CLINIQUE JUGE,M12,21 784,2 883,18 901,0,"43,3 %","56,82","0,27","0,0 %"
PRIVÉ,130784051,POLYCLINIQUE CLAIRVAL,M12,14 104,10 957,3 147,12 611,"55,5 %","64,02","2,73","0,9 %"
PRIVÉ,130784481,DIAVERUM PROVENCE MARSEILLE 8E,M12,0,0,0,48 856,"59,7 %","71,07","0,00","0,0 %"
PRIVÉ,130784713,CLINIQUE BEAUREGARD,M12,23 176,12 261,10 915,5 395,"35,6 %","48,36","2,22","0,8 %"
PRIVÉ,130784903,CLINIQUE MÉDICO-CHIRURGICALE LA PHOCEANNE,M12,4 359,1 294,3 065,0,"36,2 %","66,04","2,40","0,1 %"
PRIVÉ,130785389,CLINIQUE CHANTECLER,M12,8 007,1 335,6 672,38,"52,8 %","54,26","0,52","0,0 %"
PRIVÉ,130785678,CLINIQUE VERT COTEAU,M12,7 594,2 393,5 201,2 272,"50,6 %","59,10","2,63","1,2 %"
PRIVÉ,130786361,POLYCLINIQUE DU PARC RAMBOT,M12,30 668,11 568,19 100,9 265,"49,0 %","59,42","1,42","0,7 %"
PRIVÉ,130789159,CENTRE CARDIO-VASCULAIRE VALMANT,M12,818,814,1 à 10,0,"43,3 %","81,36","8,98","5,0 %"
PRIVÉ,130809809,CENTRE D'HEMODIALYSE DE PROVENCE,M12,0,0,0,23 264,"63,8 %","74,87","0,00","0,0 %"
PRIVÉ,130810740,CLINIQUE AXIUM,M12,24 342,4 754,19 588,187,"48,8 %","54,46","0,91","0,4 %"
PRIVÉ,140000290,CLINIQUE NOTRE-DAME,M12,5 767,1 668,4 099,133,"45,3 %","59,19","0,92","0,2 %"
PRIVÉ,140016759,POLYCLINIQUE DU PARC,M12,29 882,11 544,18 338,5 665,"38,7 %","53,14","1,28","0,6 %"
PRIVÉ,140017237,CH PRIVÉ ST MARTIN CAEN,M12,33 488,13 239,20 249,13 900,"57,7 %","66,22","1,01","0,2 %"
PRIVÉ,140018730,POLYCLINIQUE DE LISIEUX,M12,5 400,1 310,4 090,53,"53,4 %","63,19","0,67","0,0 %"
PRIVÉ,140026709,POLYCLINIQUE DE DEAUVILLE-CRICQUEBOEUF,M12,4 356,1 293,3 063,14,"45,3 %","59,79","1,00","0,1 %"
PRIVÉ,150780120,CLINIQUE DU HAUT CANTAL,M12,246,246,0,0,"53,7 %","74,80","4,98","3,7 %"
PRIVÉ,150780732,CENTRE MÉDICO-CHIRURGICAL AURILLAC,M12,9 651,3 642,6 009,17 538,"62,1 %","67,94","0,98","0,6 %"
PRIVÉ,160000170,CLINIQUE SAINT JOSEPH ANGOULEME,M12,8 662,1 900,6 762,0,"50,8 %","57,87","0,73","0,0 %"
PRIVÉ,160000279,CLINIQUE DE COGNAC,M12,5 850,1 146,4 704,0,"44,4 %","58,16","0,62","0,0 %"
PRIVÉ,160013207,CENTRE CLINICAL,M12,18 671,6 446,12 225,4 456,"43,8 %","55,09","0,99","0,4 %"
PRIVÉ,170780563,ÉTABLISSEMENT DE SOINS PASTEUR - ROYAN,M12,11 552,4 276,7 276,312,"55,9 %","62,54","1,37","0,1 %"
PRIVÉ,170780613,SA CLINIQUE DU MAIL,M12,4 117,1 781,2 336,33,"45,0 %","54,42","1,18","0,0 %"
PRIVÉ,170780621,POLYCLINIQUE SAINT-GEORGES,M12,3 989,1 295,2 694,0,"48,7 %","63,93","1,27","0,1 %"
PRIVÉ,170780647,CLINIQUE RICHELIEU - SAINTES,M12,6 363,996,5 367,0,"45,4 %","57,95","0,35","0,0 %"
PRIVÉ,170780662,CLINIQUE DE L'ATLANTIQUE,M12,21 541,3 574,17 967,96,"44,9 %","59,80","0,38","0,0 %"
PRIVÉ,180000358,CLINIQUE DES GRAINETIERES,M7,1 585,354,1 231,139,"48,3 %","60,34","0,86","0,2 %"
PRIVÉ,180004145,HÔPITAL PRIVÉ GUILLAUME DE VARYE,M12,15 819,5 328,10 491,6 616,"44,5 %","58,59","1,01","0,9 %"
PRIVÉ,190000224,CLINIQUE LES CEDRES BRIVE,M12,14 534,5 134,9 400,435,"48,1 %","59,93","1,44","0,3 %"
PRIVÉ,190000257,CLINIQUE SAINT-GERMAIN BRIVE,M6,1 419,424,995,82,"45,4 %","54,40","0,88","0,0 %"
PRIVÉ,200200145,POLYCLINIQUE LA RESIDENCE,M12,12 147,4 201,7 946,4 883,"47,1 %","56,44","1,11","0,5 %"
PRIVÉ,210011847,POLYCLINIQUE DU PARC DREVON,M12,12 668,3 135,9 533,4 759,"47,4 %","60,06","0,76","0,7 %"
PRIVÉ,210012670,HÔPITAL PRIVÉ DIJON BOURGOGNE,M12,36 379,14 612,21 767,386,"48,5 %","52,69","1,18","0,1 %"
PRIVÉ,210780789,CLINIQUE MUTUALISTE BENIGNE JOLY,M12,10 497,5 110,5 387,19 911,"59,8 %","63,40","0,72","0,3 %"
PRIVÉ,220000111,POLYCLINIQUE DU TREGOR,M12,5 974,1 353,4 621,1 893,"49,5 %","65,54","0,64","0,1 %"
PRIVÉ,220005599,POLYCLINIQUE DU PAYS DE RANCE,M12,8 738,1 975,6 763,55,"50,9 %","63,48","0,78","0,2 %"
PRIVÉ,220013106,UNITÉ DIALYSE BEGARD AUB SANTÉ,M12,0,0,0,1 037,"73,0 %","62,15","0,00","0,0 %"
PRIVÉ,220013130,UNITÉ D'AUTODIALYSE PAIMPOL - AUB,M12,0,0,0,590,"100,0 %","67,93","0,00","0,0 %"
PRIVÉ,220013155,UNITÉ D'AUTODIALYSE SAINT ALBAN - AUB,M12,0,0,0,520,"98,3 %","78,45","0,00","0,0 %"
PRIVÉ,220016778,UNITÉ DIALYSE SAINT BRIEUC AUB SANTÉ,M12,0,0,0,99,"100,0 %","58,16","0,00","0,0 %"
PRIVÉ,220019558,UNIT DIALYSE LA BEAUCHÉE ST BRIEUC AUB,M12,0,0,0,8 251,"66,9 %","65,25","0,00","0,0 %"
PRIVÉ,220019848,UNITÉ DIALYSE LOUDEAC AUB SANTÉ,M12,0,0,0,2 027,"78,4 %","62,69","0,00","0,0 %"
PRIVÉ,220020507,UNITÉ DIALYSE LANNION AUB SANTÉ,M12,0,0,0,8 850,"62,1 %","70,64","0,00","0,0 %"
PRIVÉ,220021976,UNITÉ DIALYSE DINAN AUB SANTÉ,M12,0,0,0,2 279,"73,5 %","68,85","0,00","0,0 %"
PRIVÉ,220022800,HÔPITAL PRIVÉ DES COTES D'ARMOR,M12,23 805,9 547,14 258,10 561,"47,3 %","58,43","1,19","0,6 %"
PRIVÉ,230780157,CLINIQUE DE LA MARCHE GUERET,M12,4 269,984,3 285,243,"43,2 %","60,15","0,74","0,0 %"
PRIVÉ,240000190,POLYCLINIQUE FRANCHEVILLE,M12,14 128,5 505,8 623,6 955,"50,2 %","62,35","1,15","0,9 %"
PRIVÉ,240000208,CLINIQUE PASTEUR,M12,6 198,894,5 304,1 à 10,"51,4 %","64,16","0,53","0,1 %"
PRIVÉ,240000216,CLINIQUE DU PARC,M12,6 613,1 154,5 459,0,"43,5 %","58,45","0,49","0,0 %"
PRIVÉ,240006734,CENTRE D'HEMODIALYSE FRANCHEVILLE,M12,0,0,0,23 545,"59,0 %","74,27","0,00","0,0 %"
PRIVÉ,250000270,CLINIQUE SAINT-VINCENT,M12,20 917,7 385,13 532,75,"55,5 %","61,55","1,14","0,4 %"
PRIVÉ,250011848,POLYCLINIQUE DE FRANCHE COMTE,M12,14 961,5 848,9 113,1 283,"37,8 %","52,58","1,14","0,0 %"
PRIVÉ,260000260,CLINIQUE LA PARISIERE,M12,7 041,1 632,5 409,138,"51,4 %","59,66","0,64","0,1 %"
PRIVÉ,260003017,SA CLINIQUE KENNEDY,M12,16 322,4 563,11 759,75,"54,1 %","55,34","0,65","0,1 %"
PRIVÉ,260006267,CLINIQUE GENERALE,M12,6 367,912,5 455,6 648,"37,9 %","57,60","0,45","0,7 %"
PRIVÉ,270000326,CLINIQUE PASTEUR,M12,11 316,4 666,6 650,7 167,"52,1 %","62,85","0,89","0,5 %"
PRIVÉ,270000862,CLINIQUE BERGOUIGNAN,M12,6 938,2 448,4 490,0,"52,6 %","60,27","1,08","0,2 %"
PRIVÉ,280000449,POLE MEDICAL MAISON BLANCHE,M12,712,666,46,0,"54,8 %","72,05","9,41","4,1 %"
PRIVÉ,280504689,CLINIQUE NÉPHROLOGIQUE DE MAISON BLANCHE,M12,0,0,0,16 717,"55,9 %","71,88","0,00","0,0 %"
PRIVÉ,280505777,HÔPITAL PRIVÉ D'EURE ET LOIR,M12,15 309,5 072,10 237,2 094,"45,9 %","59,66","1,25","0,7 %"
PRIVÉ,290000140,CLINIQUE PASTEUR-SAINT ESPRIT,M12,15 103,5 010,10 093,7 843,"45,2 %","61,86","0,87","1,0 %"
PRIVÉ,290000207,CLINIQUE ST MICHEL ET STE ANNE,M12,11 278,2 243,9 035,2 468,"50,3 %","64,65","0,65","0,5 %"
PRIVÉ,290000215,POLYCLINIQUE QUIMPER SUD,M12,10 953,3 254,7 699,293,"43,7 %","59,98","0,89","0,1 %"
PRIVÉ,290000850,STE BRESTOISE DU REIN ARTIFICIEL,M12,0,0,0,9 569,"60,0 %","74,87","0,00","0,0 %"
PRIVÉ,290004142,CLINIQUE DU GRAND LARGE,M12,7 325,2 023,5 302,232,"44,6 %","58,39","0,91","0,0 %"
PRIVÉ,290005131,UNITÉ DIALYSE PLOURIN-LES-MORLAIX AUB,M12,0,0,0,4 556,"70,9 %","70,47","0,00","0,0 %"
PRIVÉ,290005172,UNITÉ DIALYSE BREST HERMITAGE AUB,M12,0,0,0,2 477,"67,7 %","56,09","0,00","0,0 %"
PRIVÉ,290005230,UNITÉ DIALYSE DOUARNENEZ - AUB,M12,0,0,0,3 068,"29,9 %","75,07","0,00","0,0 %"
PRIVÉ,290018555,UNITÉ D'AUTODIALYSE MORLAIX - AUB,M12,0,0,0,6 812,"65,6 %","63,33","0,00","0,0 %"
PRIVÉ,290018563,UNITÉ DIALYSE QUIMPER KERRADENNEC AUB,M12,0,0,0,10 128,"75,4 %","65,02","0,00","0,0 %"
PRIVÉ,290019777,POLYCLINIQUE DE KERAUDREN,M12,22 889,11 533,11 356,386,"48,8 %","48,75","1,75","0,2 %"
PRIVÉ,290021070,UNITÉ D'AUTODIALYSE CONCARNEAU - AUB,M12,0,0,0,1 577,"94,9 %","71,06","0,00","0,0 %"
PRIVÉ,290023431,CENTRE MÉDICO-CHIRURGICAL BAIE DE MORLAIX,M12,6 551,1 427,5 124,958,"52,7 %","61,76","0,52","0,2 %"
PRIVÉ,290023779,UNITÉ DIALYSE CARHAIX AUB,M12,0,0,0,5 583,"80,2 %","70,11","0,00","0,0 %"
PRIVÉ,290023787,UNITÉ DIALYSE LANDIVISIAU AUB SANTÉ,M12,0,0,0,575,"74,3 %","64,26","0,00","0,0 %"
PRIVÉ,290023795,UNITÉ D'AUTODIALYSE LE FOLGOET - AUB,M12,0,0,0,2 580,"74,5 %","70,81","0,00","0,0 %"
PRIVÉ,290025337,UNITÉ DIALYSE PLONEOUR LANVERN AUB,M12,0,0,0,504,"91,7 %","74,29","0,00","0,0 %"
PRIVÉ,290028539,UNITÉ DIALYSE LANDERNEAU - AUB,M12,0,0,0,638,"52,8 %","73,36","0,00","0,0 %"
PRIVÉ,290029669,UNITÉ DIALYSE QUIMPER AUB SANTÉ,M12,0,0,0,4 321,"66,9 %","75,63","0,00","0,0 %"
PRIVÉ,290030808,UNITÉ DIALYSE CROZON AUB SANTÉ,M12,0,0,0,3 071,"65,3 %","75,02","0,00","0,0 %"
PRIVÉ,290032028,UNITÉ DIALYSE BREST QUESTEL AUB SANTÉ,M12,0,0,0,9 833,"55,7 %","65,79","0,00","0,0 %"
PRIVÉ,290032655,UNITÉ DIALYSE QUIMPERLE MELLAC AUB,M12,0,0,0,1 910,"51,9 %","68,39","0,00","0,0 %"
PRIVÉ,2A0000139,SA CLINISUD,M12,12 388,3 731,8 657,258,"50,0 %","59,52","1,24","0,4 %"
PRIVÉ,2A0000154,CLINIQUE DU SUD DE LA CORSE,M12,5 233,2 121,3 112,5 986,"49,5 %","61,46","0,90","0,7 %"
PRIVÉ,2B0000079,CLINIQUE DR FILIPPI,M12,4 152,209,3 943,1 à 10,"43,9 %","61,53","0,05","0,1 %"
PRIVÉ,2B0000392,POLYCLINIQUE DE FURIANI,M12,4 296,1 835,2 461,1 à 10,"62,6 %","60,86","1,59","0,1 %"
PRIVÉ,2B0005664,CLINIQUE DE TOGA,M12,170,167,1 à 10,0,"55,9 %","73,24","19,64","45,9 %"
PRIVÉ,300002508,CENTRE DE CHIRURGIE AMBULATOIRE DES HAUTS D'AVIGNON,M12,3 967,0,3 967,0,"48,9 %","50,06","0,00","0,0 %"
PRIVÉ,300007119,AIDER ALES,M12,0,0,0,11 469,"55,5 %","69,10","0,00","0,0 %"
PRIVÉ,300007168,AIDER BAGNOLS SUR CEZE,M12,0,0,0,1 à 10,NA,NA,NA,NA
PRIVÉ,300008588,NEPHROCARE NIMES,M12,0,0,0,20 647,"64,1 %","74,87","0,00","0,0 %"
PRIVÉ,300008638,NEPHROCARE BAGNOLS SUR CEZE,M12,0,0,0,4 650,"79,7 %","72,57","0,00","0,0 %"
PRIVÉ,300017209,KENVAL INSTITUT DE CANCEROLOGIE,M12,821,805,16,8 155,"42,8 %","65,89","0,78","1,4 %"
PRIVÉ,300017431,AIDER SANTÉ UAD UDM GCS PAAC,M12,0,0,0,11 903,"59,8 %","78,46","0,00","0,0 %"
PRIVÉ,300017498,CLINIQUE AMBULATOIRE DE LA CEZE,M12,2 050,0,2 050,0,"53,3 %","53,45","0,00","0,0 %"
PRIVÉ,300780137,NOUVELLE CLINIQUE BONNEFON,M12,11 047,3 781,7 266,249,"48,7 %","60,23","1,63","0,7 %"
PRIVÉ,300780152,HÔPITAL PRIVÉ LES FRANCISCAINES,M12,11 676,7 147,4 529,134,"53,9 %","62,77","2,64","0,6 %"
PRIVÉ,300781465,CLINIQUE KENNEDY,M12,10 840,4 160,6 680,48,"42,4 %","49,80","1,31","0,1 %"
PRIVÉ,300787421,AIDER DE NIMES,M12,0,0,0,19 485,"62,5 %","67,08","0,00","0,0 %"
PRIVÉ,300788502,POLYCLINIQUE DU GRAND SUD,M12,24 654,9 745,14 909,2 932,"43,5 %","50,81","1,22","0,1 %"
PRIVÉ,310011838,UN_DIALYSEMEDICALISEECORNEBARRIEU_CNO,M12,0,0,0,3 367,"57,4 %","71,17","0,00","0,0 %"
PRIVÉ,310021571,CENTRE GERIATRIQUE DES MINIMES,M12,511,501,1 à 10,1 à 10,"34,0 %","86,34","8,46","4,8 %"
PRIVÉ,310026083,CLINIQUE SAINT-CYPRIEN RIVE GAUCHE,M12,29 810,12 332,17 478,313,"39,8 %","35,95","1,36","0,1 %"
PRIVÉ,310026927,CLINIQUE CAPIO LA CROIX DU SUD,M12,43 860,17 777,26 083,5 860,"45,2 %","53,28","1,43","0,5 %"
PRIVÉ,310780150,CLINIQUE MEDIPOLE GARONNE,M12,18 834,6 790,12 044,570,"47,4 %","50,89","0,77","0,0 %"
PRIVÉ,310780259,SA CLINIQUE PASTEUR,M12,39 459,21 300,18 159,13 353,"51,4 %","64,96","1,73","0,7 %"
PRIVÉ,310780283,NOUVELLE CLINIQUE DE L'UNION,M12,42 666,19 236,23 430,5 950,"49,2 %","56,73","1,75","0,8 %"
PRIVÉ,310780366,CLINIQUE MONIE,M12,1 999,1 033,966,65,"44,9 %","69,95","5,57","6,2 %"
PRIVÉ,310780382,CLINIQUE AMBROISE PARE,M12,18 294,9 973,8 321,1 078,"43,5 %","43,63","2,14","0,3 %"
PRIVÉ,310781000,CLINIQUE DES CEDRES,M12,36 294,17 330,18 964,4 356,"49,4 %","59,35","1,95","1,0 %"
PRIVÉ,310781505,CLINIQUE D'OCCITANIE,M12,23 618,10 853,12 765,4 734,"52,0 %","56,81","1,57","0,6 %"
PRIVÉ,310781695,CLINIQUE DE LAGARDELLE,M12,354,351,1 à 10,0,"47,5 %","79,95","16,51","31,1 %"
PRIVÉ,310782016,CLINIQUE NÉPHROLOGIQUE SAINT EXUPERY,M12,1 866,1 706,160,43 422,"62,7 %","72,01","0,28","0,1 %"
PRIVÉ,310786389,CLINIQUE DES PYRENEES,M12,217,217,0,0,"34,1 %","83,05","4,13","0,5 %"
PRIVÉ,310794417,CENTRE NÉPHROLOGIQUE D'OCCITANIE,M12,0,0,0,26 906,"60,6 %","76,25","0,00","0,0 %"
PRIVÉ,320780067,POLYCLINIQUE DE GASCOGNE,M12,6 177,1 691,4 486,72,"55,4 %","58,86","0,89","0,0 %"
PRIVÉ,330017989,CENTRE D'HEMODIALYSE BORDEAUX RIVE DROITE,M12,0,0,0,15 085,"59,3 %","74,76","0,00","0,0 %"
PRIVÉ,330060658,GCS CLINIQUE CHIRURGICALE LIBOURNAIS,M12,10 246,1 075,9 171,0,"47,6 %","60,78","0,22","0,0 %"
PRIVÉ,330780040,NOUVELLE CLINIQUE BEL AIR,M12,17 405,5 174,12 231,21,"49,0 %","56,04","0,52","0,0 %"
PRIVÉ,330780081,CLINIQUE SAINT AUGUSTIN,M12,15 292,9 585,5 707,82,"65,6 %","62,87","2,63","0,5 %"
PRIVÉ,330780115,CLINIQUE TIVOLI-DUCOS,M12,14 122,5 090,9 032,10 027,"29,5 %","56,30","0,72","0,5 %"
PRIVÉ,330780206,CLINIQUE D'ARCACHON,M12,9 239,1 976,7 263,1 828,"50,9 %","62,08","0,59","0,5 %"
PRIVÉ,330780263,POLYCLINIQUE BORDEAUX RIVE DROITE,M12,26 027,11 548,14 479,2 849,"43,9 %","50,05","1,67","0,7 %"
PRIVÉ,330780271,CLINIQUE DU SPORT DE BORDEAUX MERIGNAC,M12,8 530,2 144,6 386,0,"59,0 %","46,44","0,55","0,0 %"
PRIVÉ,330780354,POLYCLINIQUE BORDEAUX CAUDERAN,M12,1 298,1 235,63,711,"32,3 %","67,03","5,58","3,0 %"
PRIVÉ,330780446,C.T.M.R. ST AUGUSTIN,M12,0,0,0,28 537,"61,8 %","72,75","0,00","0,0 %"
PRIVÉ,330780453,CENTRE D'HEMODIALYSE SAINT MARTIN,M12,0,0,0,26 960,"56,7 %","74,03","0,00","0,0 %"
PRIVÉ,330780479,POLYCLINIQUE BX-NORD AQUITAINE,M12,41 400,21 692,19 708,12 306,"47,7 %","52,92","1,67","0,9 %"
PRIVÉ,330780487,CLINIQUE OPHTALMOLOGIQUE THIERS,M12,6 252,232,6 020,0,"43,6 %","67,01","0,04","0,0 %"
PRIVÉ,330780503,HÔPITAL PRIVÉ SAINT-MARTIN,M12,23 655,8 006,15 649,260,"57,5 %","52,19","1,11","0,2 %"
PRIVÉ,330780511,CLINIQUE SAINTE ANNE,M12,7 609,1 895,5 714,2 487,"50,8 %","61,59","0,67","0,4 %"
PRIVÉ,330781402,NOUVELLE CLINIQUE BORDEAUX TONDU,M12,13 400,4 458,8 942,725,"47,0 %","43,88","0,94","0,4 %"
PRIVÉ,330782582,POLYCLINIQUE JEAN VILLAR,M12,19 600,6 749,12 851,1 518,"38,6 %","49,94","1,34","0,5 %"
PRIVÉ,330783374,CENTRE D'HEMODIALYSE PBNA,M12,0,0,0,25 405,"57,4 %","71,79","0,00","0,0 %"
PRIVÉ,340009539,CENTRE D'HEMODIALYSE AMBULATOIRE SAINT GUILHEM,M12,0,0,0,17 842,"63,5 %","73,43","0,00","0,0 %"
PRIVÉ,340009885,POLYCLINIQUE CHAMPEAU,M12,13 271,6 897,6 374,2 498,"32,9 %","48,29","1,57","0,5 %"
PRIVÉ,340013119,AIDER UAD DE GRABELS,M12,0,0,0,8 309,"61,7 %","62,04","0,00","0,0 %"
PRIVÉ,340013168,AIDER UDSA CLINIQUE JACQUES MIROUZE,M12,0,0,0,25 921,"59,9 %","66,25","0,00","0,0 %"
PRIVÉ,340013218,AIDER UAD DE GANGES,M12,0,0,0,3 011,"65,4 %","72,58","0,00","0,0 %"
PRIVÉ,340013259,AIDER UAD DE BEDARIEUX,M12,0,0,0,701,"99,3 %","59,41","0,00","0,0 %"
PRIVÉ,340013309,AIDER UAD DE CLERMONT L'HERAULT,M12,0,0,0,5 648,"69,3 %","69,40","0,00","0,0 %"
PRIVÉ,340013358,AIDER UAD DE BOUZIGUES,M12,0,0,0,1 333,"64,3 %","75,59","0,00","0,0 %"
PRIVÉ,340013499,AIDER UAD DE VILLENEUVE LES BEZIERS,M12,0,0,0,5 916,"68,7 %","65,07","0,00","0,0 %"
PRIVÉ,340015502,CLINIQUE LE MILLENAIRE,M12,26 293,14 276,12 017,745,"54,2 %","60,79","2,56","0,8 %"
PRIVÉ,340015965,SAS POLYCLINIQUE SAINT PRIVAT,M12,22 002,10 578,11 424,6 480,"56,5 %","61,00","1,63","0,6 %"
PRIVÉ,340015999,NEPHROCARE BEZIERS,M12,0,0,0,31 384,"61,2 %","71,59","0,00","0,0 %"
PRIVÉ,340019603,GCS HEMODIALYSE LAPEYRONIE,M12,0,0,0,8 624,"68,9 %","70,73","0,00","0,0 %"
PRIVÉ,340020221,AIDER DIALYSE A DOMICILE,M12,0,0,0,16 285,"77,2 %","57,18","0,00","0,0 %"
PRIVÉ,340022979,POLYCLINIQUE ST ROCH,M12,31 406,12 893,18 513,185,"36,9 %","41,73","1,53","0,2 %"
PRIVÉ,340023142,NEPHROCARE MILLLENAIRE UDM,M12,0,0,0,9 593,"75,4 %","67,76","0,00","0,0 %"
PRIVÉ,340024553,AIDER SANTÉ UAD ST JEAN,M12,0,0,0,1 258,"72,3 %","71,73","0,00","0,0 %"
PRIVÉ,340780139,CLINIQUE DU DR. CAUSSE,M12,7 736,2 748,4 988,0,"45,2 %","57,32","1,21","0,0 %"
PRIVÉ,340780147,POLYCLINIQUE DES 3 VALLEES,M12,2 988,1 506,1 482,12,"51,6 %","62,94","2,32","1,0 %"
PRIVÉ,340780154,POLYCLINIQUE PASTEUR,M12,7 070,2 157,4 913,97,"51,3 %","62,32","1,20","0,3 %"
PRIVÉ,340780568,CLINIQUE DU SOUFFLE LA VALONIE,M12,940,932,1 à 10,0,"53,9 %","68,05","5,51","1,2 %"
PRIVÉ,340780634,POLYCLINIQUE SAINT-JEAN,M12,22 710,6 744,15 966,810,"50,0 %","48,69","1,10","0,3 %"
PRIVÉ,340780667,CLINIQUE DU PARC,M12,26 896,10 931,15 965,8 842,"54,0 %","61,58","1,82","1,1 %"
PRIVÉ,340780675,CLINIQUE CLEMENTVILLE,M12,14 403,7 724,6 679,13 803,"35,5 %","53,28","1,44","0,9 %"
PRIVÉ,340780717,CLINIQUE SAINT- LOUIS,M12,7 625,3 763,3 862,120,"47,5 %","59,49","1,91","1,0 %"
PRIVÉ,340780725,CLINIQUE VIA DOMITIA POLE DE SANTÉ,M12,6 846,1 564,5 282,0,"47,6 %","59,04","0,43","0,0 %"
PRIVÉ,340780741,POLYCLINIQUE SAINTE THERESE,M12,10 101,2 902,7 199,186,"40,6 %","53,56","0,93","0,1 %"
PRIVÉ,340780840,NEPHROCARE CASTELNAU LE PARC,M12,0,0,0,28 469,"68,1 %","73,34","0,00","0,0 %"
PRIVÉ,350000121,CH PRIVÉ ST-GREGOIRE,M12,46 617,19 566,27 051,10 357,"47,5 %","52,65","1,72","0,7 %"
PRIVÉ,350000196,CLINIQUE DE LA COTE D'EMERAUDE,M12,10 265,2 787,7 478,3 443,"54,2 %","62,31","0,53","0,1 %"
PRIVÉ,350002192,POLYCLINIQUE SAINT LAURENT,M12,21 360,9 963,11 397,983,"53,3 %","66,34","2,15","1,1 %"
PRIVÉ,350002804,DIALYSE A DOMICILE AUB SANTÉ,M12,0,0,0,13 111,"64,8 %","63,05","0,00","0,0 %"
PRIVÉ,350005146,HÔPITAL PRIVÉ SEVIGNE,M12,22 401,7 120,15 281,6 460,"51,2 %","61,18","1,16","0,5 %"
PRIVÉ,350030763,UNITÉ DIALYSE SAINT MALO AUB SANTÉ,M12,0,0,0,5 883,"60,8 %","63,96","0,00","0,0 %"
PRIVÉ,350032934,UNITÉ DIALYSE PONTCHAILLOU RENNES AUB,M12,0,0,0,18 625,"64,7 %","67,23","0,00","0,0 %"
PRIVÉ,350040044,UNITÉ DIALYSE BROUSSAIS SAINT MALO AUB,M12,0,0,0,14 497,"61,6 %","75,55","0,00","0,0 %"
PRIVÉ,350041059,UNITÉ D'AUTODIALYSE DINARD - AUB,M12,0,0,0,752,"99,9 %","64,86","0,00","0,0 %"
PRIVÉ,350042131,UNITÉ DIALYSE REDON - AUB,M12,0,0,0,3 984,"57,0 %","70,19","0,00","0,0 %"
PRIVÉ,350042602,UNITÉ DIALYSE FOUGERES AUB,M12,0,0,0,5 579,"65,2 %","70,40","0,00","0,0 %"
PRIVÉ,350046751,UNITÉ DIALYSE MONTGERMONT AUB,M12,0,0,0,18 854,"70,5 %","57,52","0,00","0,0 %"
PRIVÉ,360000129,CLINIQUE ST FRANCOIS,M12,8 392,1 868,6 524,218,"49,7 %","59,19","0,93","1,1 %"
PRIVÉ,360002133,RE NEPHRO CHATEAUROUX-AV.KENNEDY,M12,0,0,0,24 889,"57,9 %","70,59","0,00","0,0 %"
PRIVÉ,360002232,CENTRE DE CONVALESCENCE ET DIÉTÉTIQUE MANOIR EN BERRY,M12,925,922,1 à 10,0,"43,4 %","65,08","6,76","1,5 %"
PRIVÉ,370000051,CLINIQUE JEANNE D ARC,M2,785,129,656,1 à 10,"51,3 %","59,97","0,60","0,1 %"
PRIVÉ,370000093,SAS NOUVELLE CLINIQUE DE TOURS +,M12,31 510,14 300,17 210,15 050,"54,9 %","65,30","1,41","0,7 %"
PRIVÉ,370007569,PÔLE SANTÉ LÉONARD DE VINCI,M12,34 865,15 769,19 096,12 346,"42,4 %","55,30","1,62","1,0 %"
PRIVÉ,380013037,CENTRE ENDOSCOPIE NORD ISERE,M12,4 664,0,4 664,0,"47,2 %","59,07","0,00","0,0 %"
PRIVÉ,380020123,CLINIQUE DES COTES DU RHONE,M12,4 651,937,3 714,29,"50,0 %","52,39","1,40","0,8 %"
PRIVÉ,380780197,CLINIQUE SAINT VINCENT DE PAUL,M12,12 494,5 233,7 261,118,"43,7 %","44,09","1,46","0,0 %"
PRIVÉ,380780288,CLINIQUE DE CHARTREUSE,M12,8 784,1 062,7 722,43,"49,5 %","56,38","0,38","0,0 %"
PRIVÉ,380785956,CLINIQUE DES CEDRES,M12,22 386,8 454,13 932,235,"46,5 %","53,23","1,57","0,5 %"
PRIVÉ,380786442,CLINIQUE BELLEDONNE,M12,30 494,12 923,17 571,212,"45,3 %","51,01","1,63","0,3 %"
PRIVÉ,390780559,CLINIQUE DU JURA,M12,1 946,307,1 639,0,"44,5 %","66,34","0,67","0,0 %"
PRIVÉ,390780575,POLYCLINIQUE DU PARC,M12,5 572,1 812,3 760,28,"58,6 %","58,03","0,95","0,0 %"
PRIVÉ,400780342,CLINIQUE JEAN LE BON,M12,7 347,600,6 747,140,"47,1 %","55,29","0,12","0,0 %"
PRIVÉ,400780359,CLINIQUE DES LANDES,M8,4 258,673,3 585,17,"46,4 %","56,82","0,51","0,1 %"
PRIVÉ,410000202,POLYCLINIQUE DE BLOIS,M12,15 203,6 911,8 292,35 971,"57,6 %","68,98","0,67","0,5 %"
PRIVÉ,410004998,CLINIQUE DU SAINT COEUR,M12,6 447,3 052,3 395,27,"43,0 %","52,95","1,95","0,4 %"
PRIVÉ,420011413,HÔPITAL PRIVÉ DE LA LOIRE,M12,33 094,16 180,16 914,3 640,"45,7 %","51,23","2,17","1,0 %"
PRIVÉ,420780504,CLINIQUE DU PARC,M12,18 178,4 938,13 240,209,"51,8 %","51,32","0,93","0,2 %"
PRIVÉ,420782310,CLINIQUE DU RENAISON,M12,15 509,4 896,10 613,450,"47,4 %","60,96","1,42","0,5 %"
PRIVÉ,420782591,CLINIQUE NOUVELLE DU FOREZ,M12,2 269,0,2 269,0,"47,6 %","53,10","0,00","0,0 %"
PRIVÉ,430000109,CLINIQUE BON SECOURS - LE PUY,M12,6 204,1 886,4 318,72,"58,4 %","61,54","0,93","0,1 %"
PRIVÉ,430007450,CENTRE MÉDICAL SPECIALISE LE CHAMBON SUR LIGNON,M12,3 156,560,2 596,0,"70,2 %","50,86","1,15","0,0 %"
PRIVÉ,440000404,CLINIQUE SAINTE MARIE,M12,5 407,1 438,3 969,1 à 10,"51,1 %","59,60","1,07","0,1 %"
PRIVÉ,440000412,CLINIQUE BRETECHE VIAUD,M12,13 695,8 127,5 568,151,"29,7 %","43,14","2,34","1,0 %"
PRIVÉ,440000487,CLINIQUE UROLOGIQUE NANTES ATLANTIS,M12,4 641,2 204,2 437,30,"84,2 %","52,96","1,24","0,0 %"
PRIVÉ,440002020,POLYCLINIQUE DE L'EUROPE,M12,18 345,5 277,13 068,192,"54,9 %","61,93","1,13","0,3 %"
PRIVÉ,440005080,DIALYSE ECHO NANTES,M12,0,0,0,24 776,"60,8 %","59,64","0,00","0,0 %"
PRIVÉ,440029379,CLINIQUE JULES VERNE,M12,37 599,5 092,32 507,806,"46,2 %","56,01","0,35","0,0 %"
PRIVÉ,440033819,SANTÉ ATLANTIQUE,M12,74 876,21 715,53 161,699,"46,9 %","46,26","1,00","0,1 %"
PRIVÉ,440036176,CENTRE DIALYSE ECHO ST HERBLAIN,M12,0,0,0,6 641,"64,7 %","61,36","0,00","0,0 %"
PRIVÉ,440036499,CENTRE DIALYSE ECHO REZE,M12,0,0,0,23 541,"49,2 %","67,38","0,00","0,0 %"
PRIVÉ,440039568,DIALYSE ECHO LA BAULE,M12,0,0,0,5 181,"78,2 %","70,94","0,00","0,0 %"
PRIVÉ,440041580,L'HÔPITAL PRIVÉ DU CONFLUENT,M12,47 660,22 859,24 801,20 347,"48,1 %","60,49","1,67","1,1 %"
PRIVÉ,440048718,HÔPITAL DU CONFLUENT-SITE JULES VERNE,M12,18,0,18,4 972,"38,2 %","64,15","0,00","0,0 %"
PRIVÉ,440050441,DIALYSE ECHO ST NAZAIRE,M12,0,0,0,8 466,"57,6 %","66,61","0,00","0,0 %"
PRIVÉ,440055770,CENTRE DIALYSE ECHO ST HERBLAIN PSA,M12,0,0,0,10 448,"49,2 %","73,97","0,00","0,0 %"
PRIVÉ,450000245,CLINIQUE L'ARCHETTE,M12,13 057,4 733,8 324,1 115,"46,3 %","61,23","1,27","0,4 %"
PRIVÉ,450000294,ORELIANCE - REINE BLANCHE,M12,7 937,7 045,892,11 138,"58,1 %","71,81","2,38","1,0 %"
PRIVÉ,450010079,ORELIANCE - LONGUES ALLEES,M12,31 913,7 746,24 167,6 014,"51,0 %","55,31","0,76","0,1 %"
PRIVÉ,450012935,CENTRE D'HEMODIALYSE ARCHETTE,M12,0,0,0,18 816,"57,3 %","74,68","0,00","0,0 %"
PRIVÉ,450012968,CLINIQUE DE MONTARGIS,M12,4 759,1 032,3 727,75,"47,2 %","60,12","0,62","0,0 %"
PRIVÉ,450013818,CENTRE D'HEMODIALYSE J. D'ARC,M12,0,0,0,4 329,"61,8 %","73,38","0,00","0,0 %"
PRIVÉ,450018460,CENTRE NÉPHROLOGIQUE DE MONTARGIS,M12,0,0,0,20 817,"58,3 %","72,91","0,00","0,0 %"
PRIVÉ,460006075,CLINIQUE FONT REDONDE,M12,85,85,0,799,"58,1 %","68,39","1,98","6,2 %"
PRIVÉ,470000027,CLINIQUE ESQUIROL - SAINT-HILAIRE,M12,24 691,12 122,12 569,953,"53,4 %","62,43","2,13","1,3 %"
PRIVÉ,470000159,CLINIQUE CALABET,M12,0,0,0,7 874,"50,8 %","66,23","0,00","0,0 %"
PRIVÉ,480001403,AIDER UAD DE MENDE,M12,0,0,0,1 837,"52,2 %","75,19","0,00","0,0 %"
PRIVÉ,480001783,AIDER UAD MARVEJOLS,M12,0,0,0,5 281,"59,5 %","74,27","0,00","0,0 %"
PRIVÉ,490000262,CLINIQUE SAINT-JOSEPH,M12,15 631,6 189,9 442,2 401,"58,1 %","61,61","1,37","0,6 %"
PRIVÉ,490002037,POLYCLINIQUE DU PARC,M12,19 237,8 098,11 139,4 052,"51,4 %","56,61","1,13","0,4 %"
PRIVÉ,490007499,CENTRE DIALYSE ECHO ANGERS BOCQUEL,M12,0,0,0,24 117,"59,4 %","70,30","0,00","0,0 %"
PRIVÉ,490007929,CLINIQUE CHIRURGICALE DE LA LOIRE,M12,9 001,2 873,6 128,375,"52,5 %","61,31","1,11","0,2 %"
PRIVÉ,490009008,CENTRE DIALYSE ECHO CHOLET MARENGO,M12,0,0,0,9 536,"69,5 %","77,08","0,00","0,0 %"
PRIVÉ,490014909,CLINIQUE DE L'ANJOU,M12,36 644,15 829,20 815,1 042,"44,9 %","52,59","1,67","0,4 %"
PRIVÉ,490015906,CLINIQUE SAINT LEONARD,M12,9 250,3 530,5 720,207,"52,6 %","51,35","1,12","0,0 %"
PRIVÉ,490017613,DIALYSE ECHO TRELAZE,M12,0,0,0,3 681,"61,5 %","71,39","0,00","0,0 %"
PRIVÉ,490537818,CENTRE DIALYSE DIAVERUM ANGERS,M12,0,0,0,21 474,"66,7 %","73,06","0,00","0,0 %"
PRIVÉ,490540440,CENTRE DE LA MAIN,M12,5 436,0,5 436,0,"62,8 %","48,31","0,00","0,0 %"
PRIVÉ,500000146,HÔPITAL PRIVÉ DE LA BAIE,M12,11 734,2 752,8 982,3 610,"50,8 %","64,69","0,94","0,9 %"
PRIVÉ,500000203,POLYCLINIQUE DE LA MANCHE - SAINT-LO,M12,5 425,1 330,4 095,69,"52,5 %","63,58","0,83","0,0 %"
PRIVÉ,500000401,CLINIQUE DR. H. GUILLARD,M12,3 663,702,2 961,61,"45,4 %","59,32","0,48","0,0 %"
PRIVÉ,500002357,POLYCLINIQUE DU COTENTIN,M12,9 226,2 489,6 737,0,"49,4 %","58,94","0,90","0,1 %"
PRIVÉ,500021316,CENTRE DE DIALYSE D'AVRANCHES,M12,0,0,0,10 072,"58,4 %","71,16","0,00","0,0 %"
PRIVÉ,510000185,POLYCLINIQUE COURLANCY - REIMS,M12,22 831,8 099,14 732,17 275,"43,0 %","59,67","0,93","0,7 %"
PRIVÉ,510000243,CLINIQUE D'EPERNAY,M12,5 130,1 090,4 040,411,"46,7 %","57,35","1,04","0,3 %"
PRIVÉ,510012040,POLYCLINIQUE LES BLEUETS - REIMS,M12,998,466,532,86,"39,6 %","70,86","4,64","4,2 %"
PRIVÉ,510024979,POLYCLINIQUE DE BEZANNES,M12,49 822,23 838,25 984,145,"45,8 %","50,25","1,87","0,6 %"
PRIVÉ,520780156,CLINIQUE DE LA COMPASSION,M12,17,1 à 10,13,0,"94,1 %","75,53","0,35","0,0 %"
PRIVÉ,520780180,CLINIQUE FRANCOIS 1ER,M12,4 420,1 088,3 332,1 319,"46,2 %","61,94","0,70","0,4 %"
PRIVÉ,520780214,CENTRE MÉDICO-CHIRURGICAL,M12,2 378,1 757,621,20 046,"61,7 %","71,61","0,53","0,3 %"
PRIVÉ,530002898,CENTRE DIALYSE ECHO LAVAL,M12,0,0,0,11 111,"70,3 %","73,38","0,00","0,0 %"
PRIVÉ,530008119,DIALYSE DIAVERUM CHATEAU GONTIER,M12,0,0,0,2 414,"56,5 %","67,85","0,00","0,0 %"
PRIVÉ,530008788,DIALYSE ECHO MAYENNE,M12,0,0,0,4 206,"42,5 %","68,54","0,00","0,0 %"
PRIVÉ,530031962,POLYCLINIQUE DU MAINE,M12,12 193,4 707,7 486,5 263,"48,9 %","62,86","1,02","0,6 %"
PRIVÉ,540000361,CLINIQUE JEANNE D'ARC - LUNEVILL,M12,5 586,1 093,4 493,146,"48,5 %","57,66","0,53","0,0 %"
PRIVÉ,540000445,ESPACE CHIRURGICAL AMBROISE PARE NANCY,M12,7 910,5 010,2 900,0,"64,6 %","68,37","1,92","0,4 %"
PRIVÉ,540000452,CLINIQUE ST ANDRE VANDOEUVRE,M12,11 855,2 574,9 281,1 à 10,"42,2 %","52,79","0,65","0,1 %"
PRIVÉ,540000478,CLINIQUE LOUIS PASTEUR,M12,33 311,13 570,19 741,19 295,"59,7 %","64,32","0,81","0,2 %"
PRIVÉ,540000486,POLYCLINIQUE DE GENTILLY,M12,23 905,11 509,12 396,32 586,"54,3 %","63,71","1,04","0,7 %"
PRIVÉ,540013224,POLYCLINIQUE MAJORELLE,M12,12 133,7 576,4 557,65,"20,1 %","34,84","2,17","0,2 %"
PRIVÉ,550000178,POLYCLINIQUE DU PARC - BAR-LE-DUC,M12,9 570,2 639,6 931,229,"47,0 %","59,38","1,17","0,3 %"
PRIVÉ,560004004,UNITÉ DIALYSE LORIENT AUB SANTÉ,M12,0,0,0,5 652,"59,4 %","75,69","0,00","0,0 %"
PRIVÉ,560006348,UNITÉ DIALYSE KERIO PONTIVY AUB,M12,0,0,0,4 379,"60,8 %","68,46","0,00","0,0 %"
PRIVÉ,560007510,POLYCLINIQUE DE PONTIVY,M12,7 182,1 876,5 306,30,"51,6 %","61,34","0,76","0,0 %"
PRIVÉ,560008799,CLINIQUE OCEANE,M12,32 420,12 550,19 870,8 223,"48,5 %","57,57","1,22","0,7 %"
PRIVÉ,560009490,AUTODIALYSE BELLE-ÎLE,M12,0,0,0,1 049,"56,5 %","70,83","0,00","0,0 %"
PRIVÉ,560009508,AUTODIALYSE AURAY,M12,0,0,0,1 504,"74,8 %","69,55","0,00","0,0 %"
PRIVÉ,560009524,AUTODIALYSE VANNES,M12,0,0,0,5 166,"69,1 %","65,09","0,00","0,0 %"
PRIVÉ,560014078,AUTODIALYSE MUZILLAC,M12,0,0,0,429,"83,7 %","57,13","0,00","0,0 %"
PRIVÉ,560014128,AUTODIALYSE PLOERMEL,M12,0,0,0,1 285,"78,1 %","63,12","0,00","0,0 %"
PRIVÉ,560023152,CENTRE D'HEMODIALYSE AMBULATOIRE ECHO,M12,0,0,0,14 593,"62,4 %","73,87","0,00","0,0 %"
PRIVÉ,560023848,UNITÉ DIALYSE KERFRICHANT LORIENT AUB,M12,0,0,0,15 448,"72,8 %","67,95","0,00","0,0 %"
PRIVÉ,570000083,CLINIQUE SAINT NABOR,M12,10 728,4 197,6 531,66,"36,0 %","48,60","1,24","0,1 %"
PRIVÉ,570000356,CLINIQUE CHIRURGICALE AMBROISE PARE,M12,9 592,1 779,7 813,604,"49,2 %","59,79","0,62","0,2 %"
PRIVÉ,570000364,CLINIQUE NOTRE DAME,M12,6 385,749,5 636,225,"48,8 %","57,90","0,22","0,0 %"
PRIVÉ,570000646,HÔPITAL CLINIQUE CLAUDE BERNARD,M12,30 972,12 645,18 327,12 247,"44,5 %","56,63","1,28","0,6 %"
PRIVÉ,580780138,POLYCLINIQUE DU VAL DE LOIRE,M12,11 501,2 397,9 104,6 559,"50,0 %","65,16","0,75","0,5 %"
PRIVÉ,590006896,POLYCLINIQUE DE LA THIERACHE,M12,5 720,1 478,4 242,135,"46,6 %","56,53","0,85","0,1 %"
PRIVÉ,590008041,POLYCLINIQUE VAUBAN,M12,16 570,8 887,7 683,11 342,"58,6 %","64,54","1,61","1,2 %"
PRIVÉ,590034815,CENTRE D'AUTODIALYSE PONT/SAMBRE,M12,0,0,0,1 580,"70,4 %","68,69","0,00","0,0 %"
PRIVÉ,590780060,INSTITUT OPHTALMIQUE,M12,8 282,189,8 093,0,"41,0 %","69,50","0,02","0,0 %"
PRIVÉ,590780094,CENTRE LEONARD DE VINCI,M12,1 498,782,716,8 283,"36,1 %","62,45","0,19","0,1 %"
PRIVÉ,590780250,CLINIQUE LILLE-SUD,M12,21 350,1 247,20 103,0,"53,4 %","41,42","0,14","0,0 %"
PRIVÉ,590780268,POLYCLINIQUE DU BOIS,M12,31 517,15 759,15 758,44 955,"47,0 %","61,48","0,89","0,4 %"
PRIVÉ,590780342,CLINIQUE AMBROISE PARE,M12,6 864,44,6 820,0,"41,3 %","68,11","0,01","0,0 %"
PRIVÉ,590780383,POLYCLINIQUE DE LA LOUVIERE,M12,29 198,10 886,18 312,40 421,"53,4 %","63,79","0,49","0,1 %"
PRIVÉ,590781571,CLINIQUE DU CAMBRESIS,M12,2 850,1 052,1 798,0,"41,6 %","53,13","1,31","0,0 %"
PRIVÉ,590781951,CLINIQUE DU CROISE LAROCHE SA,M12,6 372,2 822,3 550,0,"47,5 %","49,49","1,58","0,0 %"
PRIVÉ,590782256,CLINIQUE DES DENTELLIERES,M12,441,0,441,7 827,"39,2 %","61,38","0,00","0,0 %"
PRIVÉ,590782298,CLINIQUE DU PARC,M12,14 918,5 696,9 222,26,"43,4 %","41,82","1,42","0,2 %"
PRIVÉ,590782546,CLINIQUE DE VILLENEUVE D'ASCQ,M12,2 391,700,1 691,0,"41,3 %","56,26","2,25","3,7 %"
PRIVÉ,590782553,HÔPITAL PRIVÉ DE VILLENEUVE D'ASCQ,M12,23 698,9 665,14 033,2 717,"43,4 %","45,88","1,30","0,1 %"
PRIVÉ,590784484,NEPHROCARE MAUBEUGE,M12,0,0,0,17 165,"57,3 %","71,17","0,00","0,0 %"
PRIVÉ,590788964,POLYCLINIQUE DU PARC,M12,6 113,1 496,4 617,4 965,"48,3 %","60,50","0,44","0,2 %"
PRIVÉ,590790655,CLINIQUE CHIRURGICALE ST ROCH,M12,1 954,764,1 190,0,"44,2 %","45,63","1,17","0,0 %"
PRIVÉ,590806360,CLINIQUE DE LA MITTERIE,M12,3 523,812,2 711,0,"68,8 %","51,18","1,18","0,3 %"
PRIVÉ,590811006,CENTRE D'AUTODIALYSE DE MAUBEUGE,M12,0,0,0,1 807,"73,9 %","54,77","0,00","0,0 %"
PRIVÉ,590813176,CLINIQUE DES HETRES,M12,4 042,923,3 119,185,"48,9 %","50,00","1,19","0,2 %"
PRIVÉ,590813382,SA NOUVELLE CLINIQUE VILLETTE,M12,7 608,3 005,4 603,12,"43,5 %","45,40","1,34","0,0 %"
PRIVÉ,590813507,POLYCLINIQUE VAL DE SAMBRE,M12,5 911,2 053,3 858,30,"49,1 %","52,32","1,35","0,3 %"
PRIVÉ,590813747,CENTRE D'AUTODIALYSE DE FOURMIES,M12,0,0,0,1 243,"62,6 %","59,92","0,00","0,0 %"
PRIVÉ,590815056,CLINIQUE DE FLANDRE,M12,7 353,2 155,5 198,4 846,"47,3 %","60,07","1,03","1,2 %"
PRIVÉ,590816310,CLINIQUE ST AME,M12,13 614,5 248,8 366,692,"38,2 %","46,14","1,14","0,1 %"
PRIVÉ,590817458,CLINIQUE DE LA VICTOIRE,M12,8 704,1 409,7 295,2 112,"40,5 %","53,73","0,63","0,2 %"
PRIVÉ,590817839,POLYCLINIQUE DU VAL DE LYS,M12,35,30,1 à 10,0,"28,6 %","84,26","9,03","8,6 %"
PRIVÉ,600010862,SAS CENTRE CHIRURGICAL DE CHANTILLY,M12,5 019,796,4 223,0,"44,5 %","62,05","0,43","0,0 %"
PRIVÉ,600013999,CENTRE CHIRURGICAL,M12,2 745,0,2 745,0,"43,1 %","55,30","0,00","0,0 %"
PRIVÉ,600100184,CLINIQUE LE VALOIS,M12,308,215,93,0,"44,2 %","75,33","9,01","6,2 %"
PRIVÉ,600100754,POLYCLINIQUE SAINT-COME SA,M12,24 272,9 491,14 781,19 849,"49,5 %","59,58","0,92","0,4 %"
PRIVÉ,600110175,CLINIQUE DU PARC SAINT LAZARE,M12,10 592,3 714,6 878,160,"50,8 %","55,95","0,85","0,1 %"
PRIVÉ,610006421,CLINIQUE D'ALENCON,M12,5 536,1 186,4 350,110,"47,5 %","57,64","0,35","0,0 %"
PRIVÉ,620006049,CLINIQUE DE ST OMER,M12,10 536,3 110,7 426,684,"49,1 %","53,92","0,90","0,0 %"
PRIVÉ,620024208,CLINIQUE NÉPHROLOGIQUE DE L'AUDOMAROIS,M12,0,0,0,15 264,"63,7 %","70,28","0,00","0,0 %"
PRIVÉ,620100099,HÔPITAL PRIVÉ ARRAS LES BONNETTES,M12,20 124,7 542,12 582,8 135,"43,4 %","55,47","1,16","0,6 %"
PRIVÉ,620100487,CLINIQUE DES ACACIAS,M12,4 147,1 314,2 833,260,"47,1 %","60,67","1,32","0,5 %"
PRIVÉ,620100735,POLYCLINIQUE DE L'ARTOIS,M12,12 422,5 677,6 745,3 653,"42,1 %","54,64","1,86","0,8 %"
PRIVÉ,620100750,CLINIQUE AMBROISE PARE,M12,7 321,2 087,5 234,3 757,"53,4 %","54,35","0,66","0,1 %"
PRIVÉ,620101311,CLINIQUE DES 2 CAPS,M12,12 921,4 002,8 919,2 945,"49,6 %","56,12","0,81","0,4 %"
PRIVÉ,620101501,POLYCLINIQUE DE BOIS-BERNARD SA,M12,21 135,11 835,9 300,28 810,"58,7 %","63,91","0,84","0,4 %"
PRIVÉ,620105940,POLYCLINIQUE DU TERNOIS,M12,554,544,1 à 10,91,"42,2 %","70,71","9,14","6,5 %"
PRIVÉ,620116046,SAS CLINIQUE CHIRURGICALE DES 7 VALLEES,M12,1 827,0,1 827,1 à 10,"50,8 %","54,85","0,00","0,0 %"
PRIVÉ,620118513,CENTRE MÉDICO CHIRURGICAL ET OBSTÉTRICAL COTE D'OPALE,M12,18 341,10 284,8 057,5 368,"48,0 %","55,87","1,71","1,0 %"
PRIVÉ,630005668,CENTRE D'HÉMODIALYSE AURA ARCHE,M12,0,0,0,13 079,"60,0 %","70,64","0,00","0,0 %"
PRIVÉ,630780211,POLE SANTÉ REPUBLIQUE - CLERMONT,M12,21 276,9 871,11 405,11 844,"47,2 %","60,39","1,40","0,7 %"
PRIVÉ,630780369,CLINIQUE DE LA PLAINE - CLERMONT,M12,11 072,981,10 091,1 à 10,"47,3 %","54,36","0,19","0,0 %"
PRIVÉ,630781821,CLINIQUE DU GRAND PRE - DURTOL,M12,498,497,1 à 10,0,"36,3 %","83,41","12,49","9,2 %"
PRIVÉ,630781839,CLINIQUE CHATAIGNERAIE - BEAUMONT,M12,34 882,12 109,22 773,337,"49,3 %","49,03","1,28","0,2 %"
PRIVÉ,640005336,ANTENNE D'AUTODIALYSE NEPHROCARE - ORTHEZ,M12,0,0,0,3 093,"68,3 %","70,85","0,00","0,0 %"
PRIVÉ,640016580,CENTRE DE CARDIOLOGIE DU PAYS BASQUE,M12,7 058,5 542,1 516,0,"67,5 %","70,65","2,23","1,0 %"
PRIVÉ,640018206,CLINIQUE BELHARRA,M12,29 025,13 263,15 762,6 912,"44,4 %","54,52","1,50","0,6 %"
PRIVÉ,640019220,POLYCLINIQUE MARZET - SITE DE NAVARRE,M12,10 245,3 636,6 609,148,"54,5 %","56,84","1,14","0,1 %"
PRIVÉ,640019634,GCS COTE BASQUE SUD,M12,670,666,1 à 10,0,"32,8 %","87,56","10,25","9,6 %"
PRIVÉ,640780268,CLINIQUE DELAY,M12,9 106,801,8 305,236,"44,1 %","60,21","0,31","0,2 %"
PRIVÉ,640780490,CAPIO CLINIQUE AGUILERA,M12,16 961,5 162,11 799,1 001,"49,8 %","56,40","1,12","0,6 %"
PRIVÉ,640780623,CENTRE MÉDICAL ANNIE ENIA,M12,326,323,1 à 10,0,"47,9 %","74,84","14,17","73,9 %"
PRIVÉ,640780672,CLINIQUE MARIENIA,M12,381,0,381,0,"55,1 %","51,95","0,00","0,0 %"
PRIVÉ,640780748,POLYCLINIQUE COTE BASQUE SUD,M12,13 626,3 859,9 767,2 218,"46,6 %","62,44","0,86","0,5 %"
PRIVÉ,640780938,POLYCLINIQUE PAU PYRENEES SITE MARZET,M12,1 868,1 365,503,7 802,"48,8 %","65,21","1,39","2,5 %"
PRIVÉ,640780946,POLYCLINIQUE PAU PYRENEES SITE NAVARRE,M12,17 715,7 908,9 807,297,"43,4 %","51,45","1,72","0,1 %"
PRIVÉ,640780987,CLINIQUE D'ORTHEZ,M8,1 436,404,1 032,0,"51,5 %","60,57","0,98","0,2 %"
PRIVÉ,640781225,CLINIQUE MEDICALE CARDIOLOGIQUE ARESSY,M12,5 944,3 501,2 443,34,"61,7 %","71,12","3,13","1,8 %"
PRIVÉ,640781308,CLINIQUE PRINCESS,M12,2 672,1 035,1 637,1 à 10,"33,6 %","51,48","1,70","0,0 %"
PRIVÉ,640781332,NEPHROCARE BEARN-CTRE DIALYSE DU BEARN,M12,0,0,0,30 092,"66,1 %","73,28","0,00","0,0 %"
PRIVÉ,640787156,CLINIQUE FONDATION LURO,M6,134,127,1 à 10,1 à 10,"45,8 %","83,22","10,31","8,3 %"
PRIVÉ,640789640,CENTRE D'HEMODIALYSE CLINIQUE DELAY,M12,0,0,0,20 852,"66,4 %","73,35","0,00","0,0 %"
PRIVÉ,650002579,CLINIQUE ORMEAU PYRENEES,M12,10 446,3 298,7 148,87,"53,3 %","60,19","1,27","0,2 %"
PRIVÉ,650780679,CLINIQUE ORMEAU SITE CENTRE,M12,8 644,6 126,2 518,6 758,"41,3 %","58,58","1,94","2,0 %"
PRIVÉ,660005182,AIDER UAD D'ELNE,M12,0,0,0,1 562,"63,8 %","58,03","0,00","0,0 %"
PRIVÉ,660005190,AIDER UAD DE FONT ROMEU,M12,0,0,0,498,"97,6 %","77,87","0,00","0,0 %"
PRIVÉ,660005208,AIDER UAD DU BOULOU,M12,0,0,0,1 226,"77,4 %","71,35","0,00","0,0 %"
PRIVÉ,660005216,AIDER UAD DE PERPIGNAN,M12,0,0,0,10 801,"54,3 %","63,97","0,00","0,0 %"
PRIVÉ,660006305,LA CLINIQUE MUTUALISTE CATALANE,M12,17 185,4 807,12 378,1 044,"46,6 %","60,70","0,81","0,1 %"
PRIVÉ,660780628,CLINIQUE DU VALLESPIR,M12,4 372,1 555,2 817,0,"47,3 %","66,55","1,92","1,6 %"
PRIVÉ,660780669,CLINIQUE NOTRE DAME D ESPERANCE,M12,7 116,4 757,2 359,1 à 10,"23,7 %","25,80","2,34","0,1 %"
PRIVÉ,660780776,CLINIQUE SAINT MICHEL,M12,3 673,1 552,2 121,74,"50,7 %","63,08","1,84","0,8 %"
PRIVÉ,660780784,CLINIQUE SAINT PIERRE,M12,22 412,11 851,10 561,16 433,"52,8 %","64,01","1,48","1,0 %"
PRIVÉ,660790387,POLYCLINIQUE SAINT ROCH,M12,25 943,10 051,15 892,26 459,"58,3 %","68,52","0,91","0,3 %"
PRIVÉ,670002187,CENTRE D'AUTODIALYSE DE L'AURAL STRASBOURG,M12,0,0,0,48 746,"60,0 %","62,30","0,00","0,0 %"
PRIVÉ,670013325,CENTRE AUTONOME ENDOSCOPIE DIGESTIVE,M12,4 822,0,4 822,410,"42,7 %","55,81","0,00","0,0 %"
PRIVÉ,670013341,ENDOSAV,M12,2 097,0,2 097,80,"49,6 %","57,73","0,00","0,0 %"
PRIVÉ,670013895,CENTRE D'AUTODIALYSE AURAL SAVERNE,M12,0,0,0,7 158,"59,6 %","70,41","0,00","0,0 %"
PRIVÉ,670018068,CLINIQUE RHENA GCS,M12,50 532,16 339,34 193,43,"50,6 %","54,33","1,00","0,1 %"
PRIVÉ,670780170,CLINIQUE DE L'ORANGERIE STRASB.,M12,10 642,3 434,7 208,7 812,"34,0 %","58,76","0,91","0,5 %"
PRIVÉ,670780378,CLINIQUE SAINT-FRANCOIS HAGUENAU,M12,15 066,3 082,11 984,1 218,"53,7 %","53,29","0,80","0,1 %"
PRIVÉ,670780386,CLINIQUE SAINTE ODILE HAGUENAU,M12,8 428,3 299,5 129,448,"53,5 %","60,40","1,18","0,1 %"
PRIVÉ,670795921,UNITÉ D'AUTODIALYSE AURAL HAGUENAU,M12,0,0,0,19 634,"64,1 %","69,76","0,00","0,0 %"
PRIVÉ,670799667,AURAL CLINIQUE SAINTE ANNE,M12,0,0,0,14 395,"55,3 %","67,58","0,00","0,0 %"
PRIVÉ,680000320,CLINIQUE DIACONAT FONDERIE,M12,22 476,10 876,11 600,70,"43,4 %","56,13","1,75","0,4 %"
PRIVÉ,680000338,CENTRE DE DIALYSE DIAVERUM MULHOUSE,M12,0,0,0,26 401,"61,6 %","69,92","0,00","0,0 %"
PRIVÉ,680000494,CLINIQUE DIACONAT ROOSEVELT,M12,18 866,8 036,10 830,1 142,"51,7 %","56,26","1,51","0,2 %"
PRIVÉ,680010824,UNITÉ D'AUTODIALYSE AURAL COLMAR,M12,0,0,0,19 311,"69,5 %","68,24","0,00","0,0 %"
PRIVÉ,680013778,UNITÉ D'AUTODIALYSE AURAL MULHOUSE,M12,0,0,0,19 114,"57,2 %","65,44","0,00","0,0 %"
PRIVÉ,680020088,NOUVELLE CLINIQUE DES TROIS FRONTIERES,M12,2 268,625,1 643,0,"59,0 %","54,47","0,91","0,0 %"
PRIVÉ,690022959,HÔPITAL PRIVÉ MERE ENFANT NATECIA,M12,13 231,7 777,5 454,288,"25,8 %","29,06","2,51","0,1 %"
PRIVÉ,690023239,CLINIQUE DU PARC,M12,14 352,4 281,10 071,72,"44,7 %","49,77","0,83","0,0 %"
PRIVÉ,690023411,HÔPITAL PRIVÉ JEAN MERMOZ,M12,29 843,11 482,18 361,22 494,"48,4 %","59,19","1,08","0,6 %"
PRIVÉ,690029186,ENDO LYON SUD OUEST,M12,2 313,0,2 313,0,"45,8 %","58,89","0,00","0,0 %"
PRIVÉ,690031513,NEPHROCARE RILLIEUX,M12,0,0,0,2 648,"61,3 %","66,87","0,00","0,0 %"
PRIVÉ,690041124,MEDIPOLE HÔPITAL PRIVÉ,M12,31 948,9 554,22 394,21 327,"55,6 %","63,33","0,87","0,4 %"
PRIVÉ,690042080,HÔPITAL PRIVÉ NATECIA - GYNECOLOGIE,M12,1 074,1 041,33,0,"26,8 %","16,68","3,71","0,1 %"
PRIVÉ,690043476,CLINIQUE DU PARC - CAK,M12,1 703,0,1 703,0,"39,3 %","73,94","0,00","0,0 %"
PRIVÉ,690780226,CLINIQUE DE LA PART-DIEU,M12,2 317,0,2 317,0,"44,5 %","61,46","0,00","0,0 %"
PRIVÉ,690780259,CLINIQUE SAINT-CHARLES,M12,6 825,942,5 883,0,"42,0 %","53,02","0,31","0,0 %"
PRIVÉ,690780358,CLINIQUE DU VAL D'OUEST-VENDOME,M12,24 760,10 284,14 476,1 052,"38,5 %","38,43","1,44","0,1 %"
PRIVÉ,690780366,CLINIQUE CHARCOT,M12,12 787,3 728,9 059,4 318,"41,4 %","61,12","0,87","0,6 %"
PRIVÉ,690780390,POLYCLINIQUE DE RILLIEUX,M12,11 849,5 297,6 552,1 065,"46,4 %","58,29","1,81","0,8 %"
PRIVÉ,690780499,NEPHROCARE TASSIN-CHARCOT,M12,1 à 10,1 à 10,0,38 695,"58,3 %","71,70","0,00","0,0 %"
PRIVÉ,690780648,CLINIQUE DE LA SAUVEGARDE,M12,23 913,9 275,14 638,5 986,"51,8 %","59,33","1,45","0,9 %"
PRIVÉ,690780655,HÔPITAL PRIVÉ DE L'EST LYONNAIS,M12,8 603,2 844,5 759,980,"45,5 %","56,80","1,42","1,2 %"
PRIVÉ,690780663,CLINIQUE TRENEL,M12,12 772,3 747,9 025,2 256,"51,2 %","56,03","0,86","0,3 %"
PRIVÉ,690791082,CENTRE SPECIALISE LES BRUYERES,M12,458,456,1 à 10,0,"78,2 %","45,52","6,34","0,0 %"
PRIVÉ,690793468,INFIRMERIE PROTESTANTE DE LYON,M12,22 436,8 652,13 784,6 515,"50,1 %","62,55","1,35","0,7 %"
PRIVÉ,690807367,POLYCLINIQUE DU BEAUJOLAIS,M12,14 223,5 580,8 643,2 357,"46,8 %","52,36","1,23","0,4 %"
PRIVÉ,700780174,CLINIQUE ST MARTIN,M12,2 594,598,1 996,20,"52,0 %","60,72","0,75","0,0 %"
PRIVÉ,710006859,POLYCLINIQUE DU VAL DE SAONE,M12,12 206,4 235,7 971,2 796,"47,5 %","59,94","1,17","0,4 %"
PRIVÉ,710780917,HÔPITAL PRIVÉ SAINTE MARIE,M12,15 494,4 542,10 952,13 445,"52,2 %","64,79","0,89","0,5 %"
PRIVÉ,710781410,CLINIQUE DU PARC,M12,3 272,1 179,2 093,0,"49,1 %","61,09","1,41","0,1 %"
PRIVÉ,710781824,CENTRE ORTHOPEDIQUE MEDICO-CHIR,M12,4 282,2 197,2 085,1 à 10,"53,4 %","55,95","2,04","0,0 %"
PRIVÉ,720000199,CLINIQUE DU PRE,M12,21 584,8 219,13 365,189,"54,6 %","58,38","1,62","0,2 %"
PRIVÉ,720000231,CLINIQUE DU TERTRE ROUGE,M12,6 526,4 709,1 817,34,"16,3 %","26,78","2,64","0,1 %"
PRIVÉ,720000249,CLINIQUE VICTOR HUGO,M12,1 642,1 246,396,16 902,"47,7 %","64,97","0,55","1,0 %"
PRIVÉ,720003441,CENTRE DIALYSE ECHO LE MANS CH,M12,0,0,0,10 044,"60,5 %","71,19","0,00","0,0 %"
PRIVÉ,720017748,CENTRE MÉDICO-CHIRURGICAL DU MANS,M12,30 764,14 074,16 690,726,"52,3 %","59,78","2,17","0,9 %"
PRIVÉ,720017839,CENTRE DIALYSE ECHO LE MANS PSS,M12,0,0,0,16 522,"56,5 %","72,34","0,00","0,0 %"
PRIVÉ,730004298,HÔPITAL PRIVÉ MEDIPOLE DE SAVOIE,M12,26 721,8 424,18 297,7 118,"46,5 %","57,01","0,91","0,5 %"
PRIVÉ,730012499,GCS CLINIQUE HERBERT,M12,3 124,1 264,1 860,0,"47,9 %","58,90","1,40","0,2 %"
PRIVÉ,740014345,HÔPITAL PRIVÉ PAYS DE SAVOIE,M12,23 282,8 941,14 341,2 493,"45,9 %","49,28","1,38","0,5 %"
PRIVÉ,740780416,CLINIQUE DU LAC ET D'ARGONAY,M12,12 706,5 989,6 717,593,"52,8 %","54,16","1,41","0,2 %"
PRIVÉ,740780424,CLINIQUE GENERALE ANNECY,M12,19 453,8 195,11 258,3 877,"43,1 %","50,76","1,23","0,6 %"
PRIVÉ,750047318,CENTRE DIAVERUM PARIS SAINT MAUR,M12,0,0,0,11 886,"61,7 %","56,90","0,00","0,0 %"
PRIVÉ,750300014,SA CLINIQUE DU LOUVRE,M12,11 925,772,11 153,38,"43,4 %","52,72","0,09","0,0 %"
PRIVÉ,750300071,CLINIQUE GEOFFROY ST HILAIRE,M12,19 430,4 222,15 208,188,"39,9 %","57,72","0,91","0,1 %"
PRIVÉ,750300089,CLINIQUE DU SPORT,M12,5 185,1 925,3 260,0,"61,6 %","43,31","0,96","0,0 %"
PRIVÉ,750300097,INSTITUT ARTHUR VERNES,M12,3 891,511,3 380,0,"44,6 %","53,97","0,14","0,0 %"
PRIVÉ,750300121,FOND ST JEAN DE DIEU CLINIQUE OUDINOT,M12,11 022,2 453,8 569,4 416,"30,2 %","56,46","0,41","0,0 %"
PRIVÉ,750300139,CLINIQUE DE L ALMA,M12,9 303,3 113,6 190,13 741,"55,4 %","64,02","0,33","0,1 %"
PRIVÉ,750300154,CLINIQUE TURIN,M12,18 912,6 632,12 280,28 094,"59,7 %","62,49","0,35","0,0 %"
PRIVÉ,750300360,HÔPITAL PRIVÉ DES PEUPLIERS,M12,26 835,6 979,19 856,2 452,"49,5 %","54,45","0,62","0,1 %"
PRIVÉ,750300410,CLINIQUE JEANNE D'ARC,M12,4 832,2 206,2 626,23,"33,6 %","45,04","2,27","0,8 %"
PRIVÉ,750300493,CLINIQUE ARAGO,M12,4 490,2 927,1 563,1 à 10,"45,2 %","59,16","2,80","0,0 %"
PRIVÉ,750300550,CLINIQUE SAINTE GENEVIEVE,M12,7 605,827,6 778,1 à 10,"37,0 %","55,82","0,13","0,0 %"
PRIVÉ,750300592,CLINIQUE BLOMET,M12,7 497,1 579,5 918,0,"45,8 %","47,72","0,39","0,0 %"
PRIVÉ,750300667,MATERNITE SAINTE FELICITE,M12,6 429,6 346,83,12,"24,8 %","17,37","4,78","0,1 %"
PRIVÉ,750300741,CLINIQUE VICTOR HUGO,M12,6 245,351,5 894,1 à 10,"39,9 %","48,98","0,06","0,0 %"
PRIVÉ,750300766,CLINIQUE BIZET,M12,11 234,4 258,6 976,4 245,"41,3 %","56,99","1,48","0,7 %"
PRIVÉ,750300774,CLINIQUE JOUVENET,M12,10 013,2 104,7 909,0,"42,2 %","61,07","0,70","0,0 %"
PRIVÉ,750300840,CLINIQUE DE LA MUETTE,M12,10 903,3 954,6 949,31,"20,9 %","43,77","0,97","0,0 %"
PRIVÉ,750300857,CLINIQUE REMUSAT,M12,2 381,419,1 962,0,"44,3 %","46,50","0,34","0,0 %"
PRIVÉ,750300881,CLINIQUE DU TROCADERO,M12,12 115,2 422,9 693,1 à 10,"38,3 %","49,01","0,35","0,0 %"
PRIVÉ,750300915,CLINIQUE INTERNATIONALE PARC MONCEAU,M12,10 018,3 033,6 985,17 130,"53,3 %","60,58","0,25","0,0 %"
PRIVÉ,750300931,CLINIQUE SAINTE-THERESE,M12,3 260,2 503,757,37,"20,4 %","22,37","2,77","0,0 %"
PRIVÉ,750301137,CLINIQUE ALLERAY LABROUSTE,M12,8 603,3 457,5 146,1 à 10,"52,0 %","62,45","2,14","0,9 %"
PRIVÉ,750301145,CLINIQUE DU MONT LOUIS,M12,17 716,4 322,13 394,46,"44,8 %","52,85","1,09","0,5 %"
PRIVÉ,750301160,CLINIQUE DES MAUSSINS,M12,6 464,2 170,4 294,59,"56,8 %","45,87","1,22","0,0 %"
PRIVÉ,750790164,CLINIQUE ROOSEVELT,M12,134,0,134,0,"61,2 %","70,31","0,00","0,0 %"
PRIVÉ,750829053,CENTRE D'AUTODIALYSE CLINIQUE ALMA,M12,0,0,0,3 562,"75,4 %","54,15","0,00","0,0 %"
PRIVÉ,750831067,CENTRE DIAVERUM PARIS MONT LOUIS,M12,0,0,0,17 375,"72,0 %","65,36","0,00","0,0 %"
PRIVÉ,760021329,HÔPITAL PRIVÉ DE L'ESTUAIRE,M12,24 970,12 167,12 803,29 137,"51,9 %","65,49","1,12","0,6 %"
PRIVÉ,760025312,CLINIQUE MATHILDE,M12,31 556,10 623,20 933,3 805,"39,8 %","50,65","1,13","0,3 %"
PRIVÉ,760027292,POLYCLINIQUE MEGIVAL,M12,7 502,2 532,4 970,1 817,"49,6 %","60,38","1,25","0,6 %"
PRIVÉ,760780205,CLINIQUE SAINT ANTOINE,M12,3 463,1 221,2 242,0,"33,2 %","44,55","1,05","0,0 %"
PRIVÉ,760780510,CLINIQUE DU CEDRE,M12,16 697,6 311,10 386,1 534,"52,9 %","59,35","1,24","0,3 %"
PRIVÉ,760780619,CLINIQUE SAINT HILAIRE,M12,21 686,9 146,12 540,8 047,"46,2 %","61,88","1,06","0,6 %"
PRIVÉ,760780668,CLINIQUE HEMERA PAYS DE CAUX,M12,4 057,0,4 057,77,"37,9 %","58,38","0,00","0,0 %"
PRIVÉ,760780783,CLINIQUE TOUS VENTS,M12,3 427,1 073,2 354,56,"47,7 %","58,34","1,34","0,4 %"
PRIVÉ,760780791,CLINIQUE DES ORMEAUX,M12,10 332,3 867,6 465,5 914,"49,0 %","57,06","0,92","0,8 %"
PRIVÉ,760780825,CLINIQUE DE L'ABBAYE,M12,3 764,1 268,2 496,0,"50,3 %","56,19","1,02","0,1 %"
PRIVÉ,760783159,CLINIQUE DES ESSARTS,M12,752,751,1 à 10,0,"77,3 %","45,30","5,19","0,1 %"
PRIVÉ,760921809,CLINIQUE DE L'EUROPE,M12,17 740,7 689,10 051,21 085,"50,5 %","64,17","0,90","0,2 %"
PRIVÉ,770016087,CENTRE DIALYSE DIAVERUM MONTEREAU,M12,0,0,0,12 871,"57,6 %","74,84","0,00","0,0 %"
PRIVÉ,770020055,CENTRE NEPHROCARE MARNE LA VALLEE,M12,1 à 10,1 à 10,0,36 154,"57,5 %","66,80","0,00","0,0 %"
PRIVÉ,770300010,HÔPITAL PRIVÉ DE MARNE CHANTEREINE,M12,9 834,3 484,6 350,1 228,"49,4 %","54,69","2,71","1,5 %"
PRIVÉ,770300135,CLINIQUE MÉDICO-CHIRURGICALE LES FONTAINES,M12,10 035,4 233,5 802,81,"56,5 %","60,94","1,60","0,5 %"
PRIVÉ,770300143,POLYCLINIQUE SAINT JEAN,M12,13 732,3 576,10 156,5 230,"50,4 %","57,27","0,75","0,4 %"
PRIVÉ,770300192,CLINIQUE ST BRICE,M12,1 178,242,936,13,"45,9 %","55,37","0,41","0,1 %"
PRIVÉ,770790707,CLINIQUE DE TOURNAN,M12,9 095,3 720,5 375,11 904,"56,3 %","61,41","0,85","0,2 %"
PRIVÉ,770809028,CENTRE DIALYSE DIAVERUM AVON,M12,0,0,0,9 824,"59,8 %","64,60","0,00","0,0 %"
PRIVÉ,770813400,CLINIQUE SAINT FARON,M12,7 831,2 031,5 800,1 936,"44,7 %","59,27","0,90","1,6 %"
PRIVÉ,780018727,CLINIQUE SAINT GERMAIN,M12,7 116,3 212,3 904,10 749,"53,0 %","61,15","0,84","0,4 %"
PRIVÉ,780022737,POLYCLINIQUE DE MAISONS LAFFITTE,M12,846,777,69,1 à 10,"40,4 %","77,89","14,22","10,1 %"
PRIVÉ,780300075,CENTRE CARDIOLOGIQUE D EVECQUEMONT,M12,3 853,3 689,164,1 à 10,"62,4 %","67,28","4,42","1,7 %"
PRIVÉ,780300125,POLYCLINIQUE LA REGION MANTAISE,M12,8 954,2 027,6 927,77,"53,7 %","51,88","1,06","0,3 %"
PRIVÉ,780300208,CLINIQUE SAINT LOUIS,M12,9 949,3 254,6 695,154,"45,6 %","43,12","1,36","0,3 %"
PRIVÉ,780300323,CLINIQUE DES FRANCISCAINES,M12,19 426,7 131,12 295,1 à 10,"46,5 %","49,56","1,39","0,1 %"
PRIVÉ,780300406,CENTRE MÉDICO-CHIRURGICAL DE PARLY II,M12,19 653,8 011,11 642,1 à 10,"47,1 %","56,65","1,88","0,4 %"
PRIVÉ,780300414,CENTRE MÉDICO-CHIRURGICAL EUROPE,M12,16 766,6 325,10 441,20 193,"52,5 %","64,86","1,21","0,9 %"
PRIVÉ,780300422,HÔPITAL PRIVÉ OUEST,M12,25 288,8 422,16 866,19 449,"58,7 %","58,09","0,87","0,3 %"
PRIVÉ,780300455,CH PRIVÉ DU MONTGARDE,M12,11 072,1 978,9 094,105,"55,7 %","50,16","0,72","0,4 %"
PRIVÉ,790009948,POLYCLINIQUE INKERMANN,M12,14 492,5 949,8 543,318,"48,5 %","59,07","1,78","0,5 %"
PRIVÉ,800002503,SA SAINTE ISABELLE,M12,7 564,2 348,5 216,18 234,"61,8 %","65,90","0,29","0,0 %"
PRIVÉ,800009466,POLYCLINIQUE DE PICARDIE,M12,12 372,4 032,8 340,13,"53,2 %","54,27","1,23","0,2 %"
PRIVÉ,800009920,SA CLINIQUE VICTOR PAUCHET,M12,24 661,12 612,12 049,1 012,"37,4 %","47,21","2,12","0,8 %"
PRIVÉ,800013179,SAS CLINIQUE DE L'EUROPE,M12,5 502,2 493,3 009,10 102,"45,0 %","62,15","0,54","0,6 %"
PRIVÉ,800015729,SAS CARDIOLOGIE ET URGENCES,M12,5 783,3 497,2 286,0,"56,0 %","64,72","1,88","0,8 %"
PRIVÉ,800018491,CCO SOPP AMIENS,M12,3 277,0,3 277,0,"42,5 %","70,48","0,00","0,0 %"
PRIVÉ,810000224,CENTRE MÉDICO CHIRURGICAL ET OBSTÉTRICAL CLAUDE BERNARD,M12,18 037,9 947,8 090,31 289,"56,1 %","69,20","1,05","0,7 %"
PRIVÉ,810101170,CLINIQUE TOULOUSE LAUTREC,M12,8 784,3 499,5 285,288,"57,0 %","62,70","1,08","0,1 %"
PRIVÉ,810101444,CLINIQUE DU SIDOBRE,M12,9 676,4 265,5 411,238,"51,7 %","62,21","1,70","0,4 %"
PRIVÉ,820000040,CLINIQUE CROIX SAINT MICHEL,M12,9 710,4 405,5 305,383,"38,7 %","47,50","1,90","0,6 %"
PRIVÉ,820000057,CLINIQUE DU PONT DE CHAUME,M12,19 429,11 580,7 849,24 600,"54,7 %","65,90","1,20","0,8 %"
PRIVÉ,820000065,CLINIQUE DU DOCTEUR CAVE,M12,8 269,568,7 701,0,"48,9 %","63,79","0,09","0,0 %"
PRIVÉ,830012548,CENTRE D'HEMODIALYSE DE L'AVODD,M12,0,0,0,26 380,"66,2 %","72,31","0,00","0,0 %"
PRIVÉ,830012688,CENTRE NÉPHROLOGIQUE LES FLEURS,M12,0,0,0,20 014,"62,6 %","74,81","0,00","0,0 %"
PRIVÉ,830013819,UDM STE ANNE TOULON,M12,0,0,0,8 438,"60,6 %","76,99","0,00","0,0 %"
PRIVÉ,830017505,CENTRE DE DIALYSE DE L'AVODD,M12,0,0,0,16 117,"64,5 %","74,16","0,00","0,0 %"
PRIVÉ,830100103,CLINIQUE STE MARGUERITE,M12,11 788,3 060,8 728,17 640,"57,0 %","66,73","0,48","0,4 %"
PRIVÉ,830100251,CLINIQUE DU CAP D'OR,M12,9 318,3 497,5 821,4 447,"46,0 %","62,64","1,27","1,4 %"
PRIVÉ,830100319,POLYCLINIQUE LES FLEURS,M12,16 086,8 224,7 862,110,"60,7 %","66,68","2,22","1,1 %"
PRIVÉ,830100327,CLINIQUE LES LAURIERS,M12,7 390,1 392,5 998,94,"48,3 %","59,23","0,49","0,0 %"
PRIVÉ,830100368,CLINIQUE CHIRURGICALE DU GOLFE DE SAINT TROPEZ,M12,5 227,1 524,3 703,85,"51,0 %","59,67","1,08","0,2 %"
PRIVÉ,830100392,POLYCLINIQUE NOTRE DAME,M12,10 573,4 112,6 461,199,"56,7 %","64,34","1,66","0,4 %"
PRIVÉ,830100418,CLINIQUE NOTRE DAME DE LA MERCI,M12,5 256,983,4 273,1 à 10,"47,3 %","60,42","0,47","0,0 %"
PRIVÉ,830100434,CLINIQUE SAINT JEAN,M12,23 233,7 208,16 025,5 862,"40,7 %","50,18","1,00","0,4 %"
PRIVÉ,830100459,CLINIQUE SAINT MICHEL,M12,13 162,2 682,10 480,192,"45,6 %","59,59","0,54","0,0 %"
PRIVÉ,830100475,CLINIQUE SAINT ROCH,M12,5 177,1 484,3 693,40,"44,3 %","54,29","0,98","0,0 %"
PRIVÉ,830100855,CENTRE DE GÉRONTOLOGIE ST.FRANCOIS,M12,916,915,1 à 10,0,"38,6 %","83,00","10,86","2,8 %"
PRIVÉ,830213617,A.V.O.D.D.-AUTODIALYSE BRIGNOLES,M12,0,0,0,6 516,"68,2 %","73,73","0,00","0,0 %"
PRIVÉ,830213625,A.V.O.D.D.-AUTODIALYSE TOULON,M12,0,0,0,2 726,"65,9 %","70,59","0,00","0,0 %"
PRIVÉ,830215687,DIAVERUM DRAGUIGNAN CENTRE DE DIALYSE,M12,0,0,0,24 532,"63,6 %","71,24","0,00","0,0 %"
PRIVÉ,840000285,POLYCLINIQUE URBAIN V,M12,10 231,4 809,5 422,95,"24,2 %","42,95","1,51","0,0 %"
PRIVÉ,840000327,CLINIQUE DU DR MONTAGARD,M12,1 949,1 291,658,1 à 10,"47,7 %","57,55","2,40","0,2 %"
PRIVÉ,840000400,SYNERGIA LUBERON,M12,6 751,1 678,5 073,1 à 10,"48,3 %","59,41","0,74","0,1 %"
PRIVÉ,840000467,CAPIO CLINIQUE D'ORANGE,M12,7 581,1 480,6 101,100,"46,4 %","57,29","0,57","0,0 %"
PRIVÉ,840011043,CENTRE D'HEMODIALYSE DE L'ATIR,M12,0,0,0,30 724,"63,2 %","69,56","0,00","0,0 %"
PRIVÉ,840012538,ATIR AUTODIALYSE ISLE SUR SORGUE,M12,0,0,0,593,"59,4 %","55,08","0,00","0,0 %"
PRIVÉ,840013312,CLINIQUE RHONE DURANCE,M12,11 142,7 836,3 306,808,"68,1 %","66,95","2,18","0,6 %"
PRIVÉ,840013445,CLINIQUE FONTVERT ST FRANCOIS,M12,16 921,1 459,15 462,127,"50,0 %","53,20","0,18","0,0 %"
PRIVÉ,840017172,SYNERGIA VENTOUX,M12,9 094,2 862,6 232,127,"51,4 %","58,10","1,13","0,2 %"
PRIVÉ,840017222,ATIR CENTRE D'HÉMODIALYSE,M12,0,0,0,19 086,"68,2 %","70,74","0,00","0,0 %"
PRIVÉ,840017461,HEMODIALYSE ATIR CH ORANGE,M12,0,0,0,17 191,"58,2 %","72,10","0,00","0,0 %"
PRIVÉ,840018774,ATIR UNITE DIALYSE MEDIC CAVAILLON,M12,0,0,0,6 541,"70,2 %","71,30","0,00","0,0 %"
PRIVÉ,850000118,CLINIQUE SAINT CHARLES,M12,19 090,6 212,12 878,1 à 10,"46,0 %","53,05","1,25","0,4 %"
PRIVÉ,850000126,CLINIQUE SUD VENDEE,M12,7 798,2 184,5 614,15,"49,1 %","59,92","0,97","0,2 %"
PRIVÉ,850000134,CLINIQUE CHIRURGICALE PORTE OCEANE,M12,9 179,3 303,5 876,0,"50,4 %","62,33","1,46","0,3 %"
PRIVÉ,850009333,DIALYSE ECHO LA ROCHE SUR YON,M12,0,0,0,12 297,"51,7 %","68,63","0,00","0,0 %"
PRIVÉ,850011271,DIALYSE ECHO CHALLANS,M12,0,0,0,7 209,"75,7 %","71,33","0,00","0,0 %"
PRIVÉ,850022047,DIALYSE ECHO ILE D'YEU,M12,0,0,0,532,"75,8 %","67,45","0,00","0,0 %"
PRIVÉ,850023151,DIALYSE ECHO FONTENAY LE COMTE,M12,0,0,0,4 746,"57,9 %","71,18","0,00","0,0 %"
PRIVÉ,850025156,CENTRE DIALYSE ECHO OLONNES SUR MER,M12,0,0,0,10 320,"60,9 %","72,52","0,00","0,0 %"
PRIVÉ,860010321,POLYCLINIQUE DE POITIERS,M12,19 804,7 114,12 690,297,"53,0 %","55,71","1,31","0,2 %"
PRIVÉ,860780311,CLINIQUE DE CHATELLERAULT,M12,6 245,1 594,4 651,15,"46,1 %","59,40","1,13","0,2 %"
PRIVÉ,860780568,CLINIQUE FIEF DE GRIMOIRE,M12,7 201,3 381,3 820,80,"26,1 %","47,50","1,34","0,0 %"
PRIVÉ,870000080,UNITÉ DE DIALYSE LIMOGES BUISSON,M12,0,0,0,13 089,"64,4 %","71,13","0,00","0,0 %"
PRIVÉ,870000288,CLINIQUE FRANÇOIS CHENIEUX,M12,35 732,15 978,19 754,10 459,"49,2 %","63,73","1,74","0,9 %"
PRIVÉ,870000411,CLINIQUE EMAILLEURS-COLOMBIER LIMOGES,M12,10 559,6 240,4 319,87,"37,1 %","45,74","2,28","0,2 %"
PRIVÉ,880788591,POLYCLINIQUE LA LIGNE BLEUE,M12,15 290,7 748,7 542,19 614,"55,8 %","61,85","0,90","0,1 %"
PRIVÉ,890000169,CLINIQUE PAUL PICQUET SENS,M12,12 037,3 141,8 896,1 576,"48,1 %","57,09","0,94","0,3 %"
PRIVÉ,890002389,POLYCLINIQUE STE MARGUERITE AUXERRE,M12,9 930,2 474,7 456,1 509,"52,5 %","61,53","1,09","0,6 %"
PRIVÉ,900000035,HÔPITAL PRIVÉ DE LA MIOTTE,M12,8 951,1 657,7 294,1 à 10,"47,4 %","56,75","0,57","0,0 %"
PRIVÉ,910002609,CENTRE D'HEMODIALYSE D'ATHIS,M12,0,0,0,12 308,"51,4 %","69,64","0,00","0,0 %"
PRIVÉ,910009349,CENTRE D'HEMODIALYSE D ETAMPES,M12,0,0,0,16 687,"66,0 %","71,70","0,00","0,0 %"
PRIVÉ,910015965,CLINIQUE LE MOULIN DE VIRY,M12,316,315,1 à 10,0,"30,1 %","84,03","15,32","4,7 %"
PRIVÉ,910022037,UDM NEPHROCARE ILE DE FRANCE,M12,0,0,0,3 477,"59,8 %","63,71","0,00","0,0 %"
PRIVÉ,910300011,CLINIQUE DES CHARMILLES,M12,11 640,1 695,9 945,208,"47,3 %","50,82","0,39","0,1 %"
PRIVÉ,910300029,HÔPITAL D ATHIS MONS SITE JULES VALLES,M12,918,910,1 à 10,0,"42,7 %","82,34","7,95","5,4 %"
PRIVÉ,910300060,CLINIQUE GERIATRIQUE LES VALLEES,M12,178,178,0,0,"41,0 %","86,11","13,48","6,2 %"
PRIVÉ,910300144,CENTRE MÉDICO-CHIRURGICAL ET OBST,M12,14 592,5 760,8 832,32 651,"53,2 %","59,43","0,56","0,2 %"
PRIVÉ,910300177,CLINIQUE DE L'YVETTE,M12,15 356,5 726,9 630,12,"45,3 %","46,96","1,38","0,1 %"
PRIVÉ,910300219,HÔPITAL PRIVÉ JACQUES CARTIER,M12,18 984,9 711,9 273,17 180,"61,0 %","66,13","1,75","0,7 %"
PRIVÉ,910300300,HÔPITAL PRIVÉ DU VAL D'YERRES,M12,6 393,3 229,3 164,1 627,"50,3 %","62,25","3,42","2,4 %"
PRIVÉ,910300326,CLINIQUE PASTEUR,M12,746,695,51,3 850,"40,1 %","65,79","0,62","1,3 %"
PRIVÉ,910300359,HÔPITAL PRIVÉ D ATHIS MONS,M12,3 544,0,3 544,30,"49,4 %","44,17","0,00","0,0 %"
PRIVÉ,910803543,CH PRIVÉ CLAUDE GALIEN,M12,21 834,9 027,12 807,19 493,"53,8 %","57,34","1,20","0,6 %"
PRIVÉ,910805357,CLINIQUE DE L ESSONNE,M12,12 063,2 814,9 249,254,"48,1 %","39,48","0,78","0,1 %"
PRIVÉ,910813963,UNITÉ D'AUTODIALYSE DE BIEVRES,M12,0,0,0,8 145,"55,6 %","58,86","0,00","0,0 %"
PRIVÉ,920008539,HÔPITAL AMERICAIN 2,M12,13,13,0,10 688,"57,5 %","70,68","0,02","0,0 %"
PRIVÉ,920300043,HÔPITAL PRIVÉ D ANTONY,M12,40 712,18 553,22 159,27 142,"48,6 %","56,05","1,44","0,7 %"
PRIVÉ,920300183,CENTRE CHIRURGICAL DES PRINCES,M12,11 428,720,10 708,0,"39,6 %","52,91","0,10","0,0 %"
PRIVÉ,920300191,C.C.B.B. MARCEL SEMBAT,M12,8 815,1 632,7 183,33,"62,4 %","29,74","0,47","0,0 %"
PRIVÉ,920300266,CLINIQUE DU PLATEAU,M12,1 538,1 099,439,131,"41,1 %","73,93","3,68","7,7 %"
PRIVÉ,920300365,CLINIQUE LA MONTAGNE,M12,9 043,1 295,7 748,0,"50,5 %","44,62","0,29","0,0 %"
PRIVÉ,920300415,CLINIQUE LAMBERT,M12,7 803,2 771,5 032,19 904,"50,9 %","62,79","0,51","0,3 %"
PRIVÉ,920300597,CLINIQUE DE MEUDON LA FORET,M12,13 977,4 147,9 830,2 834,"48,1 %","58,65","1,41","0,9 %"
PRIVÉ,920300712,CENTRE CHIRURGICAL P. CHEREST,M12,8 622,957,7 665,1 à 10,"34,6 %","56,54","0,15","0,0 %"
PRIVÉ,920300753,CENTRE CHIRURGICAL AMBROISE PARE,M12,14 499,10 511,3 988,11 273,"61,8 %","69,37","1,90","0,5 %"
PRIVÉ,920300761,CLINIQUE HARTMANN,M12,11 916,3 351,8 565,10 444,"35,5 %","55,40","0,71","0,5 %"
PRIVÉ,920300787,HÔPITAL AMERICAIN,M12,12 403,5 786,6 617,1 610,"42,2 %","54,60","2,36","1,4 %"
PRIVÉ,920300837,CLINIQUE LES MARTINETS,M12,7 680,599,7 081,13 213,"59,1 %","63,25","0,07","0,0 %"
PRIVÉ,920300936,CENTRE CHIRURGICAL VAL D'OR,M12,5 514,2 790,2 724,13,"52,4 %","59,72","3,44","1,6 %"
PRIVÉ,920301033,CENTRE CANCEROLOGIE DE LA PORTE ST CLOUD,M12,220,220,0,5 990,"31,2 %","61,63","0,12","0,0 %"
PRIVÉ,920811775,UNITÉ D'AUTODIALYSE DE SURESNES,M12,0,0,0,10 729,"74,8 %","60,53","0,00","0,0 %"
PRIVÉ,930014428,CENTRE DE DIALYSE DE L'ESTREE,M12,0,0,0,11 008,"53,6 %","70,77","0,00","0,0 %"
PRIVÉ,930022603,CENTRE DE DIALYSE DE MONTFERMEIL,M12,0,0,0,10 724,"59,9 %","67,26","0,00","0,0 %"
PRIVÉ,930300025,HÔPITAL EUROPEEN LA ROSERAIE,M12,12 677,7 376,5 301,20 342,"60,5 %","60,98","1,32","0,7 %"
PRIVÉ,930300066,HÔPITAL PRIVÉ DE L EST PARISIEN,M12,11 433,4 123,7 310,38 011,"58,9 %","66,90","0,42","0,2 %"
PRIVÉ,930300082,CENTRE CHIRURGICAL FLOREAL,M12,12 978,3 496,9 482,2 562,"54,2 %","50,40","1,41","0,7 %"
PRIVÉ,930300116,HÔPITAL PRIVÉ DE SEINE ST DENIS,M12,17 790,8 753,9 037,2 072,"40,1 %","39,02","2,19","0,5 %"
PRIVÉ,930300264,CLINIQUE LES LILAS,M12,3 444,594,2 850,0,"53,2 %","45,17","0,59","0,1 %"
PRIVÉ,930300298,POLYCLINIQUE VAUBAN,M12,9 841,3 275,6 566,1 à 10,"42,0 %","37,80","1,18","0,0 %"
PRIVÉ,930300553,CLINIQUE DE L'ESTREE,M12,19 211,8 466,10 745,1 937,"43,0 %","41,72","2,26","1,0 %"
PRIVÉ,930300587,CLINIQUE DU LANDY,M12,5 885,848,5 037,19 413,"49,0 %","65,07","0,17","0,0 %"
PRIVÉ,930300595,CLINIQUE DU VERT GALANT,M12,12 070,3 431,8 639,20 304,"55,3 %","62,29","0,65","0,5 %"
PRIVÉ,930300645,CENTRE CARDIOLOGIQUE DU NORD,M12,14 899,9 577,5 322,13,"61,0 %","65,35","3,68","1,4 %"
PRIVÉ,930817333,DIAVERUM SAINT DENIS- CTRE HEMODIALYSE,M12,0,0,0,38 018,"62,1 %","60,26","0,00","0,0 %"
PRIVÉ,940000078,UNITÉ D'AUTODIALYSE DE CRETEIL,M12,0,0,0,14 524,"67,9 %","57,07","0,00","0,0 %"
PRIVÉ,940006679,HÔPITAL PRIVÉ DE MARNE-LA-VALLÉE,M12,14 451,6 208,8 243,14 254,"52,5 %","52,31","0,83","0,1 %"
PRIVÉ,940300031,HÔPITAL PRIVÉ PAUL D'EGINE,M12,20 751,5 596,15 155,18 832,"55,0 %","60,02","0,75","0,4 %"
PRIVÉ,940300163,CLINIQUE LES TOURNELLES,M12,298,298,0,0,"32,6 %","88,18","14,85","9,4 %"
PRIVÉ,940300270,HÔPITAL PRIVÉ ARMAND BRILLARD,M12,18 076,9 240,8 836,16 910,"49,3 %","56,25","1,08","0,4 %"
PRIVÉ,940300379,CLINIQUE GASTON METIVET,M12,9 796,3 896,5 900,45,"40,8 %","49,68","1,76","0,4 %"
PRIVÉ,940300445,CLINIQUE DU SUD,M12,6 337,1 999,4 338,20 301,"63,0 %","64,43","0,48","0,3 %"
PRIVÉ,940300452,CLINIQUE MEDICALE DE DIETETIQUE,M12,1 588,1 588,0,0,"22,5 %","51,53","3,76","0,1 %"
PRIVÉ,940300494,POLYCLINIQUE DE VILLENEUVE ST GEORGES,M12,6 256,2 106,4 150,32 554,"60,7 %","63,93","0,43","0,1 %"
PRIVÉ,940300551,HÔPITAL PRIVÉ DE VITRY SITE NORIETS,M12,4 924,3 197,1 727,74,"22,5 %","32,04","2,21","0,2 %"
PRIVÉ,940300569,HÔPITAL PRIVÉ DE VITRY SITE PASTEUR,M12,7 782,3 438,4 344,0,"53,6 %","51,22","2,95","1,1 %"
PRIVÉ,940813017,UNITÉ D'AUTODIALYSE DE VILLEJUIF,M12,0,0,0,15 548,"60,6 %","56,42","0,00","0,0 %"
PRIVÉ,940813033,CLINIQUE DE BERCY,M12,13 552,2 186,11 366,493,"43,4 %","48,36","0,32","0,0 %"
PRIVÉ,950032714,CLINIQUE AMBULATOIRE DE DOMONT,M12,9 908,0,9 908,1 à 10,"44,7 %","54,35","0,00","0,0 %"
PRIVÉ,950300095,POLYCLINIQUE DU PLATEAU,M12,5 647,1 330,4 317,22 165,"52,7 %","65,05","0,32","0,1 %"
PRIVÉ,950300152,CLINIQUE MIRABEAU,M12,258,257,1 à 10,0,"42,2 %","79,91","16,12","14,0 %"
PRIVÉ,950300202,CLINIQUE CONTI,M12,15 513,4 120,11 393,98,"47,6 %","46,84","0,91","0,1 %"
PRIVÉ,950300244,CH PRIVÉ SAINTE MARIE,M12,20 674,4 145,16 529,6 032,"47,2 %","54,76","0,82","0,5 %"
PRIVÉ,950300277,HÔPITAL PRIVÉ NORD PARISIEN,M12,16 202,6 086,10 116,28 667,"54,1 %","57,49","0,68","0,2 %"
PRIVÉ,950300301,CLINIQUE MEDICALE DU PARC ST OUEN,M12,651,508,143,266,"48,3 %","61,30","6,41","24,3 %"
PRIVÉ,950300350,CLINIQUE DU PARISIS,M1,1 à 10,1 à 10,0,254,"60,3 %","71,55","0,37","0,4 %"
PRIVÉ,950807982,CLINIQUE CLAUDE BERNARD,M12,28 818,9 504,19 314,23 629,"52,9 %","57,12","0,70","0,2 %"
PRIVÉ,970100012,POLYCLINIQUE DE LA GUADELOUPE,M12,9 434,4 680,4 754,1 à 10,"35,9 %","52,48","1,66","0,0 %"
PRIVÉ,970100020,CENTRE MEDICO-SOCIAL,M12,7 956,1 819,6 137,224,"33,1 %","59,17","0,80","0,7 %"
PRIVÉ,970100137,POLYCLINIQUE SAINT-CHRISTOPHE,M12,687,388,299,19,"39,0 %","66,96","2,44","1,1 %"
PRIVÉ,970102596,CLINIQUE DE CHOISY,M12,1 660,566,1 094,51 344,"54,1 %","67,64","0,04","0,0 %"
PRIVÉ,970103099,CLINIQUE LES NOUVELLES EAUX-MARINES,M12,401,398,1 à 10,0,"38,4 %","74,00","6,35","0,0 %"
PRIVÉ,970107249,CLINIQUE LES EAUX CLAIRES,M12,22 586,8 678,13 908,261,"39,0 %","51,01","1,39","0,2 %"
PRIVÉ,970107454,A.U.D.R.A.,M12,0,0,0,37 607,"60,9 %","63,88","0,00","0,0 %"
PRIVÉ,970111571,EAUX VIVES DIALYSE,M12,0,0,0,17 094,"48,3 %","71,42","0,00","0,0 %"
PRIVÉ,970111662,GGCO,M12,0,0,0,4 278,"31,8 %","62,09","0,00","0,0 %"
PRIVÉ,970111688,GGCO,M12,0,0,0,689,"53,6 %","64,17","0,00","0,0 %"
PRIVÉ,970202313,CLINIQUE SAINT PAUL,M12,17 757,5 147,12 610,0,"38,9 %","55,50","1,29","0,2 %"
PRIVÉ,970203774,STEER SARL,M12,0,0,0,21 751,"55,1 %","61,89","0,00","0,0 %"
PRIVÉ,970209219,E.T.E.E.R.,M12,0,0,0,12 150,"62,5 %","70,39","0,00","0,0 %"
PRIVÉ,970302055,HÔPITAL PRIVÉ SAINT-GABRIEL,M12,3 677,1 133,2 544,9 765,"62,1 %","57,06","0,30","0,0 %"
PRIVÉ,970302071,CLINIQUE SAINT-PAUL,M12,71,71,0,0,"49,3 %","67,41","4,01","0,0 %"
PRIVÉ,970403705,UDM,M12,0,0,0,6 679,"38,8 %","57,98","0,00","0,0 %"
PRIVÉ,970403721,UAD-UDM,M12,0,0,0,15 525,"45,0 %","63,45","0,00","0,0 %"
PRIVÉ,970403747,UAD,M12,0,0,0,2 771,"54,2 %","53,25","0,00","0,0 %"
PRIVÉ,970403754,UDM-UAD,M12,0,0,0,13 783,"47,1 %","62,74","0,00","0,0 %"
PRIVÉ,970403762,UAD,M12,0,0,0,4 731,"65,1 %","59,34","0,00","0,0 %"
PRIVÉ,970403770,UAD,M12,0,0,0,5 976,"69,3 %","56,02","0,00","0,0 %"
PRIVÉ,970404018,CENTRE D'HEMODIALYSE MG DURIEUX,M12,0,0,0,18 355,"55,7 %","69,34","0,00","0,0 %"
PRIVÉ,970404109,INSTITUT ROBERT DEBRE,M12,436,431,1 à 10,0,"89,9 %","46,41","6,82","0,0 %"
PRIVÉ,970404158,CENTRE UDM-UAD,M12,0,0,0,14 116,"44,4 %","68,12","0,00","0,0 %"
PRIVÉ,970404844,CLINIQUE SAINT-VINCENT,M12,6 711,802,5 909,30,"38,9 %","53,40","0,14","0,0 %"
PRIVÉ,970405064,CENTRE,M12,0,0,0,15 800,"49,0 %","70,55","0,00","0,0 %"
PRIVÉ,970405411,SODIA DELPRA,M12,137,0,137,30 583,"54,5 %","66,32","0,00","0,0 %"
PRIVÉ,970405676,UAD-DAD-DP,M12,0,0,0,8 306,"43,0 %","54,76","0,00","0,0 %"
PRIVÉ,970407151,UDM-UAD,M12,0,0,0,16 783,"56,7 %","63,67","0,00","0,0 %"
PRIVÉ,970409991,UAD,M12,0,0,0,6 858,"59,4 %","51,61","0,00","0,0 %"
PRIVÉ,970410064,SODIA OASIS,M12,1 à 10,0,1 à 10,29 575,"42,7 %","69,59","0,00","0,0 %"
PRIVÉ,970410155,UAD,M12,0,0,0,2 837,"55,2 %","55,10","0,00","0,0 %"
PRIVÉ,970410163,UAD,M12,0,0,0,142,"0,0 %","48,18","0,00","0,0 %"
PRIVÉ,970462024,CLINIQUE JEANNE D'ARC,M12,3 907,2 602,1 305,168,"12,7 %","22,96","2,44","0,1 %"
PRIVÉ,970462073,CLINIQUE DURIEUX,M12,13 821,4 652,9 169,27,"41,8 %","45,41","0,89","0,0 %"
PRIVÉ,970462081,CLINIQUE LES ORCHIDEES,M12,12 352,3 095,9 257,3 824,"43,0 %","50,16","0,47","0,0 %"
PRIVÉ,970462107,CLINIQUE SAINTE CLOTILDE,M12,26 501,16 280,10 221,8 321,"41,4 %","52,38","1,83","0,6 %"
PRIVÉ,970466751,SARL AVICENNE,M12,3 820,0,3 820,0,"46,7 %","61,80","0,00","0,0 %"
PRIVÉ,980500763,UNITÉ D'AUTODIALYSE MAMOUDZOU,M12,41,0,41,8 712,"65,5 %","62,34","0,00","0,0 %"
PRIVÉ,980500920,UDM - UAD KAWENI,M12,0,0,0,37,"59,5 %","61,16","0,00","0,0 %"
,,Total,,NA,NA,NA,NA,"51,8 %","60,25","0,91","0,4 %"
