﻿Catégorie,Finess,Raison Sociale,Période,Nombre de séjoursséances total,Nombre de séjours en hospit complète,Nombre de séjours en hospit partielle,Nombre de séances,Sexe ratio (% homme),Age moyen,Durée moyenne de séjour,% décès
PRIVÉ,010007300,CLINIQUE AMBULATOIRE CENDANEG,M12,2 273,0,2 273,0,"46,1 %","63,11","0,00","0,0 %"
PRIVÉ,010780195,CLINIQUE CONVERT BOURG-EN-B.,M12,18 345,6 452,11 893,3 583,"52,5 %","59,13","1,09","0,7 %"
PRIVÉ,010780203,HÔPITAL PRIVÉ D'AMBERIEU,M12,15 531,6 525,9 006,320,"44,8 %","52,31","1,50","0,9 %"
PRIVÉ,010780294,NEPHROCARE CH BELLEY,M12,0,0,0,9 108,"63,9 %","68,40","0,00","0,0 %"
PRIVÉ,020000360,CLINIQUE SAINT CHRISTOPHE,M12,6 331,968,5 363,0,"49,4 %","55,31","0,40","0,0 %"
PRIVÉ,020010047,POLYCLINIQUE ST CLAUDE,M12,15 193,4 718,10 475,3 995,"46,5 %","57,33","0,92","0,5 %"
PRIVÉ,030780548,POLYCLINIQUE PERGOLA - VICHY,M12,10 919,3 210,7 709,1 786,"52,7 %","63,31","0,92","0,6 %"
PRIVÉ,030781116,CLINIQUE ST-FRANC ST ANT -DESERTINE,M12,12 778,4 605,8 173,7 117,"58,7 %","66,91","1,47","1,1 %"
PRIVÉ,030785430,POLYCLINIQUE ST-ODILON - MOULINS,M12,12 093,3 949,8 144,1 018,"50,2 %","59,76","0,91","0,5 %"
PRIVÉ,040780470,CLINIQUE CHIRURGICALE TOUTES AURES,M12,5 690,559,5 131,0,"49,6 %","61,82","0,36","0,0 %"
PRIVÉ,040784860,CENTRE D'HEMODIALYSE DES ALPES,M12,0,0,0,18 337,"63,8 %","73,55","0,00","0,0 %"
PRIVÉ,050000090,CLINIQUE DES HAUTES-ALPES,M12,13 527,2 051,11 476,689,"50,8 %","58,91","0,29","0,0 %"
PRIVÉ,060010949,AGAHTIR UDM ANTIBES,M12,0,0,0,10 065,"75,5 %","70,13","0,00","0,0 %"
PRIVÉ,060021276,AGAHTIR CENTRE D'HEMODIALYSE,M12,0,0,0,9 370,"59,3 %","75,59","0,00","0,0 %"
PRIVÉ,060021417,HÔPITAL PRIVÉ CANNES OXFORD,M12,20 234,3 056,17 178,148,"47,0 %","57,24","0,55","0,1 %"
PRIVÉ,060780442,CLINIQUE SAINT FRANCOIS,M12,5 798,1 570,4 228,0,"38,5 %","57,88","0,31","0,0 %"
PRIVÉ,060780491,INSTITUT ARNAULT TZANCK,M12,19 332,6 800,12 532,226,"54,3 %","62,21","1,61","0,8 %"
PRIVÉ,060780517,POLYCLINIQUE SAINT-JEAN,M12,28 298,9 106,19 192,11 048,"44,4 %","59,97","1,02","0,6 %"
PRIVÉ,060780590,CLINIQUE DU PALAIS,M12,7 844,2 005,5 839,495,"48,1 %","57,06","0,75","0,1 %"
PRIVÉ,060780715,CLINIQUE SAINT GEORGE,M12,39 815,14 952,24 863,7 726,"47,5 %","57,08","1,18","0,5 %"
PRIVÉ,060780723,CLINIQUE DU PARC IMPERIAL,M12,15 353,3 636,11 717,3 947,"47,7 %","60,20","0,69","0,4 %"
PRIVÉ,060780756,CLINIQUE SANTA MARIA,M12,16 143,8 363,7 780,172,"26,7 %","36,58","1,71","0,1 %"
PRIVÉ,060781200,CLINIQUE SAINT ANTOINE,M12,10 626,3 233,7 393,368,"41,3 %","60,74","1,80","1,3 %"
PRIVÉ,060791860,CENTRE D'HEMODIALYSE A TZANCK,M12,0,0,0,35 615,"64,4 %","71,54","0,00","0,0 %"
PRIVÉ,060792900,A TZANCK AUTODIALYSE MOUGINS,M12,0,0,0,2 495,"69,7 %","67,97","0,00","0,0 %"
PRIVÉ,060792926,CENTRE D'HEMODIALYSE LA RIVIERA ANTIBES,M12,0,0,0,13 184,"68,6 %","72,67","0,00","0,0 %"
PRIVÉ,060800166,HP A. TZANCK MOUGINS SOPHIA ANTIPOLIS,M12,20 186,6 218,13 968,9 206,"47,9 %","61,33","1,13","0,7 %"
PRIVÉ,070780168,CLINIQUE DU VIVARAIS,M12,5 262,941,4 321,19,"44,9 %","64,00","0,55","0,1 %"
PRIVÉ,070780424,CLINIQUE PASTEUR,M12,18 073,7 508,10 565,68,"46,1 %","54,20","1,74","0,1 %"
PRIVÉ,100000082,CLINIQUE PAYS DE SEINE,M12,3 752,881,2 871,1 à 10,"46,7 %","58,32","0,67","0,2 %"
PRIVÉ,100000124,POLYCLINIQUE MONTIER LA CELLE,M12,13 559,4 242,9 317,658,"47,1 %","59,99","0,90","0,1 %"
PRIVÉ,110004413,AIDER UAD NARBONNE,M12,0,0,0,3 886,"77,9 %","70,42","0,00","0,0 %"
PRIVÉ,110004421,AIDER UAD LIMOUX,M12,0,0,0,2 897,"45,1 %","70,51","0,00","0,0 %"
PRIVÉ,110004439,AIDER UAD DE TREBES,M12,0,0,0,1 421,"59,7 %","65,28","0,00","0,0 %"
PRIVÉ,110005311,AIDER UAD DE CARCASSONNE,M12,0,0,0,7 142,"75,3 %","66,01","0,00","0,0 %"
PRIVÉ,110007259,UDM HÔPITAL PRIVÉ DU GRAND NARBONNE,M12,0,0,0,4 057,"70,8 %","70,60","0,00","0,0 %"
PRIVÉ,110780228,HÔPITAL PRIVÉ DU GRAND NARBONNE,M12,19 705,6 147,13 558,20 525,"50,3 %","67,46","0,75","0,8 %"
PRIVÉ,110780483,CLINIQUE MONTREAL,M12,16 154,3 988,12 166,2 131,"49,8 %","60,84","0,91","1,0 %"
PRIVÉ,120001748,UNITÉ DIALYSE MEDICALISEE MILLAU,M12,0,0,0,6 702,"71,1 %","73,54","0,00","0,0 %"
PRIVÉ,130008253,CLINIQUE DE VITROLLES,M12,7 910,3 246,4 664,204,"34,9 %","32,41","1,39","0,1 %"
PRIVÉ,130034002,DIAVERUM PROVENCE SALON,M12,0,0,0,10 673,"66,4 %","69,15","0,00","0,0 %"
PRIVÉ,130034044,DIAVERUM PROVENCE MARIGNANE,M12,0,0,0,7 954,"68,9 %","72,64","0,00","0,0 %"
PRIVÉ,130034093,DIAVERUM PROVENCE HE MARSEILLE 3E,M12,0,0,0,8 930,"70,8 %","63,65","0,00","0,0 %"
PRIVÉ,130034531,DIAVERUM PROVENCE ARLES,M12,0,0,0,22 209,"59,5 %","73,51","0,00","0,0 %"
PRIVÉ,130038003,DIALYSAIX - CENTRE D'HÉMODIALYSE D'AIX EN PROVENCE,M12,0,0,0,26 909,"73,3 %","73,44","0,00","0,0 %"
PRIVÉ,130041767,EUROMED CARDIO,M12,3 168,2 762,406,0,"65,8 %","68,41","3,05","0,7 %"
PRIVÉ,130042096,GCS CENTRE CARDIO AXIUM RAMBO,M12,3 330,3 119,211,0,"69,0 %","70,68","2,51","0,7 %"
PRIVÉ,130044753,CLINIQUE MONTICELLI VELODROME,M12,13 205,654,12 551,0,"44,3 %","62,22","0,06","0,0 %"
PRIVÉ,130781370,CLINIQUE JEANNE D'ARC,M12,167,167,0,0,"32,9 %","71,14","2,41","0,6 %"
PRIVÉ,130781479,CLINIQUE LA CASAMANCE,M12,17 908,8 195,9 713,3 041,"49,9 %","59,96","1,93","1,3 %"
PRIVÉ,130781867,CLINIQUE DE LA CIOTAT,M12,7 566,865,6 701,4 373,"52,6 %","62,65","0,15","0,2 %"
PRIVÉ,130782071,CLINIQUE DE L'ETANG DE L'OLIVIER,M12,7 427,1 731,5 696,49,"51,8 %","53,04","1,31","1,0 %"
PRIVÉ,130782147,CLINIQUE GENERALE DE MARIGNANE,M12,14 175,6 265,7 910,27,"54,4 %","62,01","2,41","2,5 %"
PRIVÉ,130782162,CLINIQUE DE MARTIGUES,M12,8 642,1 587,7 055,234,"48,6 %","58,41","0,51","0,1 %"
PRIVÉ,130782675,CLINIQUE CHIRURGICALE DU DR VIGNOLI,M12,7 340,814,6 526,52,"47,9 %","56,34","0,33","0,0 %"
PRIVÉ,130783327,CLINIQUE BOUCHARD,M12,20 525,8 837,11 688,22 696,"45,3 %","58,02","0,82","0,2 %"
PRIVÉ,130783723,CLINIQUE JUGE,M12,23 019,2 706,20 313,0,"42,6 %","52,78","0,28","0,0 %"
PRIVÉ,130784051,POLYCLINIQUE CLAIRVAL,M12,20 324,13 123,7 201,13 545,"56,2 %","62,46","2,39","0,8 %"
PRIVÉ,130784481,DIAVERUM PROVENCE MARSEILLE 8E,M12,0,0,0,47 717,"61,6 %","70,32","0,00","0,0 %"
PRIVÉ,130784713,CLINIQUE BEAUREGARD,M12,26 809,13 073,13 736,5 958,"34,9 %","48,68","1,97","0,8 %"
PRIVÉ,130784903,CLINIQUE MÉDICO-CHIRURGICALE LA PHOCEANNE,M12,5 192,1 513,3 679,0,"34,5 %","66,64","2,33","0,3 %"
PRIVÉ,130785389,CLINIQUE CHANTECLER,M12,10 661,1 526,9 135,61,"49,3 %","53,68","0,42","0,0 %"
PRIVÉ,130785678,CLINIQUE VERT COTEAU,M12,9 121,2 814,6 307,2 106,"50,3 %","58,90","2,48","1,2 %"
PRIVÉ,130786361,POLYCLINIQUE DU PARC RAMBOT,M12,35 944,12 782,23 162,10 931,"48,6 %","58,94","1,22","0,6 %"
PRIVÉ,130789159,CENTRE CARDIO-VASCULAIRE VALMANT,M12,786,785,1 à 10,0,"39,2 %","81,41","8,09","3,3 %"
PRIVÉ,130809809,CENTRE D'HEMODIALYSE DE PROVENCE,M12,0,0,0,22 577,"62,5 %","74,96","0,00","0,0 %"
PRIVÉ,130810740,CLINIQUE AXIUM,M12,29 148,4 848,24 300,301,"48,0 %","53,53","0,71","0,3 %"
PRIVÉ,140000290,CLINIQUE NOTRE-DAME,M12,6 360,1 538,4 822,105,"46,2 %","59,61","0,76","0,1 %"
PRIVÉ,140016759,POLYCLINIQUE DU PARC,M12,33 756,12 474,21 282,6 150,"38,9 %","53,66","1,16","0,5 %"
PRIVÉ,140017237,CH PRIVÉ ST MARTIN CAEN,M12,38 617,14 179,24 438,13 832,"57,6 %","65,30","0,98","0,2 %"
PRIVÉ,140018730,POLYCLINIQUE DE LISIEUX,M12,6 610,1 547,5 063,57,"51,9 %","63,45","0,67","0,0 %"
PRIVÉ,140026709,POLYCLINIQUE DE DEAUVILLE-CRICQUEBOEUF,M12,4 977,1 522,3 455,21,"46,9 %","59,09","0,99","0,1 %"
PRIVÉ,150003416,UNITÉ DE DIALYSE - CH DE MAURIAC,M12,0,0,0,942,"29,6 %","74,30","0,00","0,0 %"
PRIVÉ,150780120,CLINIQUE DU HAUT CANTAL,M12,298,298,0,0,"55,4 %","69,85","3,62","1,0 %"
PRIVÉ,150780732,CENTRE MÉDICO-CHIRURGICAL AURILLAC,M12,11 582,3 976,7 606,17 047,"59,4 %","67,95","0,92","0,5 %"
PRIVÉ,160000170,CLINIQUE SAINT JOSEPH ANGOULEME,M12,10 207,2 155,8 052,0,"50,8 %","58,53","0,65","0,0 %"
PRIVÉ,160000279,CLINIQUE DE COGNAC,M12,6 233,1 152,5 081,0,"46,4 %","57,04","0,59","0,1 %"
PRIVÉ,160013207,CENTRE CLINICAL,M12,21 076,6 472,14 604,5 664,"43,0 %","55,45","0,80","0,4 %"
PRIVÉ,170780563,ÉTABLISSEMENT DE SOINS PASTEUR - ROYAN,M12,12 812,4 185,8 627,341,"53,3 %","62,52","1,21","0,1 %"
PRIVÉ,170780621,POLYCLINIQUE SAINT-GEORGES,M12,4 265,1 202,3 063,0,"46,6 %","62,88","1,11","0,0 %"
PRIVÉ,170780647,CLINIQUE RICHELIEU - SAINTES,M12,7 638,1 108,6 530,1 à 10,"44,7 %","57,41","0,30","0,0 %"
PRIVÉ,170780662,CLINIQUE DE L'ATLANTIQUE,M12,30 754,5 947,24 807,159,"45,4 %","59,39","0,49","0,0 %"
PRIVÉ,180004145,HÔPITAL PRIVÉ GUILLAUME DE VARYE,M12,16 846,5 379,11 467,7 639,"43,8 %","58,67","0,88","0,8 %"
PRIVÉ,190000224,CLINIQUE LES CEDRES BRIVE,M12,16 854,5 522,11 332,487,"46,2 %","59,54","1,31","0,2 %"
PRIVÉ,200200145,POLYCLINIQUE LA RESIDENCE,M12,12 914,4 102,8 812,5 537,"47,2 %","57,35","0,96","0,5 %"
PRIVÉ,210011847,POLYCLINIQUE DU PARC DREVON,M12,13 250,2 451,10 799,5 347,"45,5 %","58,94","0,46","0,5 %"
PRIVÉ,210012670,HÔPITAL PRIVÉ DIJON BOURGOGNE,M12,43 546,16 943,26 603,411,"48,5 %","53,91","1,10","0,2 %"
PRIVÉ,210780789,CLINIQUE MUTUALISTE BENIGNE JOLY,M12,11 654,5 038,6 616,21 231,"59,6 %","61,75","0,54","0,2 %"
PRIVÉ,220000111,POLYCLINIQUE DU TREGOR,M12,6 445,1 534,4 911,1 994,"49,9 %","65,40","0,71","0,1 %"
PRIVÉ,220005599,POLYCLINIQUE DU PAYS DE RANCE,M12,10 121,2 126,7 995,62,"49,2 %","63,08","0,66","0,1 %"
PRIVÉ,220013106,UNITÉ DIALYSE BEGARD AUB SANTÉ,M12,0,0,0,756,"76,7 %","65,06","0,00","0,0 %"
PRIVÉ,220013130,UNITÉ D'AUTODIALYSE PAIMPOL - AUB,M12,0,0,0,601,"100,0 %","70,79","0,00","0,0 %"
PRIVÉ,220013155,UNITÉ D'AUTODIALYSE SAINT ALBAN - AUB,M12,0,0,0,484,"92,4 %","75,73","0,00","0,0 %"
PRIVÉ,220016778,UNITÉ DIALYSE SAINT BRIEUC AUB SANTÉ,M12,0,0,0,290,"72,4 %","54,95","0,00","0,0 %"
PRIVÉ,220019558,UNIT DIALYSE LA BEAUCHÉE ST BRIEUC AUB,M12,0,0,0,8 409,"61,4 %","64,33","0,00","0,0 %"
PRIVÉ,220019848,UNITÉ DIALYSE LOUDEAC AUB SANTÉ,M12,0,0,0,2 178,"76,1 %","59,63","0,00","0,0 %"
PRIVÉ,220020507,UNITÉ DIALYSE LANNION AUB SANTÉ,M12,0,0,0,8 875,"61,6 %","70,16","0,00","0,0 %"
PRIVÉ,220021976,UNITÉ DIALYSE DINAN AUB SANTÉ,M12,0,0,0,2 004,"77,0 %","71,01","0,00","0,0 %"
PRIVÉ,220022800,HÔPITAL PRIVÉ DES COTES D'ARMOR,M12,25 967,9 426,16 541,12 661,"46,1 %","58,70","1,00","0,5 %"
PRIVÉ,230780157,CLINIQUE DE LA MARCHE GUERET,M12,4 601,860,3 741,127,"40,8 %","60,49","0,62","0,0 %"
PRIVÉ,240000190,POLYCLINIQUE FRANCHEVILLE,M12,14 814,5 839,8 975,7 440,"47,9 %","62,68","1,20","1,0 %"
PRIVÉ,240000208,CLINIQUE PASTEUR,M12,6 745,928,5 817,1 à 10,"48,6 %","63,97","0,51","0,0 %"
PRIVÉ,240000216,CLINIQUE DU PARC,M12,7 874,1 304,6 570,0,"44,4 %","58,21","0,46","0,0 %"
PRIVÉ,250000270,CLINIQUE SAINT-VINCENT,M12,23 981,6 917,17 064,41,"55,7 %","61,11","0,79","0,2 %"
PRIVÉ,250011848,POLYCLINIQUE DE FRANCHE COMTE,M12,17 266,5 172,12 094,1 467,"37,7 %","52,45","0,85","0,0 %"
PRIVÉ,260000260,CLINIQUE LA PARISIERE,M12,9 309,1 756,7 553,330,"50,4 %","59,90","0,45","0,0 %"
PRIVÉ,260003017,SA CLINIQUE KENNEDY,M12,18 780,5 148,13 632,85,"54,1 %","54,51","0,63","0,1 %"
PRIVÉ,260006267,CLINIQUE GENERALE,M12,7 148,947,6 201,6 538,"38,6 %","55,55","0,42","0,7 %"
PRIVÉ,270000326,CLINIQUE PASTEUR,M12,12 646,4 638,8 008,6 160,"50,5 %","61,73","0,88","0,4 %"
PRIVÉ,270000862,CLINIQUE BERGOUIGNAN,M12,6 486,2 111,4 375,1 à 10,"54,3 %","62,01","0,90","0,2 %"
PRIVÉ,280000449,POLE MEDICAL MAISON BLANCHE,M12,203,203,0,0,"53,7 %","74,89","9,09","4,4 %"
PRIVÉ,280504689,CLINIQUE NÉPHROLOGIQUE DE MAISON BLANCHE,M12,0,0,0,16 909,"54,1 %","72,56","0,00","0,0 %"
PRIVÉ,280505777,HÔPITAL PRIVÉ D'EURE ET LOIR,M12,17 422,4 748,12 674,2 091,"44,8 %","60,32","1,05","0,6 %"
PRIVÉ,290000140,CLINIQUE PASTEUR-SAINT ESPRIT,M12,18 015,5 207,12 808,8 309,"44,9 %","62,70","0,72","0,8 %"
PRIVÉ,290000207,CLINIQUE ST MICHEL ET STE ANNE,M12,13 855,2 636,11 219,3 755,"48,4 %","64,80","0,55","0,4 %"
PRIVÉ,290000215,POLYCLINIQUE QUIMPER SUD,M12,11 379,2 876,8 503,390,"42,7 %","60,58","0,72","0,1 %"
PRIVÉ,290000850,STE BRESTOISE DU REIN ARTIFICIEL,M12,0,0,0,10 841,"63,0 %","74,01","0,00","0,0 %"
PRIVÉ,290004142,CLINIQUE DU GRAND LARGE,M12,8 667,1 978,6 689,217,"45,0 %","57,33","0,72","0,1 %"
PRIVÉ,290005131,UNITÉ DIALYSE PLOURIN-LES-MORLAIX AUB,M12,0,0,0,4 575,"75,6 %","70,68","0,00","0,0 %"
PRIVÉ,290005172,UNITÉ DIALYSE BREST HERMITAGE AUB,M12,0,0,0,2 714,"60,3 %","55,94","0,00","0,0 %"
PRIVÉ,290005230,UNITÉ DIALYSE DOUARNENEZ - AUB,M12,0,0,0,3 494,"38,0 %","75,26","0,00","0,0 %"
PRIVÉ,290018555,UNITÉ D'AUTODIALYSE MORLAIX - AUB,M12,0,0,0,7 112,"67,6 %","63,54","0,00","0,0 %"
PRIVÉ,290018563,UNITÉ DIALYSE QUIMPER KERRADENNEC AUB,M12,0,0,0,9 995,"74,4 %","65,39","0,00","0,0 %"
PRIVÉ,290019777,POLYCLINIQUE DE KERAUDREN,M12,26 313,12 024,14 289,434,"48,8 %","49,17","1,52","0,2 %"
PRIVÉ,290021070,UNITÉ D'AUTODIALYSE CONCARNEAU - AUB,M12,0,0,0,1 820,"84,5 %","68,38","0,00","0,0 %"
PRIVÉ,290023431,CENTRE MÉDICO-CHIRURGICAL BAIE DE MORLAIX,M12,7 493,1 497,5 996,849,"53,3 %","61,23","0,37","0,0 %"
PRIVÉ,290023779,UNITÉ DIALYSE CARHAIX AUB,M12,0,0,0,5 887,"75,9 %","70,73","0,00","0,0 %"
PRIVÉ,290023787,UNITÉ DIALYSE LANDIVISIAU AUB SANTÉ,M12,0,0,0,648,"76,4 %","63,37","0,00","0,0 %"
PRIVÉ,290023795,UNITÉ D'AUTODIALYSE LE FOLGOET - AUB,M12,0,0,0,2 487,"66,9 %","71,09","0,00","0,0 %"
PRIVÉ,290025337,UNITÉ DIALYSE PLONEOUR LANVERN AUB,M12,0,0,0,484,"68,2 %","72,12","0,00","0,0 %"
PRIVÉ,290028539,UNITÉ DIALYSE LANDERNEAU - AUB,M12,0,0,0,660,"73,5 %","75,00","0,00","0,0 %"
PRIVÉ,290029669,UNITÉ DIALYSE QUIMPER AUB SANTÉ,M12,0,0,0,4 590,"71,7 %","75,44","0,00","0,0 %"
PRIVÉ,290030808,UNITÉ DIALYSE CROZON AUB SANTÉ,M12,0,0,0,2 812,"69,2 %","73,58","0,00","0,0 %"
PRIVÉ,290032028,UNITÉ DIALYSE BREST QUESTEL AUB SANTÉ,M12,0,0,0,10 159,"54,5 %","67,95","0,00","0,0 %"
PRIVÉ,290032655,UNITÉ DIALYSE QUIMPERLE MELLAC AUB,M12,0,0,0,2 212,"50,2 %","72,55","0,00","0,0 %"
PRIVÉ,2A0000139,SA CLINISUD,M12,14 296,3 844,10 452,448,"49,1 %","60,16","1,01","0,2 %"
PRIVÉ,2A0000154,CLINIQUE DU SUD DE LA CORSE,M12,5 819,2 247,3 572,6 255,"48,8 %","60,92","0,81","0,6 %"
PRIVÉ,2B0000079,CLINIQUE DR FILIPPI,M12,5 060,212,4 848,1 à 10,"42,9 %","61,06","0,04","0,0 %"
PRIVÉ,2B0000392,POLYCLINIQUE DE FURIANI,M12,5 049,1 888,3 161,11,"60,3 %","61,00","1,38","0,2 %"
PRIVÉ,2B0005664,CLINIQUE DE TOGA,M12,180,178,1 à 10,0,"53,3 %","74,13","20,74","47,8 %"
PRIVÉ,300002508,CENTRE DE CHIRURGIE AMBULATOIRE DES HAUTS D'AVIGNON,M12,4 733,0,4 733,0,"50,1 %","51,30","0,00","0,0 %"
PRIVÉ,300007119,AIDER ALES,M12,0,0,0,12 132,"58,3 %","68,07","0,00","0,0 %"
PRIVÉ,300008588,NEPHROCARE NIMES,M12,0,0,0,19 986,"63,6 %","74,22","0,00","0,0 %"
PRIVÉ,300008638,NEPHROCARE BAGNOLS SUR CEZE,M12,0,0,0,4 729,"76,4 %","71,88","0,00","0,0 %"
PRIVÉ,300017209,KENVAL INSTITUT DE CANCEROLOGIE,M12,737,728,1 à 10,8 937,"44,0 %","65,86","0,66","1,1 %"
PRIVÉ,300017431,AIDER SANTÉ UAD UDM GCS PAAC,M12,0,0,0,12 354,"60,4 %","78,25","0,00","0,0 %"
PRIVÉ,300017498,CLINIQUE AMBULATOIRE DE LA CEZE,M12,984,0,984,0,"58,8 %","51,95","0,00","0,0 %"
PRIVÉ,300780137,NOUVELLE CLINIQUE BONNEFON,M12,13 924,3 779,10 145,230,"47,2 %","60,97","1,28","0,5 %"
PRIVÉ,300780152,HÔPITAL PRIVÉ LES FRANCISCAINES,M12,13 281,7 464,5 817,101,"54,0 %","63,26","2,33","0,6 %"
PRIVÉ,300781465,CLINIQUE KENNEDY,M12,12 026,4 009,8 017,62,"39,0 %","51,07","1,06","0,0 %"
PRIVÉ,300787421,AIDER DE NIMES,M12,0,0,0,19 640,"63,1 %","67,02","0,00","0,0 %"
PRIVÉ,300788502,POLYCLINIQUE DU GRAND SUD,M12,28 302,9 195,19 107,1 906,"45,3 %","51,59","0,99","0,1 %"
PRIVÉ,310011838,UN_DIALYSEMEDICALISEECORNEBARRIEU_CNO,M12,0,0,0,3 404,"57,1 %","71,65","0,00","0,0 %"
PRIVÉ,310021571,CENTRE GERIATRIQUE DES MINIMES,M12,564,556,1 à 10,16,"33,3 %","86,67","6,93","4,1 %"
PRIVÉ,310026083,CLINIQUE SAINT-CYPRIEN RIVE GAUCHE,M12,33 958,12 481,21 477,379,"40,7 %","36,64","1,20","0,1 %"
PRIVÉ,310026927,CLINIQUE CAPIO LA CROIX DU SUD,M12,48 441,18 240,30 201,6 910,"44,4 %","52,84","1,32","0,5 %"
PRIVÉ,310780150,CLINIQUE MEDIPOLE GARONNE,M12,21 123,7 735,13 388,808,"46,3 %","51,26","0,72","0,0 %"
PRIVÉ,310780259,SA CLINIQUE PASTEUR,M12,46 246,22 282,23 964,12 793,"51,4 %","64,64","1,56","0,7 %"
PRIVÉ,310780283,NOUVELLE CLINIQUE DE L'UNION,M12,44 894,17 728,27 166,6 515,"48,8 %","57,03","1,43","0,6 %"
PRIVÉ,310780366,CLINIQUE MONIE,M12,2 027,938,1 089,53,"45,1 %","69,64","4,83","4,7 %"
PRIVÉ,310780382,CLINIQUE AMBROISE PARE,M12,20 036,10 332,9 704,1 157,"42,5 %","43,01","1,95","0,3 %"
PRIVÉ,310781000,CLINIQUE DES CEDRES,M12,42 119,16 292,25 827,5 205,"47,2 %","57,85","1,54","0,8 %"
PRIVÉ,310781505,CLINIQUE D'OCCITANIE,M12,28 529,11 654,16 875,4 615,"51,6 %","56,89","1,35","0,5 %"
PRIVÉ,310781695,CLINIQUE DE LAGARDELLE,M12,359,357,1 à 10,0,"47,1 %","81,28","15,75","34,3 %"
PRIVÉ,310782016,CLINIQUE NÉPHROLOGIQUE SAINT EXUPERY,M12,2 723,2 006,717,44 152,"59,1 %","72,51","0,34","0,2 %"
PRIVÉ,310786389,CLINIQUE DES PYRENEES,M12,121,121,0,0,"38,8 %","82,31","5,24","0,0 %"
PRIVÉ,310794417,CENTRE NÉPHROLOGIQUE D'OCCITANIE,M12,0,0,0,28 234,"63,9 %","76,52","0,00","0,0 %"
PRIVÉ,320780067,POLYCLINIQUE DE GASCOGNE,M12,7 107,1 701,5 406,60,"54,2 %","58,97","0,72","0,1 %"
PRIVÉ,330017989,CENTRE D'HEMODIALYSE BORDEAUX RIVE DROITE,M12,0,0,0,14 824,"58,1 %","75,35","0,00","0,0 %"
PRIVÉ,330060658,GCS CLINIQUE CHIRURGICALE LIBOURNAIS,M12,11 136,1 166,9 970,0,"47,7 %","60,48","0,21","0,0 %"
PRIVÉ,330780040,NOUVELLE CLINIQUE BEL AIR,M12,21 738,5 863,15 875,1 à 10,"48,0 %","54,45","0,43","0,0 %"
PRIVÉ,330780081,CLINIQUE SAINT AUGUSTIN,M12,17 670,11 070,6 600,99,"65,6 %","62,49","2,40","0,5 %"
PRIVÉ,330780115,CLINIQUE TIVOLI-DUCOS,M12,15 886,5 424,10 462,11 258,"28,7 %","55,74","0,63","0,5 %"
PRIVÉ,330780206,CLINIQUE D'ARCACHON,M12,11 335,2 448,8 887,2 025,"49,2 %","61,92","0,55","0,5 %"
PRIVÉ,330780263,POLYCLINIQUE BORDEAUX RIVE DROITE,M12,27 419,10 955,16 464,3 560,"44,5 %","50,48","1,37","0,7 %"
PRIVÉ,330780271,CLINIQUE DU SPORT DE BORDEAUX MERIGNAC,M12,9 622,2 799,6 823,0,"58,7 %","48,44","0,60","0,0 %"
PRIVÉ,330780354,POLYCLINIQUE BORDEAUX CAUDERAN,M12,1 656,1 395,261,1 649,"33,3 %","59,59","3,50","2,4 %"
PRIVÉ,330780446,C.T.M.R. ST AUGUSTIN,M12,0,0,0,27 829,"61,9 %","73,45","0,00","0,0 %"
PRIVÉ,330780453,CENTRE D'HEMODIALYSE SAINT MARTIN,M12,0,0,0,26 911,"58,8 %","74,29","0,00","0,0 %"
PRIVÉ,330780479,POLYCLINIQUE BX-NORD AQUITAINE,M12,45 822,22 993,22 829,13 374,"46,9 %","53,18","1,52","0,9 %"
PRIVÉ,330780487,CLINIQUE OPHTALMOLOGIQUE THIERS,M12,7 029,187,6 842,1 à 10,"43,4 %","66,79","0,03","0,0 %"
PRIVÉ,330780503,HÔPITAL PRIVÉ SAINT-MARTIN,M12,26 310,8 353,17 957,250,"56,9 %","51,99","0,96","0,2 %"
PRIVÉ,330780511,CLINIQUE SAINTE ANNE,M12,8 534,1 749,6 785,3 075,"48,9 %","61,88","0,51","0,4 %"
PRIVÉ,330781402,NOUVELLE CLINIQUE BORDEAUX TONDU,M12,16 813,5 277,11 536,1 084,"47,9 %","44,71","0,77","0,2 %"
PRIVÉ,330782582,POLYCLINIQUE JEAN VILLAR,M12,23 824,7 235,16 589,1 628,"39,5 %","49,17","1,18","0,5 %"
PRIVÉ,330783374,CENTRE D'HEMODIALYSE PBNA,M12,0,0,0,23 352,"59,1 %","72,30","0,00","0,0 %"
PRIVÉ,340009539,CENTRE D'HEMODIALYSE AMBULATOIRE SAINT GUILHEM,M12,0,0,0,17 988,"60,2 %","73,24","0,00","0,0 %"
PRIVÉ,340009885,POLYCLINIQUE CHAMPEAU,M12,14 011,6 850,7 161,2 023,"33,2 %","48,79","1,56","0,5 %"
PRIVÉ,340013119,AIDER UAD DE GRABELS,M12,0,0,0,7 477,"62,3 %","61,46","0,00","0,0 %"
PRIVÉ,340013168,AIDER UDSA CLINIQUE JACQUES MIROUZE,M12,0,0,0,21 691,"61,6 %","65,92","0,00","0,0 %"
PRIVÉ,340013218,AIDER UAD DE GANGES,M12,0,0,0,1 890,"66,0 %","69,38","0,00","0,0 %"
PRIVÉ,340013259,AIDER UAD DE BEDARIEUX,M12,0,0,0,638,"99,8 %","60,88","0,00","0,0 %"
PRIVÉ,340013309,AIDER UAD DE CLERMONT L'HERAULT,M12,0,0,0,5 889,"77,3 %","70,57","0,00","0,0 %"
PRIVÉ,340013358,AIDER UAD DE BOUZIGUES,M12,0,0,0,1 445,"70,4 %","75,51","0,00","0,0 %"
PRIVÉ,340013499,AIDER UAD DE VILLENEUVE LES BEZIERS,M12,0,0,0,5 900,"69,1 %","63,54","0,00","0,0 %"
PRIVÉ,340015502,CLINIQUE LE MILLENAIRE,M12,28 287,15 136,13 151,799,"53,1 %","60,60","2,36","0,8 %"
PRIVÉ,340015965,SAS POLYCLINIQUE SAINT PRIVAT,M12,23 329,10 079,13 250,7 216,"56,3 %","60,82","1,44","0,7 %"
PRIVÉ,340015999,NEPHROCARE BEZIERS,M12,0,0,0,32 697,"63,0 %","71,70","0,00","0,0 %"
PRIVÉ,340019603,GCS HEMODIALYSE LAPEYRONIE,M12,0,0,0,8 364,"65,4 %","69,19","0,00","0,0 %"
PRIVÉ,340020221,AIDER DIALYSE A DOMICILE,M12,0,0,0,25 739,"71,1 %","59,73","0,00","0,0 %"
PRIVÉ,340022979,POLYCLINIQUE ST ROCH,M12,36 755,13 275,23 480,161,"37,6 %","41,61","1,34","0,2 %"
PRIVÉ,340023142,NEPHROCARE MILLLENAIRE UDM,M12,0,0,0,9 797,"73,0 %","67,19","0,00","0,0 %"
PRIVÉ,340024314,CLINIQUE ST JEAN SUD DE FRANCE,M12,31 363,9 184,22 179,1 078,"51,6 %","49,42","1,13","0,4 %"
PRIVÉ,340024553,AIDER SANTÉ UAD ST JEAN,M12,0,0,0,6 653,"71,2 %","73,39","0,00","0,0 %"
PRIVÉ,340780139,CLINIQUE DU DR. CAUSSE,M12,9 125,2 628,6 497,0,"43,1 %","56,42","0,93","0,0 %"
PRIVÉ,340780147,POLYCLINIQUE DES 3 VALLEES,M12,3 308,1 613,1 695,29,"49,0 %","64,08","2,36","1,5 %"
PRIVÉ,340780154,POLYCLINIQUE PASTEUR,M12,7 833,2 126,5 707,173,"50,8 %","62,22","1,17","0,4 %"
PRIVÉ,340780568,CLINIQUE DU SOUFFLE LA VALONIE,M12,995,991,1 à 10,0,"54,1 %","66,70","5,99","0,8 %"
PRIVÉ,340780667,CLINIQUE DU PARC,M12,30 584,10 793,19 791,9 758,"54,6 %","61,10","1,53","0,9 %"
PRIVÉ,340780675,CLINIQUE CLEMENTVILLE,M12,15 937,8 187,7 750,14 611,"35,0 %","53,22","1,35","0,9 %"
PRIVÉ,340780717,CLINIQUE SAINT- LOUIS,M12,8 191,3 605,4 586,237,"47,8 %","59,80","1,67","0,8 %"
PRIVÉ,340780725,CLINIQUE VIA DOMITIA POLE DE SANTÉ,M12,8 230,1 773,6 457,0,"45,4 %","58,42","0,39","0,1 %"
PRIVÉ,340780741,POLYCLINIQUE SAINTE THERESE,M12,11 734,3 286,8 448,278,"40,0 %","53,53","0,86","0,1 %"
PRIVÉ,340780840,NEPHROCARE CASTELNAU LE PARC,M12,0,0,0,26 389,"64,4 %","72,95","0,00","0,0 %"
PRIVÉ,350000121,CH PRIVÉ ST-GREGOIRE,M12,54 710,20 461,34 249,11 784,"46,8 %","52,64","1,45","0,7 %"
PRIVÉ,350000196,CLINIQUE DE LA COTE D'EMERAUDE,M12,11 826,2 744,9 082,3 354,"52,1 %","62,67","0,45","0,0 %"
PRIVÉ,350002804,DIALYSE A DOMICILE AUB SANTÉ,M12,0,0,0,14 713,"63,5 %","62,52","0,00","0,0 %"
PRIVÉ,350005146,HÔPITAL PRIVÉ SEVIGNE,M12,24 340,7 157,17 183,7 452,"51,0 %","61,17","1,09","0,5 %"
PRIVÉ,350030763,UNITÉ DIALYSE SAINT MALO AUB SANTÉ,M12,0,0,0,5 629,"61,6 %","67,61","0,00","0,0 %"
PRIVÉ,350032934,UNITÉ DIALYSE PONTCHAILLOU RENNES AUB,M12,0,0,0,18 103,"65,2 %","65,58","0,00","0,0 %"
PRIVÉ,350040044,UNITÉ DIALYSE BROUSSAIS SAINT MALO AUB,M12,0,0,0,13 926,"57,9 %","74,52","0,00","0,0 %"
PRIVÉ,350042131,UNITÉ DIALYSE REDON - AUB,M12,0,0,0,4 447,"61,0 %","68,12","0,00","0,0 %"
PRIVÉ,350042602,UNITÉ DIALYSE FOUGERES AUB,M12,0,0,0,5 134,"64,3 %","68,52","0,00","0,0 %"
PRIVÉ,350046751,UNITÉ DIALYSE MONTGERMONT AUB,M12,0,0,0,18 733,"70,4 %","57,45","0,00","0,0 %"
PRIVÉ,350053930,UNITÉ DIALYSE VITRÉ AUB SANTÉ,M12,0,0,0,452,"74,3 %","56,09","0,00","0,0 %"
PRIVÉ,360000129,CLINIQUE ST FRANCOIS,M12,10 141,1 829,8 312,266,"47,6 %","59,16","0,66","0,8 %"
PRIVÉ,360002133,RE NEPHRO CHATEAUROUX-AV.KENNEDY,M12,0,0,0,24 683,"61,0 %","70,48","0,00","0,0 %"
PRIVÉ,360002232,CENTRE DE CONVALESCENCE ET DIÉTÉTIQUE MANOIR EN BERRY,M12,1 063,1 061,1 à 10,0,"44,0 %","66,00","7,18","1,4 %"
PRIVÉ,370000093,SAS NOUVELLE CLINIQUE DE TOURS +,M12,36 083,14 856,21 227,14 694,"54,1 %","64,30","1,26","0,7 %"
PRIVÉ,370007569,PÔLE SANTÉ LÉONARD DE VINCI,M12,37 340,16 042,21 298,11 823,"42,5 %","54,76","1,54","0,9 %"
PRIVÉ,380013037,CENTRE ENDOSCOPIE NORD ISERE,M12,5 712,0,5 712,0,"45,9 %","59,40","0,00","0,0 %"
PRIVÉ,380020123,CLINIQUE DES COTES DU RHONE,M12,6 270,1 174,5 096,62,"48,1 %","52,76","1,46","0,5 %"
PRIVÉ,380780197,CLINIQUE SAINT VINCENT DE PAUL,M12,15 174,5 369,9 805,161,"42,9 %","46,67","1,09","0,0 %"
PRIVÉ,380780288,CLINIQUE DE CHARTREUSE,M12,11 090,1 014,10 076,45,"48,8 %","57,25","0,26","0,0 %"
PRIVÉ,380785956,CLINIQUE DES CEDRES,M12,23 144,8 827,14 317,502,"46,4 %","52,81","1,52","0,4 %"
PRIVÉ,380786442,CLINIQUE BELLEDONNE,M12,34 149,12 901,21 248,217,"43,9 %","52,05","1,45","0,3 %"
PRIVÉ,390780559,CLINIQUE DU JURA,M12,3 390,371,3 019,0,"44,6 %","64,45","0,50","0,1 %"
PRIVÉ,390780575,POLYCLINIQUE DU PARC,M12,6 343,1 880,4 463,27,"55,9 %","56,79","0,87","0,0 %"
PRIVÉ,400780342,CLINIQUE JEAN LE BON,M12,8 438,628,7 810,152,"47,2 %","55,94","0,11","0,0 %"
PRIVÉ,410000202,POLYCLINIQUE DE BLOIS,M12,16 770,6 792,9 978,36 788,"57,9 %","68,36","0,64","0,3 %"
PRIVÉ,410004998,CLINIQUE DU SAINT COEUR,M12,6 945,2 929,4 016,38,"44,0 %","53,61","1,70","0,4 %"
PRIVÉ,420011413,HÔPITAL PRIVÉ DE LA LOIRE,M12,39 751,16 823,22 928,4 147,"45,2 %","51,38","1,74","0,8 %"
PRIVÉ,420780504,CLINIQUE DU PARC,M12,23 169,5 625,17 544,246,"51,1 %","51,37","0,79","0,1 %"
PRIVÉ,420782310,CLINIQUE DU RENAISON,M12,16 866,5 043,11 823,441,"48,0 %","61,32","1,42","0,5 %"
PRIVÉ,420782591,CLINIQUE NOUVELLE DU FOREZ,M12,3 403,0,3 403,0,"46,3 %","52,71","0,00","0,0 %"
PRIVÉ,430000109,CLINIQUE BON SECOURS - LE PUY,M12,7 459,2 148,5 311,164,"57,8 %","62,27","0,82","0,1 %"
PRIVÉ,430007450,CENTRE MÉDICAL SPECIALISE LE CHAMBON SUR LIGNON,M12,3 264,558,2 706,0,"72,1 %","50,87","1,11","0,0 %"
PRIVÉ,440000404,CLINIQUE SAINTE MARIE,M12,6 472,1 435,5 037,1 à 10,"48,9 %","60,91","0,79","0,1 %"
PRIVÉ,440000412,CLINIQUE BRETECHE VIAUD,M12,16 328,8 412,7 916,259,"28,6 %","42,14","1,85","0,6 %"
PRIVÉ,440000487,CLINIQUE UROLOGIQUE NANTES ATLANTIS,M12,5 148,2 106,3 042,56,"85,1 %","52,64","1,04","0,0 %"
PRIVÉ,440002020,POLYCLINIQUE DE L'EUROPE,M12,19 573,5 127,14 446,193,"53,1 %","61,16","1,03","0,3 %"
PRIVÉ,440005080,DIALYSE ECHO NANTES,M12,0,0,0,24 814,"60,9 %","60,21","0,00","0,0 %"
PRIVÉ,440029379,CLINIQUE JULES VERNE,M12,43 988,5 140,38 848,717,"45,2 %","56,74","0,29","0,0 %"
PRIVÉ,440033819,SANTÉ ATLANTIQUE,M12,86 473,22 856,63 617,881,"46,5 %","46,69","0,91","0,1 %"
PRIVÉ,440036176,CENTRE DIALYSE ECHO ST HERBLAIN,M12,0,0,0,7 425,"63,1 %","61,41","0,00","0,0 %"
PRIVÉ,440036499,CENTRE DIALYSE ECHO REZE,M12,0,0,0,22 663,"50,0 %","65,22","0,00","0,0 %"
PRIVÉ,440039568,DIALYSE ECHO LA BAULE,M12,0,0,0,6 028,"81,7 %","71,78","0,00","0,0 %"
PRIVÉ,440041580,L'HÔPITAL PRIVÉ DU CONFLUENT,M12,51 985,22 854,29 131,20 713,"49,6 %","60,75","1,52","1,1 %"
PRIVÉ,440048718,HÔPITAL DU CONFLUENT-SITE JULES VERNE,M12,20,0,20,5 048,"44,4 %","64,34","0,00","0,0 %"
PRIVÉ,440050441,DIALYSE ECHO ST NAZAIRE,M12,0,0,0,8 692,"58,9 %","65,76","0,00","0,0 %"
PRIVÉ,440055770,CENTRE DIALYSE ECHO ST HERBLAIN PSA,M12,0,0,0,10 582,"52,4 %","72,10","0,00","0,0 %"
PRIVÉ,450000245,CLINIQUE L'ARCHETTE,M12,15 903,3 907,11 996,1 349,"45,6 %","60,81","0,72","0,2 %"
PRIVÉ,450000294,ORELIANCE - REINE BLANCHE,M12,8 416,7 121,1 295,12 641,"60,3 %","70,88","1,90","1,5 %"
PRIVÉ,450010079,ORELIANCE - LONGUES ALLEES,M12,34 623,7 625,26 998,7 588,"50,2 %","55,25","0,67","0,0 %"
PRIVÉ,450012935,CENTRE D'HEMODIALYSE ARCHETTE,M12,0,0,0,18 120,"54,2 %","74,75","0,00","0,0 %"
PRIVÉ,450012968,CLINIQUE DE MONTARGIS,M12,5 393,943,4 450,83,"48,3 %","60,43","0,49","0,0 %"
PRIVÉ,450013818,CENTRE D'HEMODIALYSE J. D'ARC,M12,0,0,0,4 237,"68,3 %","76,94","0,00","0,0 %"
PRIVÉ,450018460,CENTRE NÉPHROLOGIQUE DE MONTARGIS,M12,0,0,0,21 760,"60,9 %","71,45","0,00","0,0 %"
PRIVÉ,460006075,CLINIQUE FONT REDONDE,M12,86,85,1 à 10,104,"47,9 %","72,36","12,08","18,4 %"
PRIVÉ,470000027,CLINIQUE ESQUIROL - SAINT-HILAIRE,M12,27 111,11 758,15 353,923,"53,0 %","62,90","1,83","1,2 %"
PRIVÉ,470000159,CLINIQUE CALABET,M12,250,0,250,7 221,"50,0 %","67,12","0,00","0,0 %"
PRIVÉ,480001403,AIDER UAD DE MENDE,M12,0,0,0,372,"57,3 %","73,46","0,00","0,0 %"
PRIVÉ,480001783,AIDER UAD MARVEJOLS,M12,0,0,0,6 210,"62,6 %","73,71","0,00","0,0 %"
PRIVÉ,490000262,CLINIQUE SAINT-JOSEPH,M12,17 160,6 491,10 669,2 662,"56,5 %","61,75","1,28","0,5 %"
PRIVÉ,490002037,POLYCLINIQUE DU PARC,M12,21 526,7 819,13 707,3 695,"50,8 %","56,24","0,96","0,3 %"
PRIVÉ,490007499,CENTRE DIALYSE ECHO ANGERS BOCQUEL,M12,0,0,0,23 750,"61,5 %","72,08","0,00","0,0 %"
PRIVÉ,490007929,CLINIQUE CHIRURGICALE DE LA LOIRE,M12,10 159,2 896,7 263,390,"51,6 %","61,01","0,95","0,1 %"
PRIVÉ,490009008,CENTRE DIALYSE ECHO CHOLET MARENGO,M12,0,0,0,7 893,"68,9 %","76,89","0,00","0,0 %"
PRIVÉ,490014909,CLINIQUE DE L'ANJOU,M12,40 710,15 949,24 761,1 124,"43,4 %","52,62","1,46","0,4 %"
PRIVÉ,490015906,CLINIQUE SAINT LEONARD,M12,11 473,4 444,7 029,319,"51,4 %","52,43","1,10","0,0 %"
PRIVÉ,490017613,DIALYSE ECHO TRELAZE,M12,0,0,0,4 458,"66,6 %","73,87","0,00","0,0 %"
PRIVÉ,490020963,DIALYSE ECHO CHOLET CHANTERIVIERE,M12,0,0,0,6 467,"73,0 %","68,71","0,00","0,0 %"
PRIVÉ,490537818,CENTRE DIALYSE DIAVERUM ANGERS,M12,0,0,0,21 990,"66,8 %","73,22","0,00","0,0 %"
PRIVÉ,490540440,CENTRE DE LA MAIN,M12,6 035,0,6 035,0,"61,7 %","48,41","0,00","0,0 %"
PRIVÉ,500000146,HÔPITAL PRIVÉ DE LA BAIE,M12,12 965,2 908,10 057,3 574,"49,9 %","65,44","0,92","1,0 %"
PRIVÉ,500000203,POLYCLINIQUE DE LA MANCHE - SAINT-LO,M12,5 785,1 353,4 432,95,"55,0 %","63,59","0,78","0,0 %"
PRIVÉ,500000401,CLINIQUE DR. H. GUILLARD,M12,3 849,700,3 149,53,"45,4 %","59,97","0,37","0,0 %"
PRIVÉ,500002357,POLYCLINIQUE DU COTENTIN,M12,9 304,2 515,6 789,1 à 10,"49,0 %","58,90","0,87","0,1 %"
PRIVÉ,500021316,CENTRE DE DIALYSE D'AVRANCHES,M12,0,0,0,11 065,"64,2 %","71,80","0,00","0,0 %"
PRIVÉ,510000185,POLYCLINIQUE COURLANCY - REIMS,M12,25 166,8 179,16 987,19 051,"43,4 %","60,23","0,85","0,7 %"
PRIVÉ,510000243,CLINIQUE D'EPERNAY,M12,5 622,1 175,4 447,453,"46,0 %","56,93","0,79","0,4 %"
PRIVÉ,510012040,POLYCLINIQUE LES BLEUETS - REIMS,M12,378,92,286,1 à 10,"42,2 %","70,60","3,17","3,2 %"
PRIVÉ,510024979,POLYCLINIQUE DE BEZANNES,M12,55 255,24 612,30 643,173,"45,7 %","50,47","1,71","0,5 %"
PRIVÉ,520780156,CLINIQUE DE LA COMPASSION,M12,539,0,539,0,"49,5 %","60,14","0,00","0,0 %"
PRIVÉ,520780180,CLINIQUE FRANCOIS 1ER,M12,5 181,1 255,3 926,1 726,"46,4 %","61,82","0,72","0,5 %"
PRIVÉ,520780214,CENTRE MÉDICO-CHIRURGICAL,M12,2 179,1 437,742,19 588,"60,6 %","71,82","0,45","0,3 %"
PRIVÉ,530002898,CENTRE DIALYSE ECHO LAVAL,M12,0,0,0,10 592,"68,2 %","72,96","0,00","0,0 %"
PRIVÉ,530008119,DIALYSE DIAVERUM CHATEAU GONTIER,M12,0,0,0,2 577,"64,0 %","71,58","0,00","0,0 %"
PRIVÉ,530008788,DIALYSE ECHO MAYENNE,M12,0,0,0,4 086,"42,8 %","69,66","0,00","0,0 %"
PRIVÉ,530031962,POLYCLINIQUE DU MAINE,M12,13 341,4 881,8 460,6 139,"46,3 %","62,85","0,93","0,6 %"
PRIVÉ,540000361,CLINIQUE JEANNE D'ARC - LUNEVILL,M12,7 159,1 176,5 983,227,"48,5 %","57,92","0,40","0,0 %"
PRIVÉ,540000445,ESPACE CHIRURGICAL AMBROISE PARE NANCY,M12,7 749,4 373,3 376,11,"64,4 %","68,02","1,69","0,3 %"
PRIVÉ,540000452,CLINIQUE ST ANDRE VANDOEUVRE,M12,14 418,3 697,10 721,34,"43,0 %","51,26","0,61","0,0 %"
PRIVÉ,540000478,CLINIQUE LOUIS PASTEUR,M12,39 886,13 786,26 100,21 031,"60,1 %","63,49","0,70","0,2 %"
PRIVÉ,540000486,POLYCLINIQUE DE GENTILLY,M12,26 491,10 973,15 518,33 780,"53,6 %","63,35","0,92","0,7 %"
PRIVÉ,540013224,POLYCLINIQUE MAJORELLE,M12,13 075,7 618,5 457,104,"20,3 %","36,59","1,98","0,1 %"
PRIVÉ,550000178,POLYCLINIQUE DU PARC - BAR-LE-DUC,M12,10 315,2 055,8 260,301,"45,3 %","59,16","0,84","0,0 %"
PRIVÉ,560004004,UNITÉ DIALYSE LORIENT AUB SANTÉ,M12,0,0,0,5 911,"60,5 %","75,83","0,00","0,0 %"
PRIVÉ,560006348,UNITÉ DIALYSE KERIO PONTIVY AUB,M12,0,0,0,4 594,"62,1 %","68,61","0,00","0,0 %"
PRIVÉ,560007510,POLYCLINIQUE DE PONTIVY,M12,8 374,1 981,6 393,71,"51,0 %","61,57","0,57","0,0 %"
PRIVÉ,560008799,CLINIQUE OCEANE,M12,36 995,12 386,24 609,9 259,"48,7 %","58,56","1,01","0,5 %"
PRIVÉ,560009490,AUTODIALYSE BELLE-ÎLE,M12,0,0,0,943,"66,9 %","73,20","0,00","0,0 %"
PRIVÉ,560009508,AUTODIALYSE AURAY,M12,0,0,0,1 884,"74,7 %","69,58","0,00","0,0 %"
PRIVÉ,560009524,AUTODIALYSE VANNES,M12,0,0,0,5 246,"66,6 %","63,01","0,00","0,0 %"
PRIVÉ,560014078,AUTODIALYSE MUZILLAC,M12,0,0,0,542,"68,8 %","63,91","0,00","0,0 %"
PRIVÉ,560014128,AUTODIALYSE PLOERMEL,M12,0,0,0,1 180,"74,5 %","63,40","0,00","0,0 %"
PRIVÉ,560023152,CENTRE D'HEMODIALYSE AMBULATOIRE ECHO,M12,0,0,0,15 520,"61,1 %","71,75","0,00","0,0 %"
PRIVÉ,560023848,UNITÉ DIALYSE KERFRICHANT LORIENT AUB,M12,0,0,0,16 975,"71,6 %","67,86","0,00","0,0 %"
PRIVÉ,570000083,CLINIQUE SAINT NABOR,M12,12 454,4 507,7 947,110,"36,7 %","49,70","1,14","0,0 %"
PRIVÉ,570000356,CLINIQUE CHIRURGICALE AMBROISE PARE,M12,10 976,1 695,9 281,553,"49,7 %","60,10","0,46","0,0 %"
PRIVÉ,570000364,CLINIQUE NOTRE DAME,M12,7 026,556,6 470,183,"49,2 %","57,69","0,14","0,0 %"
PRIVÉ,570000646,HÔPITAL CLINIQUE CLAUDE BERNARD,M12,34 794,12 105,22 689,12 956,"44,0 %","56,21","1,10","0,7 %"
PRIVÉ,580780138,POLYCLINIQUE DU VAL DE LOIRE,M12,13 970,2 633,11 337,6 964,"50,1 %","64,88","0,65","0,5 %"
PRIVÉ,590006896,POLYCLINIQUE DE LA THIERACHE,M12,6 507,1 671,4 836,236,"46,1 %","56,27","0,74","0,0 %"
PRIVÉ,590008041,POLYCLINIQUE VAUBAN,M12,19 514,8 439,11 075,12 279,"57,3 %","63,90","1,39","1,0 %"
PRIVÉ,590034815,CENTRE D'AUTODIALYSE PONT/SAMBRE,M12,0,0,0,1 724,"68,9 %","66,29","0,00","0,0 %"
PRIVÉ,590060455,UNITÉ DE DIALYSE MÉDICALISÉE,M12,0,0,0,7 221,"53,4 %","70,65","0,00","0,0 %"
PRIVÉ,590780060,INSTITUT OPHTALMIQUE,M12,9 768,162,9 606,0,"41,4 %","69,35","0,02","0,0 %"
PRIVÉ,590780094,CENTRE LEONARD DE VINCI,M12,1 675,821,854,9 530,"37,4 %","62,45","0,16","0,1 %"
PRIVÉ,590780250,CLINIQUE LILLE-SUD,M12,23 517,1 225,22 292,0,"53,3 %","42,11","0,12","0,0 %"
PRIVÉ,590780268,POLYCLINIQUE DU BOIS,M12,36 068,16 310,19 758,36 789,"47,0 %","59,86","0,89","0,4 %"
PRIVÉ,590780342,CLINIQUE AMBROISE PARE,M12,8 114,44,8 070,0,"40,6 %","67,50","0,01","0,0 %"
PRIVÉ,590780383,POLYCLINIQUE DE LA LOUVIERE,M12,32 871,10 755,22 116,36 800,"53,3 %","62,75","0,44","0,2 %"
PRIVÉ,590781571,CLINIQUE DU CAMBRESIS,M12,3 955,1 136,2 819,1 à 10,"39,1 %","55,68","0,93","0,0 %"
PRIVÉ,590781951,CLINIQUE DU CROISE LAROCHE SA,M12,7 046,2 842,4 204,17,"48,3 %","49,05","1,35","0,0 %"
PRIVÉ,590782256,CLINIQUE DES DENTELLIERES,M12,496,0,496,7 869,"41,1 %","61,84","0,00","0,0 %"
PRIVÉ,590782298,CLINIQUE DU PARC,M12,17 775,6 010,11 765,35,"41,2 %","41,83","1,17","0,2 %"
PRIVÉ,590782546,CLINIQUE DE VILLENEUVE D'ASCQ,M12,2 855,737,2 118,0,"40,4 %","54,30","1,49","2,8 %"
PRIVÉ,590782553,HÔPITAL PRIVÉ DE VILLENEUVE D'ASCQ,M12,26 401,9 509,16 892,3 757,"43,2 %","47,14","1,10","0,2 %"
PRIVÉ,590784484,NEPHROCARE MAUBEUGE,M12,0,0,0,16 489,"54,2 %","69,72","0,00","0,0 %"
PRIVÉ,590788964,POLYCLINIQUE DU PARC,M12,6 761,1 194,5 567,4 947,"46,8 %","61,24","0,32","0,2 %"
PRIVÉ,590790655,CLINIQUE CHIRURGICALE ST ROCH,M12,3 258,1 734,1 524,0,"48,2 %","47,05","0,97","0,0 %"
PRIVÉ,590806360,CLINIQUE DE LA MITTERIE,M12,3 615,681,2 934,0,"61,2 %","50,90","0,92","0,1 %"
PRIVÉ,590811006,CENTRE D'AUTODIALYSE DE MAUBEUGE,M12,0,0,0,1 551,"78,5 %","55,23","0,00","0,0 %"
PRIVÉ,590813176,CLINIQUE DES HETRES,M12,4 246,952,3 294,199,"45,4 %","49,68","1,19","0,2 %"
PRIVÉ,590813382,SA NOUVELLE CLINIQUE VILLETTE,M12,6 649,2 324,4 325,13,"45,7 %","45,91","1,18","0,0 %"
PRIVÉ,590813507,POLYCLINIQUE VAL DE SAMBRE,M12,6 610,2 360,4 250,69,"51,0 %","51,90","1,76","0,5 %"
PRIVÉ,590813747,CENTRE D'AUTODIALYSE DE FOURMIES,M12,0,0,0,1 427,"65,1 %","58,59","0,00","0,0 %"
PRIVÉ,590815056,CLINIQUE DE FLANDRE,M12,10 230,2 347,7 883,5 174,"43,9 %","61,55","0,85","0,9 %"
PRIVÉ,590816310,CLINIQUE ST AME,M12,15 424,5 410,10 014,793,"38,6 %","45,80","1,03","0,1 %"
PRIVÉ,590817458,CLINIQUE DE LA VICTOIRE,M12,10 921,1 579,9 342,2 616,"40,8 %","53,02","0,62","0,3 %"
PRIVÉ,590817839,POLYCLINIQUE DU VAL DE LYS,M12,27,26,1 à 10,0,"29,6 %","83,11","9,59","14,8 %"
PRIVÉ,600010862,SAS CENTRE CHIRURGICAL DE CHANTILLY,M12,6 352,793,5 559,0,"41,6 %","63,48","0,31","0,0 %"
PRIVÉ,600013999,CENTRE CHIRURGICAL,M12,4 463,0,4 463,0,"43,1 %","55,28","0,00","0,0 %"
PRIVÉ,600100184,CLINIQUE LE VALOIS,M12,323,320,1 à 10,0,"40,2 %","80,10","14,20","12,7 %"
PRIVÉ,600100754,POLYCLINIQUE SAINT-COME SA,M12,28 106,9 482,18 624,20 442,"47,0 %","57,81","0,79","0,4 %"
PRIVÉ,600110175,CLINIQUE DU PARC SAINT LAZARE,M12,11 218,3 365,7 853,94,"50,2 %","55,89","0,65","0,1 %"
PRIVÉ,610006421,CLINIQUE D'ALENCON,M12,5 918,1 232,4 686,99,"49,0 %","57,92","0,34","0,0 %"
PRIVÉ,620006049,CLINIQUE DE ST OMER,M12,11 122,3 153,7 969,662,"48,0 %","53,90","0,87","0,0 %"
PRIVÉ,620024208,CLINIQUE NÉPHROLOGIQUE DE L'AUDOMAROIS,M12,0,0,0,15 806,"63,3 %","69,86","0,00","0,0 %"
PRIVÉ,620100099,HÔPITAL PRIVÉ ARRAS LES BONNETTES,M12,21 038,7 612,13 426,8 853,"42,3 %","55,18","1,06","0,7 %"
PRIVÉ,620100487,CLINIQUE DES ACACIAS,M12,4 472,1 317,3 155,375,"48,6 %","60,31","1,25","0,7 %"
PRIVÉ,620100735,POLYCLINIQUE DE L'ARTOIS,M12,12 984,4 750,8 234,3 699,"41,1 %","54,62","1,49","0,7 %"
PRIVÉ,620100750,CLINIQUE AMBROISE PARE,M12,8 499,2 689,5 810,4 381,"52,5 %","53,49","0,60","0,1 %"
PRIVÉ,620101311,CLINIQUE DES 2 CAPS,M12,14 012,3 892,10 120,3 832,"50,0 %","56,32","0,73","0,4 %"
PRIVÉ,620101501,POLYCLINIQUE DE BOIS-BERNARD SA,M12,23 463,12 759,10 704,29 881,"57,4 %","62,85","0,78","0,3 %"
PRIVÉ,620105940,POLYCLINIQUE DU TERNOIS,M12,391,387,1 à 10,107,"40,4 %","69,44","7,88","6,4 %"
PRIVÉ,620116046,SAS CLINIQUE CHIRURGICALE DES 7 VALLEES,M12,2 205,0,2 205,13,"48,8 %","55,56","0,00","0,0 %"
PRIVÉ,620118513,CENTRE MÉDICO CHIRURGICAL ET OBSTÉTRICAL COTE D'OPALE,M12,20 858,10 873,9 985,6 328,"48,6 %","55,99","1,50","0,8 %"
PRIVÉ,630005668,CENTRE D'HÉMODIALYSE AURA ARCHE,M12,0,0,0,13 250,"59,7 %","70,40","0,00","0,0 %"
PRIVÉ,630780211,POLE SANTÉ REPUBLIQUE - CLERMONT,M12,23 858,10 561,13 297,11 448,"46,5 %","60,37","1,33","0,6 %"
PRIVÉ,630780369,CLINIQUE DE LA PLAINE - CLERMONT,M12,14 378,1 195,13 183,1 à 10,"45,9 %","53,84","0,17","0,0 %"
PRIVÉ,630781821,CLINIQUE DU GRAND PRE - DURTOL,M12,594,593,1 à 10,0,"38,4 %","82,87","13,51","9,3 %"
PRIVÉ,630781839,CLINIQUE CHATAIGNERAIE - BEAUMONT,M12,41 794,13 700,28 094,467,"48,9 %","50,21","1,15","0,1 %"
PRIVÉ,640005336,ANTENNE D'AUTODIALYSE NEPHROCARE - ORTHEZ,M12,0,0,0,5 138,"69,5 %","72,21","0,00","0,0 %"
PRIVÉ,640016580,CENTRE DE CARDIOLOGIE DU PAYS BASQUE,M12,7 601,5 765,1 836,0,"68,2 %","70,44","2,08","0,8 %"
PRIVÉ,640018206,CLINIQUE BELHARRA,M12,32 387,13 819,18 568,7 792,"43,9 %","54,21","1,39","0,5 %"
PRIVÉ,640019220,POLYCLINIQUE MARZET - SITE DE NAVARRE,M12,11 854,3 737,8 117,182,"52,5 %","56,07","1,00","0,1 %"
PRIVÉ,640019634,GCS COTE BASQUE SUD,M12,642,639,1 à 10,0,"38,8 %","87,50","10,65","11,8 %"
PRIVÉ,640780268,CLINIQUE DELAY,M12,11 259,935,10 324,965,"44,9 %","61,02","0,28","0,3 %"
PRIVÉ,640780490,CAPIO CLINIQUE AGUILERA,M12,19 403,5 324,14 079,962,"50,0 %","55,45","0,98","0,5 %"
PRIVÉ,640780623,CENTRE MÉDICAL ANNIE ENIA,M12,294,291,1 à 10,0,"50,7 %","74,76","16,28","76,9 %"
PRIVÉ,640780672,CLINIQUE MARIENIA,M12,502,0,502,0,"60,0 %","53,38","0,00","0,0 %"
PRIVÉ,640780748,POLYCLINIQUE COTE BASQUE SUD,M12,14 817,4 071,10 746,2 725,"47,0 %","62,92","0,84","0,5 %"
PRIVÉ,640780938,POLYCLINIQUE PAU PYRENEES SITE MARZET,M12,2 376,1 180,1 196,9 890,"46,9 %","65,09","0,93","1,6 %"
PRIVÉ,640780946,POLYCLINIQUE PAU PYRENEES SITE NAVARRE,M12,19 319,8 178,11 141,297,"42,0 %","54,16","1,57","0,1 %"
PRIVÉ,640781225,CLINIQUE MEDICALE CARDIOLOGIQUE ARESSY,M12,6 161,3 080,3 081,35,"61,6 %","69,98","2,41","1,5 %"
PRIVÉ,640781308,CLINIQUE PRINCESS,M12,3 463,1 015,2 448,27,"30,1 %","49,58","1,16","0,0 %"
PRIVÉ,640781332,NEPHROCARE BEARN-CTRE DIALYSE DU BEARN,M12,0,0,0,30 072,"67,6 %","73,16","0,00","0,0 %"
PRIVÉ,640789640,CENTRE D'HEMODIALYSE CLINIQUE DELAY,M12,0,0,0,21 502,"66,8 %","72,79","0,00","0,0 %"
PRIVÉ,650002579,CLINIQUE ORMEAU PYRENEES,M12,12 420,3 530,8 890,100,"52,2 %","60,63","1,03","0,1 %"
PRIVÉ,650780679,CLINIQUE ORMEAU SITE CENTRE,M12,8 190,5 467,2 723,5 962,"38,8 %","58,18","1,80","2,0 %"
PRIVÉ,660005182,AIDER UAD D'ELNE,M12,0,0,0,1 612,"58,7 %","59,38","0,00","0,0 %"
PRIVÉ,660005190,AIDER UAD DE FONT ROMEU,M12,0,0,0,308,"99,4 %","82,78","0,00","0,0 %"
PRIVÉ,660005208,AIDER UAD DU BOULOU,M12,0,0,0,1 297,"84,7 %","73,03","0,00","0,0 %"
PRIVÉ,660005216,AIDER UAD DE PERPIGNAN,M12,0,0,0,10 699,"54,5 %","65,45","0,00","0,0 %"
PRIVÉ,660006305,LA CLINIQUE MUTUALISTE CATALANE,M12,18 712,4 283,14 429,1 198,"47,1 %","60,50","0,65","0,1 %"
PRIVÉ,660780628,CLINIQUE DU VALLESPIR,M12,4 611,1 318,3 293,0,"45,0 %","68,08","1,76","1,7 %"
PRIVÉ,660780669,CLINIQUE NOTRE DAME D ESPERANCE,M12,9 004,6 175,2 829,1 à 10,"22,6 %","26,08","2,41","0,0 %"
PRIVÉ,660780776,CLINIQUE SAINT MICHEL,M12,3 664,1 372,2 292,56,"48,0 %","61,79","1,68","0,8 %"
PRIVÉ,660780784,CLINIQUE SAINT PIERRE,M12,24 320,12 113,12 207,18 111,"52,6 %","64,25","1,30","0,8 %"
PRIVÉ,660790387,POLYCLINIQUE SAINT ROCH,M12,26 817,9 725,17 092,29 098,"61,1 %","68,92","0,76","0,2 %"
PRIVÉ,670002187,CENTRE D'AUTODIALYSE DE L'AURAL STRASBOURG,M12,0,0,0,46 486,"59,6 %","62,53","0,00","0,0 %"
PRIVÉ,670013325,CENTRE AUTONOME ENDOSCOPIE DIGESTIVE,M12,5 564,0,5 564,552,"41,8 %","55,31","0,00","0,0 %"
PRIVÉ,670013341,ENDOSAV,M12,2 363,0,2 363,95,"48,4 %","59,02","0,00","0,0 %"
PRIVÉ,670013895,CENTRE D'AUTODIALYSE AURAL SAVERNE,M12,0,0,0,8 649,"59,8 %","72,60","0,00","0,0 %"
PRIVÉ,670018068,CLINIQUE RHENA GCS,M12,60 245,18 892,41 353,19,"50,2 %","54,83","0,93","0,1 %"
PRIVÉ,670780170,CLINIQUE DE L'ORANGERIE STRASB.,M12,13 222,3 592,9 630,8 944,"35,1 %","59,38","0,73","0,4 %"
PRIVÉ,670780378,CLINIQUE SAINT-FRANCOIS HAGUENAU,M12,18 682,3 376,15 306,1 728,"52,8 %","53,91","0,64","0,1 %"
PRIVÉ,670780386,CLINIQUE SAINTE ODILE HAGUENAU,M12,9 692,3 570,6 122,436,"52,1 %","60,44","1,11","0,2 %"
PRIVÉ,670795921,UNITÉ D'AUTODIALYSE AURAL HAGUENAU,M12,0,0,0,19 640,"61,3 %","68,72","0,00","0,0 %"
PRIVÉ,670799667,AURAL CLINIQUE SAINTE ANNE,M12,0,0,0,14 193,"55,6 %","67,59","0,00","0,0 %"
PRIVÉ,680000320,CLINIQUE DIACONAT FONDERIE,M12,24 639,11 398,13 241,89,"44,2 %","57,02","1,69","0,3 %"
PRIVÉ,680000338,CENTRE DE DIALYSE DIAVERUM MULHOUSE,M12,0,0,0,26 268,"56,9 %","70,46","0,00","0,0 %"
PRIVÉ,680000494,CLINIQUE DIACONAT ROOSEVELT,M12,23 406,8 889,14 517,1 311,"50,7 %","56,70","1,44","0,2 %"
PRIVÉ,680010824,UNITÉ D'AUTODIALYSE AURAL COLMAR,M12,0,0,0,18 744,"69,8 %","68,58","0,00","0,0 %"
PRIVÉ,680013778,UNITÉ D'AUTODIALYSE AURAL MULHOUSE,M12,0,0,0,18 213,"60,1 %","65,56","0,00","0,0 %"
PRIVÉ,680020088,NOUVELLE CLINIQUE DES TROIS FRONTIERES,M12,2 545,495,2 050,0,"58,3 %","52,75","0,58","0,0 %"
PRIVÉ,690022959,HÔPITAL PRIVÉ MERE ENFANT NATECIA,M12,15 288,8 129,7 159,338,"26,1 %","31,43","2,18","0,1 %"
PRIVÉ,690023239,CLINIQUE DU PARC,M12,18 398,4 987,13 411,42,"43,2 %","50,07","0,70","0,0 %"
PRIVÉ,690023411,HÔPITAL PRIVÉ JEAN MERMOZ,M12,34 502,12 449,22 053,23 301,"48,6 %","58,50","0,99","0,5 %"
PRIVÉ,690029186,ENDO LYON SUD OUEST,M12,2 548,0,2 548,0,"45,1 %","58,89","0,00","0,0 %"
PRIVÉ,690031513,NEPHROCARE RILLIEUX,M12,0,0,0,2 775,"66,3 %","67,60","0,00","0,0 %"
PRIVÉ,690041124,MEDIPOLE HÔPITAL PRIVÉ,M12,37 673,9 485,28 188,21 658,"55,1 %","61,84","0,71","0,3 %"
PRIVÉ,690042080,HÔPITAL PRIVÉ NATECIA - GYNECOLOGIE,M12,897,874,23,0,"24,6 %","16,75","3,68","0,1 %"
PRIVÉ,690043476,CLINIQUE DU PARC - CAK,M12,2 335,0,2 335,0,"40,4 %","73,82","0,00","0,0 %"
PRIVÉ,690780226,CLINIQUE DE LA PART-DIEU,M12,2 961,0,2 961,0,"41,3 %","63,46","0,00","0,0 %"
PRIVÉ,690780259,CLINIQUE SAINT-CHARLES,M12,9 321,1 080,8 241,0,"41,2 %","53,97","0,26","0,0 %"
PRIVÉ,690780358,CLINIQUE DU VAL D'OUEST-VENDOME,M12,30 004,10 963,19 041,1 449,"38,1 %","39,36","1,28","0,2 %"
PRIVÉ,690780366,CLINIQUE CHARCOT,M12,15 413,4 593,10 820,4 861,"41,4 %","61,06","0,80","0,4 %"
PRIVÉ,690780390,POLYCLINIQUE DE RILLIEUX,M12,12 858,5 246,7 612,1 456,"43,4 %","57,05","1,47","0,5 %"
PRIVÉ,690780499,NEPHROCARE TASSIN-CHARCOT,M12,0,0,0,37 317,"61,7 %","71,37","0,00","0,0 %"
PRIVÉ,690780648,CLINIQUE DE LA SAUVEGARDE,M12,28 457,10 124,18 333,6 838,"52,3 %","58,49","1,18","0,6 %"
PRIVÉ,690780655,HÔPITAL PRIVÉ DE L'EST LYONNAIS,M12,10 324,3 300,7 024,1 328,"44,4 %","56,33","1,22","0,9 %"
PRIVÉ,690780663,CLINIQUE TRENEL,M12,16 416,4 491,11 925,2 640,"50,3 %","55,99","0,72","0,2 %"
PRIVÉ,690791082,CENTRE SPECIALISE LES BRUYERES,M12,636,634,1 à 10,0,"78,5 %","44,23","6,41","0,0 %"
PRIVÉ,690793468,INFIRMERIE PROTESTANTE DE LYON,M12,26 097,9 196,16 901,6 707,"49,7 %","61,56","1,23","0,6 %"
PRIVÉ,690807367,POLYCLINIQUE DU BEAUJOLAIS,M12,16 934,5 969,10 965,2 655,"45,2 %","52,81","1,13","0,4 %"
PRIVÉ,700780174,CLINIQUE ST MARTIN,M12,3 667,600,3 067,46,"49,2 %","60,34","0,35","0,0 %"
PRIVÉ,710006859,POLYCLINIQUE DU VAL DE SAONE,M12,15 337,4 519,10 818,3 099,"46,9 %","59,79","0,94","0,3 %"
PRIVÉ,710780917,HÔPITAL PRIVÉ SAINTE MARIE,M12,17 603,4 063,13 540,13 526,"51,1 %","64,23","0,67","0,4 %"
PRIVÉ,710781410,CLINIQUE DU PARC,M12,3 449,1 214,2 235,0,"49,9 %","60,10","1,37","0,1 %"
PRIVÉ,710781824,CENTRE ORTHOPEDIQUE MEDICO-CHIR,M12,4 953,2 628,2 325,1 à 10,"52,4 %","57,04","1,99","0,0 %"
PRIVÉ,720000199,CLINIQUE DU PRE,M12,24 393,8 111,16 282,396,"54,5 %","57,51","1,35","0,2 %"
PRIVÉ,720000231,CLINIQUE DU TERTRE ROUGE,M12,6 339,4 493,1 846,39,"16,1 %","26,36","2,65","0,0 %"
PRIVÉ,720000249,CLINIQUE VICTOR HUGO,M12,1 573,1 163,410,18 202,"46,6 %","65,44","0,54","1,0 %"
PRIVÉ,720003441,CENTRE DIALYSE ECHO LE MANS CH,M12,0,0,0,10 295,"60,4 %","70,78","0,00","0,0 %"
PRIVÉ,720017748,CENTRE MÉDICO-CHIRURGICAL DU MANS,M12,34 697,14 820,19 877,780,"51,5 %","60,74","1,98","0,9 %"
PRIVÉ,720017839,CENTRE DIALYSE ECHO LE MANS PSS,M12,0,0,0,16 692,"56,4 %","71,47","0,00","0,0 %"
PRIVÉ,730004298,HÔPITAL PRIVÉ MEDIPOLE DE SAVOIE,M12,31 659,8 899,22 760,7 982,"46,7 %","57,68","0,80","0,4 %"
PRIVÉ,730012499,GCS CLINIQUE HERBERT,M12,4 242,1 466,2 776,0,"49,5 %","58,91","1,17","0,2 %"
PRIVÉ,740014345,HÔPITAL PRIVÉ PAYS DE SAVOIE,M12,27 295,8 700,18 595,2 865,"46,1 %","50,55","1,11","0,4 %"
PRIVÉ,740780416,CLINIQUE DU LAC ET D'ARGONAY,M12,15 463,6 819,8 644,481,"51,8 %","54,30","1,17","0,1 %"
PRIVÉ,740780424,CLINIQUE GENERALE ANNECY,M12,22 443,8 215,14 228,3 964,"44,0 %","51,28","1,00","0,3 %"
PRIVÉ,750047318,CENTRE DIAVERUM PARIS SAINT MAUR,M12,0,0,0,11 336,"60,6 %","56,77","0,00","0,0 %"
PRIVÉ,750300014,SA CLINIQUE DU LOUVRE,M12,14 060,936,13 124,72,"42,8 %","53,53","0,09","0,0 %"
PRIVÉ,750300071,CLINIQUE GEOFFROY ST HILAIRE,M12,22 856,4 373,18 483,232,"39,8 %","57,82","0,72","0,0 %"
PRIVÉ,750300089,CLINIQUE DU SPORT,M12,5 848,1 993,3 855,0,"62,5 %","43,45","0,89","0,0 %"
PRIVÉ,750300097,INSTITUT ARTHUR VERNES,M12,4 386,478,3 908,0,"46,4 %","53,19","0,11","0,0 %"
PRIVÉ,750300121,FOND ST JEAN DE DIEU CLINIQUE OUDINOT,M12,13 371,2 532,10 839,5 150,"29,5 %","56,32","0,32","0,0 %"
PRIVÉ,750300139,CLINIQUE DE L ALMA,M12,11 068,3 488,7 580,13 994,"57,0 %","62,85","0,33","0,0 %"
PRIVÉ,750300154,CLINIQUE TURIN,M12,22 426,7 317,15 109,28 557,"58,5 %","62,05","0,33","0,0 %"
PRIVÉ,750300360,HÔPITAL PRIVÉ DES PEUPLIERS,M12,31 966,7 554,24 412,2 697,"48,4 %","53,78","0,58","0,1 %"
PRIVÉ,750300410,CLINIQUE JEANNE D'ARC,M12,5 491,2 378,3 113,50,"33,4 %","45,39","1,99","0,7 %"
PRIVÉ,750300493,CLINIQUE ARAGO,M12,4 921,3 111,1 810,1 à 10,"43,9 %","59,87","2,80","0,0 %"
PRIVÉ,750300550,CLINIQUE SAINTE GENEVIEVE,M12,8 883,932,7 951,43,"36,1 %","56,91","0,12","0,0 %"
PRIVÉ,750300592,CLINIQUE BLOMET,M12,9 019,1 855,7 164,0,"47,2 %","47,77","0,33","0,0 %"
PRIVÉ,750300667,MATERNITE SAINTE FELICITE,M12,6 962,6 867,95,1 à 10,"25,0 %","17,35","4,90","0,1 %"
PRIVÉ,750300741,CLINIQUE VICTOR HUGO,M12,6 926,293,6 633,26,"41,5 %","49,73","0,05","0,0 %"
PRIVÉ,750300766,CLINIQUE BIZET,M12,12 733,4 696,8 037,4 140,"42,4 %","55,79","1,29","0,6 %"
PRIVÉ,750300774,CLINIQUE JOUVENET,M12,11 313,2 032,9 281,0,"42,3 %","61,87","0,62","0,0 %"
PRIVÉ,750300840,CLINIQUE DE LA MUETTE,M12,13 432,4 492,8 940,27,"21,7 %","44,58","0,90","0,0 %"
PRIVÉ,750300857,CLINIQUE REMUSAT,M12,3 194,504,2 690,11,"45,0 %","45,45","0,24","0,0 %"
PRIVÉ,750300881,CLINIQUE DU TROCADERO,M12,13 496,2 559,10 937,1 à 10,"37,1 %","49,63","0,34","0,0 %"
PRIVÉ,750300915,CLINIQUE INTERNATIONALE PARC MONCEAU,M12,11 784,3 551,8 233,16 588,"49,7 %","60,12","0,42","0,2 %"
PRIVÉ,750300931,CLINIQUE SAINTE-THERESE,M12,3 434,2 651,783,51,"19,6 %","22,61","2,85","0,0 %"
PRIVÉ,750301137,CLINIQUE ALLERAY LABROUSTE,M12,8 807,3 680,5 127,1 à 10,"51,9 %","61,78","1,98","0,8 %"
PRIVÉ,750301145,CLINIQUE DU MONT LOUIS,M12,19 987,4 174,15 813,63,"45,8 %","51,66","0,98","0,3 %"
PRIVÉ,750301160,CLINIQUE DES MAUSSINS,M12,6 708,2 147,4 561,77,"56,6 %","46,49","1,17","0,0 %"
PRIVÉ,750790164,CLINIQUE ROOSEVELT,M12,98,0,98,0,"57,1 %","70,90","0,00","0,0 %"
PRIVÉ,750829053,CENTRE D'AUTODIALYSE CLINIQUE ALMA,M12,0,0,0,3 566,"75,2 %","52,33","0,00","0,0 %"
PRIVÉ,750831067,CENTRE DIAVERUM PARIS MONT LOUIS,M12,0,0,0,17 199,"71,7 %","66,13","0,00","0,0 %"
PRIVÉ,760021329,HÔPITAL PRIVÉ DE L'ESTUAIRE,M12,27 774,12 163,15 611,29 204,"50,4 %","64,13","1,00","0,5 %"
PRIVÉ,760025312,CLINIQUE MATHILDE,M12,34 906,11 041,23 865,5 688,"39,5 %","51,27","1,00","0,3 %"
PRIVÉ,760027292,POLYCLINIQUE MEGIVAL,M12,7 415,2 221,5 194,1 723,"49,6 %","60,29","1,08","0,7 %"
PRIVÉ,760780205,CLINIQUE SAINT ANTOINE,M12,4 238,1 373,2 865,0,"34,6 %","45,16","0,89","0,0 %"
PRIVÉ,760780510,CLINIQUE DU CEDRE,M12,18 236,6 697,11 539,1 776,"51,9 %","58,95","1,16","0,4 %"
PRIVÉ,760780619,CLINIQUE SAINT HILAIRE,M12,23 837,9 648,14 189,7 584,"46,9 %","61,69","1,03","0,5 %"
PRIVÉ,760780668,CLINIQUE HEMERA PAYS DE CAUX,M12,5 537,0,5 537,88,"36,5 %","55,20","0,00","0,1 %"
PRIVÉ,760780783,CLINIQUE TOUS VENTS,M12,3 418,705,2 713,67,"45,8 %","57,77","0,84","0,3 %"
PRIVÉ,760780791,CLINIQUE DES ORMEAUX,M12,11 267,3 839,7 428,6 452,"50,1 %","56,71","0,76","0,6 %"
PRIVÉ,760780825,CLINIQUE DE L'ABBAYE,M12,4 077,1 274,2 803,0,"49,4 %","56,46","0,94","0,1 %"
PRIVÉ,760783159,CLINIQUE DES ESSARTS,M12,937,935,1 à 10,0,"77,3 %","45,88","3,94","0,0 %"
PRIVÉ,760921809,CLINIQUE DE L'EUROPE,M12,19 218,7 009,12 209,19 467,"52,3 %","63,51","0,84","0,2 %"
PRIVÉ,770016087,CENTRE DIALYSE DIAVERUM MONTEREAU,M12,0,0,0,14 357,"57,4 %","73,69","0,00","0,0 %"
PRIVÉ,770020055,CENTRE NEPHROCARE MARNE LA VALLEE,M12,1 à 10,1 à 10,0,36 923,"57,0 %","67,81","0,00","0,0 %"
PRIVÉ,770300010,HÔPITAL PRIVÉ DE MARNE CHANTEREINE,M12,11 017,3 399,7 618,1 655,"50,6 %","53,19","2,33","1,1 %"
PRIVÉ,770300135,CLINIQUE MÉDICO-CHIRURGICALE LES FONTAINES,M12,11 201,4 535,6 666,21,"55,4 %","59,86","1,81","0,4 %"
PRIVÉ,770300143,POLYCLINIQUE SAINT JEAN,M12,17 734,3 844,13 890,6 164,"49,9 %","56,92","0,60","0,3 %"
PRIVÉ,770300192,CLINIQUE ST BRICE,M12,2 333,417,1 916,1 à 10,"46,4 %","55,21","0,42","0,0 %"
PRIVÉ,770790707,CLINIQUE DE TOURNAN,M12,9 550,3 558,5 992,13 090,"56,1 %","61,34","0,65","0,2 %"
PRIVÉ,770809028,CENTRE DIALYSE DIAVERUM AVON,M12,0,0,0,10 366,"62,6 %","62,91","0,00","0,0 %"
PRIVÉ,770813400,CLINIQUE SAINT FARON,M12,8 777,1 875,6 902,2 070,"43,7 %","58,62","0,68","1,2 %"
PRIVÉ,780018727,CLINIQUE SAINT GERMAIN,M12,8 695,3 903,4 792,10 920,"54,5 %","59,21","0,81","0,3 %"
PRIVÉ,780022737,POLYCLINIQUE DE MAISONS LAFFITTE,M12,551,515,36,1 à 10,"43,0 %","72,63","11,67","8,5 %"
PRIVÉ,780300075,CENTRE CARDIOLOGIQUE D EVECQUEMONT,M12,4 111,3 982,129,1 à 10,"64,5 %","65,23","3,86","1,1 %"
PRIVÉ,780300125,POLYCLINIQUE LA REGION MANTAISE,M12,10 263,2 016,8 247,199,"52,8 %","51,52","0,90","0,2 %"
PRIVÉ,780300208,CLINIQUE SAINT LOUIS,M12,11 305,2 227,9 078,75,"49,0 %","47,23","0,78","0,2 %"
PRIVÉ,780300323,CLINIQUE DES FRANCISCAINES,M12,20 415,6 966,13 449,124,"46,5 %","50,16","1,28","0,1 %"
PRIVÉ,780300406,CENTRE MÉDICO-CHIRURGICAL DE PARLY II,M12,22 824,8 198,14 626,0,"46,5 %","56,45","1,60","0,3 %"
PRIVÉ,780300414,CENTRE MÉDICO-CHIRURGICAL EUROPE,M12,16 930,5 051,11 879,20 584,"55,1 %","63,81","0,92","0,6 %"
PRIVÉ,780300422,HÔPITAL PRIVÉ OUEST,M12,27 117,8 665,18 452,20 424,"57,7 %","58,08","0,85","0,3 %"
PRIVÉ,780300455,CH PRIVÉ DU MONTGARDE,M12,12 789,1 828,10 961,153,"56,9 %","50,24","0,81","0,7 %"
PRIVÉ,790009948,POLYCLINIQUE INKERMANN,M12,15 956,6 218,9 738,435,"47,0 %","59,26","1,58","0,4 %"
PRIVÉ,800002503,SA SAINTE ISABELLE,M12,8 335,2 077,6 258,18 541,"63,2 %","65,50","0,21","0,0 %"
PRIVÉ,800009466,POLYCLINIQUE DE PICARDIE,M12,14 564,4 093,10 471,20,"52,7 %","54,48","1,00","0,2 %"
PRIVÉ,800009920,SA CLINIQUE VICTOR PAUCHET,M12,27 012,13 072,13 940,1 130,"37,7 %","48,19","1,98","0,9 %"
PRIVÉ,800013179,SAS CLINIQUE DE L'EUROPE,M12,5 830,2 713,3 117,12 078,"44,5 %","62,40","0,45","0,4 %"
PRIVÉ,800015729,SAS CARDIOLOGIE ET URGENCES,M12,6 169,3 663,2 506,1 à 10,"56,9 %","64,95","1,79","0,8 %"
PRIVÉ,800018491,CCO SOPP AMIENS,M12,3 962,0,3 962,0,"42,5 %","70,54","0,00","0,1 %"
PRIVÉ,810000224,CENTRE MÉDICO CHIRURGICAL ET OBSTÉTRICAL CLAUDE BERNARD,M12,19 762,10 032,9 730,33 244,"56,2 %","68,88","0,97","0,5 %"
PRIVÉ,810101170,CLINIQUE TOULOUSE LAUTREC,M12,10 157,3 724,6 433,472,"56,6 %","62,63","1,00","0,1 %"
PRIVÉ,810101444,CLINIQUE DU SIDOBRE,M12,10 379,4 849,5 530,230,"51,5 %","63,09","1,90","0,6 %"
PRIVÉ,820000040,CLINIQUE CROIX SAINT MICHEL,M12,10 273,4 154,6 119,494,"39,2 %","46,69","1,51","0,7 %"
PRIVÉ,820000057,CLINIQUE DU PONT DE CHAUME,M12,20 368,11 175,9 193,25 926,"55,0 %","65,61","1,05","0,7 %"
PRIVÉ,820000065,CLINIQUE DU DOCTEUR CAVE,M12,10 731,616,10 115,0,"48,2 %","65,26","0,08","0,0 %"
PRIVÉ,830012548,CENTRE D'HEMODIALYSE DE L'AVODD,M12,0,0,0,26 127,"63,4 %","71,71","0,00","0,0 %"
PRIVÉ,830012688,CENTRE NÉPHROLOGIQUE LES FLEURS,M12,0,0,0,20 312,"62,1 %","75,61","0,00","0,0 %"
PRIVÉ,830013819,UDM STE ANNE TOULON,M12,0,0,0,8 596,"58,9 %","75,34","0,00","0,0 %"
PRIVÉ,830017505,CENTRE DE DIALYSE DE L'AVODD,M12,0,0,0,18 635,"62,5 %","73,17","0,00","0,0 %"
PRIVÉ,830100103,CLINIQUE STE MARGUERITE,M12,13 640,3 388,10 252,17 280,"56,4 %","66,44","0,52","0,4 %"
PRIVÉ,830100251,CLINIQUE DU CAP D'OR,M12,9 876,3 579,6 297,4 376,"46,0 %","61,57","1,19","1,1 %"
PRIVÉ,830100319,POLYCLINIQUE LES FLEURS,M12,17 259,8 930,8 329,72,"62,6 %","66,67","2,17","1,1 %"
PRIVÉ,830100327,CLINIQUE LES LAURIERS,M12,8 844,1 493,7 351,167,"46,8 %","59,37","0,43","0,0 %"
PRIVÉ,830100368,CLINIQUE CHIRURGICALE DU GOLFE DE SAINT TROPEZ,M12,5 975,1 603,4 372,58,"49,7 %","59,16","1,01","0,1 %"
PRIVÉ,830100392,POLYCLINIQUE NOTRE DAME,M12,11 607,3 811,7 796,221,"55,4 %","63,85","1,32","0,4 %"
PRIVÉ,830100418,CLINIQUE NOTRE DAME DE LA MERCI,M12,6 361,1 069,5 292,0,"49,0 %","60,94","0,42","0,0 %"
PRIVÉ,830100434,CLINIQUE SAINT JEAN,M12,27 084,7 638,19 446,6 069,"40,8 %","50,44","0,95","0,6 %"
PRIVÉ,830100459,CLINIQUE SAINT MICHEL,M12,16 063,3 098,12 965,172,"43,7 %","58,49","0,48","0,0 %"
PRIVÉ,830100475,CLINIQUE SAINT ROCH,M12,5 406,1 442,3 964,31,"44,3 %","53,93","0,91","0,0 %"
PRIVÉ,830100855,CENTRE DE GÉRONTOLOGIE ST.FRANCOIS,M12,1 238,1 234,1 à 10,0,"38,7 %","82,98","8,25","3,6 %"
PRIVÉ,830213617,A.V.O.D.D.-AUTODIALYSE BRIGNOLES,M12,0,0,0,6 138,"65,4 %","70,38","0,00","0,0 %"
PRIVÉ,830213625,A.V.O.D.D.-AUTODIALYSE TOULON,M12,0,0,0,3 736,"66,5 %","72,59","0,00","0,0 %"
PRIVÉ,830215687,DIAVERUM DRAGUIGNAN CENTRE DE DIALYSE,M12,0,0,0,23 241,"63,2 %","71,37","0,00","0,0 %"
PRIVÉ,840000285,POLYCLINIQUE URBAIN V,M12,12 160,5 032,7 128,126,"24,3 %","44,28","1,25","0,0 %"
PRIVÉ,840000327,CLINIQUE DU DR MONTAGARD,M12,2 368,1 509,859,1 à 10,"47,1 %","57,50","2,21","0,0 %"
PRIVÉ,840000400,SYNERGIA LUBERON,M12,8 548,1 848,6 700,11,"47,4 %","58,49","0,61","0,1 %"
PRIVÉ,840000467,CAPIO CLINIQUE D'ORANGE,M12,8 930,1 719,7 211,64,"48,5 %","57,66","0,54","0,0 %"
PRIVÉ,840011043,CENTRE D'HEMODIALYSE DE L'ATIR,M12,0,0,0,29 568,"65,5 %","70,89","0,00","0,0 %"
PRIVÉ,840012538,ATIR AUTODIALYSE ISLE SUR SORGUE,M12,0,0,0,736,"51,0 %","54,73","0,00","0,0 %"
PRIVÉ,840013312,CLINIQUE RHONE DURANCE,M12,11 575,7 905,3 670,920,"67,8 %","67,42","2,05","0,6 %"
PRIVÉ,840013445,CLINIQUE FONTVERT ST FRANCOIS,M12,20 652,1 565,19 087,153,"48,8 %","54,51","0,16","0,0 %"
PRIVÉ,840017172,SYNERGIA VENTOUX,M12,10 702,2 974,7 728,155,"50,4 %","58,98","0,94","0,2 %"
PRIVÉ,840017222,ATIR CENTRE D'HÉMODIALYSE,M12,0,0,0,17 483,"64,7 %","71,34","0,00","0,0 %"
PRIVÉ,840017461,HEMODIALYSE ATIR CH ORANGE,M12,0,0,0,17 221,"57,1 %","71,88","0,00","0,0 %"
PRIVÉ,840018774,ATIR UNITE DIALYSE MEDIC CAVAILLON,M12,0,0,0,6 120,"66,1 %","72,73","0,00","0,0 %"
PRIVÉ,850000118,CLINIQUE SAINT CHARLES,M12,22 484,6 675,15 809,11,"46,0 %","52,10","1,08","0,3 %"
PRIVÉ,850000126,CLINIQUE SUD VENDEE,M12,8 251,2 112,6 139,108,"50,9 %","62,05","0,87","0,2 %"
PRIVÉ,850000134,CLINIQUE CHIRURGICALE PORTE OCEANE,M12,9 876,3 386,6 490,0,"50,7 %","63,37","1,31","0,1 %"
PRIVÉ,850009333,DIALYSE ECHO LA ROCHE SUR YON,M12,0,0,0,12 112,"51,6 %","67,63","0,00","0,0 %"
PRIVÉ,850011271,DIALYSE ECHO CHALLANS,M12,0,0,0,7 081,"71,3 %","71,53","0,00","0,0 %"
PRIVÉ,850022047,DIALYSE ECHO ILE D'YEU,M12,0,0,0,825,"74,2 %","67,02","0,00","0,0 %"
PRIVÉ,850023151,DIALYSE ECHO FONTENAY LE COMTE,M12,0,0,0,4 434,"56,0 %","70,98","0,00","0,0 %"
PRIVÉ,850025156,CENTRE DIALYSE ECHO OLONNES SUR MER,M12,0,0,0,11 224,"61,0 %","72,99","0,00","0,0 %"
PRIVÉ,860010321,POLYCLINIQUE DE POITIERS,M12,22 757,7 169,15 588,343,"52,5 %","55,79","1,11","0,2 %"
PRIVÉ,860780311,CLINIQUE DE CHATELLERAULT,M12,6 670,1 503,5 167,1 à 10,"45,5 %","60,29","0,87","0,2 %"
PRIVÉ,860780568,CLINIQUE FIEF DE GRIMOIRE,M12,7 847,3 362,4 485,85,"26,3 %","49,18","1,22","0,1 %"
PRIVÉ,870000080,UNITÉ DE DIALYSE LIMOGES BUISSON,M12,0,0,0,14 997,"65,4 %","69,79","0,00","0,0 %"
PRIVÉ,870000288,CLINIQUE FRANÇOIS CHENIEUX,M12,40 672,17 079,23 593,11 782,"47,8 %","63,51","1,60","0,8 %"
PRIVÉ,870000411,CLINIQUE EMAILLEURS-COLOMBIER LIMOGES,M12,12 134,6 761,5 373,216,"37,0 %","45,01","2,08","0,1 %"
PRIVÉ,880788591,POLYCLINIQUE LA LIGNE BLEUE,M12,14 944,6 478,8 466,19 561,"57,6 %","63,81","0,73","0,1 %"
PRIVÉ,890000169,CLINIQUE PAUL PICQUET SENS,M12,13 122,3 190,9 932,1 932,"47,7 %","57,01","0,72","0,2 %"
PRIVÉ,890002389,POLYCLINIQUE STE MARGUERITE AUXERRE,M12,11 628,2 742,8 886,1 681,"51,8 %","62,46","1,00","0,5 %"
PRIVÉ,900000035,HÔPITAL PRIVÉ DE LA MIOTTE,M12,10 203,1 561,8 642,55,"47,0 %","57,09","0,39","0,0 %"
PRIVÉ,910002609,CENTRE D'HEMODIALYSE D'ATHIS,M12,0,0,0,14 401,"53,6 %","65,98","0,00","0,0 %"
PRIVÉ,910009349,CENTRE D'HEMODIALYSE D ETAMPES,M12,0,0,0,16 891,"62,4 %","72,47","0,00","0,0 %"
PRIVÉ,910015965,CLINIQUE LE MOULIN DE VIRY,M12,460,458,1 à 10,0,"35,0 %","83,43","13,55","4,3 %"
PRIVÉ,910022037,UDM NEPHROCARE ILE DE FRANCE,M12,0,0,0,3 670,"57,2 %","64,27","0,00","0,0 %"
PRIVÉ,910300011,CLINIQUE DES CHARMILLES,M12,12 567,1 536,11 031,179,"46,7 %","50,66","0,30","0,0 %"
PRIVÉ,910300029,HÔPITAL D ATHIS MONS SITE JULES VALLES,M12,922,914,1 à 10,0,"39,3 %","83,06","8,73","6,9 %"
PRIVÉ,910300060,CLINIQUE GERIATRIQUE LES VALLEES,M12,193,193,0,0,"31,1 %","85,67","21,22","4,1 %"
PRIVÉ,910300144,CENTRE MÉDICO-CHIRURGICAL ET OBST,M12,14 383,5 530,8 853,31 506,"55,4 %","59,08","0,55","0,2 %"
PRIVÉ,910300177,CLINIQUE DE L'YVETTE,M12,16 968,6 254,10 714,49,"45,4 %","46,66","1,21","0,1 %"
PRIVÉ,910300219,HÔPITAL PRIVÉ JACQUES CARTIER,M12,20 648,9 449,11 199,11 003,"60,1 %","65,58","1,88","0,7 %"
PRIVÉ,910300300,HÔPITAL PRIVÉ DU VAL D'YERRES,M12,6 780,2 821,3 959,1 735,"50,6 %","59,75","2,95","2,8 %"
PRIVÉ,910300326,CLINIQUE PASTEUR,M12,1 013,695,318,5 484,"40,4 %","65,62","0,40","1,0 %"
PRIVÉ,910300359,HÔPITAL PRIVÉ D ATHIS MONS,M12,6 621,0,6 621,53,"55,6 %","39,63","0,00","0,0 %"
PRIVÉ,910803543,CH PRIVÉ CLAUDE GALIEN,M12,23 481,8 823,14 658,19 578,"54,5 %","57,57","1,08","0,6 %"
PRIVÉ,910805357,CLINIQUE DE L ESSONNE,M12,14 549,2 822,11 727,268,"52,9 %","39,53","0,65","0,0 %"
PRIVÉ,910813963,UNITÉ D'AUTODIALYSE DE BIEVRES,M12,0,0,0,5 396,"54,0 %","59,06","0,00","0,0 %"
PRIVÉ,920008539,HÔPITAL AMERICAIN 2,M12,1 à 10,1 à 10,0,11 326,"56,2 %","70,80","0,01","0,0 %"
PRIVÉ,920300043,HÔPITAL PRIVÉ D ANTONY,M12,42 976,16 735,26 241,28 170,"48,0 %","55,35","1,19","0,6 %"
PRIVÉ,920300183,CENTRE CHIRURGICAL DES PRINCES,M12,13 174,911,12 263,1 à 10,"37,9 %","53,30","0,11","0,0 %"
PRIVÉ,920300191,C.C.B.B. MARCEL SEMBAT,M12,9 775,1 605,8 170,51,"62,3 %","28,24","0,38","0,0 %"
PRIVÉ,920300266,CLINIQUE DU PLATEAU,M12,1 623,1 059,564,175,"40,4 %","71,88","3,48","7,8 %"
PRIVÉ,920300365,CLINIQUE LA MONTAGNE,M12,9 785,1 330,8 455,0,"50,0 %","44,55","0,28","0,0 %"
PRIVÉ,920300415,CLINIQUE LAMBERT,M12,7 456,1 806,5 650,20 406,"51,5 %","63,39","0,34","0,2 %"
PRIVÉ,920300597,CLINIQUE DE MEUDON LA FORET,M12,15 018,3 802,11 216,2 635,"49,2 %","58,36","1,29","0,8 %"
PRIVÉ,920300712,CENTRE CHIRURGICAL P. CHEREST,M12,10 673,1 038,9 635,37,"33,5 %","57,26","0,13","0,1 %"
PRIVÉ,920300753,CENTRE CHIRURGICAL AMBROISE PARE,M12,16 537,11 630,4 907,11 434,"64,7 %","68,11","1,83","0,5 %"
PRIVÉ,920300761,CLINIQUE HARTMANN,M12,14 473,4 058,10 415,11 305,"35,1 %","55,59","0,65","0,5 %"
PRIVÉ,920300787,HÔPITAL AMERICAIN,M12,14 912,6 626,8 286,1 546,"42,6 %","54,04","2,04","1,3 %"
PRIVÉ,920300837,CLINIQUE LES MARTINETS,M12,8 836,693,8 143,14 494,"57,5 %","62,70","0,06","0,0 %"
PRIVÉ,920300936,CENTRE CHIRURGICAL VAL D'OR,M12,5 758,2 334,3 424,1 à 10,"52,7 %","57,89","2,73","1,0 %"
PRIVÉ,920301033,CENTRE CANCEROLOGIE DE LA PORTE ST CLOUD,M12,119,119,0,6 430,"28,8 %","62,76","0,06","0,0 %"
PRIVÉ,920811775,UNITÉ D'AUTODIALYSE DE SURESNES,M12,0,0,0,10 457,"78,2 %","60,45","0,00","0,0 %"
PRIVÉ,930014428,CENTRE DE DIALYSE DE L'ESTREE,M12,0,0,0,10 959,"50,7 %","69,82","0,00","0,0 %"
PRIVÉ,930022603,CENTRE DE DIALYSE DE MONTFERMEIL,M12,0,0,0,10 492,"58,0 %","65,82","0,00","0,0 %"
PRIVÉ,930300025,HÔPITAL EUROPEEN LA ROSERAIE,M12,13 697,7 317,6 380,19 598,"63,1 %","59,25","1,30","0,8 %"
PRIVÉ,930300066,HÔPITAL PRIVÉ DE L EST PARISIEN,M12,12 629,4 018,8 611,36 769,"60,0 %","65,67","0,45","0,2 %"
PRIVÉ,930300082,CENTRE CHIRURGICAL FLOREAL,M12,15 371,3 658,11 713,2 199,"54,7 %","47,86","1,19","0,5 %"
PRIVÉ,930300116,HÔPITAL PRIVÉ DE SEINE ST DENIS,M12,18 760,8 601,10 159,2 115,"41,2 %","38,54","2,00","0,4 %"
PRIVÉ,930300264,CLINIQUE LES LILAS,M12,3 765,656,3 109,0,"51,1 %","46,34","0,65","0,1 %"
PRIVÉ,930300298,POLYCLINIQUE VAUBAN,M12,10 692,3 018,7 674,1 à 10,"45,8 %","39,46","0,95","0,0 %"
PRIVÉ,930300553,CLINIQUE DE L'ESTREE,M12,16 515,7 537,8 978,1 918,"42,9 %","41,52","2,38","1,0 %"
PRIVÉ,930300587,CLINIQUE DU LANDY,M12,6 935,911,6 024,19 120,"49,9 %","64,98","0,15","0,1 %"
PRIVÉ,930300595,CLINIQUE DU VERT GALANT,M12,13 012,2 868,10 144,20 471,"55,3 %","62,02","0,53","0,4 %"
PRIVÉ,930300645,CENTRE CARDIOLOGIQUE DU NORD,M12,16 775,9 679,7 096,38,"60,5 %","64,60","3,03","1,1 %"
PRIVÉ,930817333,DIAVERUM SAINT DENIS- CTRE HEMODIALYSE,M12,0,0,0,36 183,"62,7 %","60,93","0,00","0,0 %"
PRIVÉ,940000078,UNITÉ D'AUTODIALYSE DE CRETEIL,M12,0,0,0,15 076,"70,8 %","58,89","0,00","0,0 %"
PRIVÉ,940006679,HÔPITAL PRIVÉ DE MARNE-LA-VALLÉE,M12,16 659,6 698,9 961,15 397,"51,4 %","52,87","0,87","0,1 %"
PRIVÉ,940300031,HÔPITAL PRIVÉ PAUL D'EGINE,M12,23 666,5 799,17 867,19 579,"52,9 %","59,15","0,66","0,4 %"
PRIVÉ,940300163,CLINIQUE LES TOURNELLES,M12,377,376,1 à 10,0,"38,2 %","86,97","10,72","7,2 %"
PRIVÉ,940300270,HÔPITAL PRIVÉ ARMAND BRILLARD,M12,20 970,9 350,11 620,16 572,"48,0 %","55,47","0,98","0,3 %"
PRIVÉ,940300379,CLINIQUE GASTON METIVET,M12,11 314,4 215,7 099,77,"41,2 %","52,61","1,74","0,7 %"
PRIVÉ,940300445,CLINIQUE DU SUD,M12,7 702,2 012,5 690,20 481,"63,2 %","63,91","0,45","0,4 %"
PRIVÉ,940300452,CLINIQUE MEDICALE DE DIETETIQUE,M12,1 793,1 792,1 à 10,0,"21,2 %","50,23","3,44","0,0 %"
PRIVÉ,940300494,POLYCLINIQUE DE VILLENEUVE ST GEORGES,M12,6 701,1 944,4 757,32 319,"59,3 %","64,16","0,39","0,1 %"
PRIVÉ,940300551,HÔPITAL PRIVÉ DE VITRY SITE NORIETS,M12,4 550,2 795,1 755,93,"19,0 %","31,57","2,29","0,3 %"
PRIVÉ,940300569,HÔPITAL PRIVÉ DE VITRY SITE PASTEUR,M12,10 298,3 913,6 385,1 à 10,"51,5 %","48,89","1,99","1,0 %"
PRIVÉ,940813017,UNITÉ D'AUTODIALYSE DE VILLEJUIF,M12,0,0,0,19 410,"55,3 %","55,11","0,00","0,0 %"
PRIVÉ,940813033,CLINIQUE DE BERCY,M12,15 978,2 572,13 406,623,"44,5 %","47,55","0,27","0,0 %"
PRIVÉ,950032714,CLINIQUE AMBULATOIRE DE DOMONT,M12,10 274,0,10 274,16,"44,3 %","55,15","0,00","0,0 %"
PRIVÉ,950300095,POLYCLINIQUE DU PLATEAU,M12,5 934,1 160,4 774,22 495,"54,5 %","64,07","0,26","0,1 %"
PRIVÉ,950300152,CLINIQUE MIRABEAU,M12,168,165,1 à 10,0,"44,6 %","83,08","15,07","35,7 %"
PRIVÉ,950300202,CLINIQUE CONTI,M12,18 939,4 626,14 313,171,"47,4 %","47,83","0,89","0,1 %"
PRIVÉ,950300244,CH PRIVÉ SAINTE MARIE,M12,24 200,4 138,20 062,6 199,"47,1 %","54,66","0,62","0,4 %"
PRIVÉ,950300277,HÔPITAL PRIVÉ NORD PARISIEN,M12,16 979,5 267,11 712,26 500,"54,9 %","56,20","0,59","0,1 %"
PRIVÉ,950300301,CLINIQUE MEDICALE DU PARC ST OUEN,M12,722,534,188,241,"43,5 %","60,74","5,65","19,0 %"
PRIVÉ,950807982,CLINIQUE CLAUDE BERNARD,M12,31 336,9 983,21 353,24 752,"51,7 %","56,44","0,70","0,2 %"
PRIVÉ,970100012,POLYCLINIQUE DE LA GUADELOUPE,M12,7 309,2 544,4 765,1 à 10,"40,9 %","61,87","1,26","0,1 %"
PRIVÉ,970100020,CENTRE MEDICO-SOCIAL,M12,9 442,1 963,7 479,791,"32,3 %","59,22","0,68","1,0 %"
PRIVÉ,970100137,POLYCLINIQUE SAINT-CHRISTOPHE,M12,897,400,497,26,"36,1 %","63,40","1,15","0,7 %"
PRIVÉ,970102596,CLINIQUE DE CHOISY,M12,2 020,690,1 330,53 504,"54,3 %","67,56","0,05","0,0 %"
PRIVÉ,970103099,CLINIQUE LES NOUVELLES EAUX-MARINES,M12,294,293,1 à 10,0,"48,6 %","71,94","6,52","1,0 %"
PRIVÉ,970107249,CLINIQUE LES EAUX CLAIRES,M12,24 586,8 859,15 727,5 005,"39,8 %","53,05","1,07","0,2 %"
PRIVÉ,970107454,A.U.D.R.A.,M12,0,0,0,38 407,"62,1 %","63,30","0,00","0,0 %"
PRIVÉ,970111571,EAUX VIVES DIALYSE,M12,0,0,0,17 171,"50,9 %","71,02","0,00","0,0 %"
PRIVÉ,970202313,CLINIQUE SAINT PAUL,M12,19 053,5 456,13 597,1 à 10,"37,5 %","54,65","1,28","0,1 %"
PRIVÉ,970203774,STEER SARL,M12,0,0,0,21 500,"59,2 %","63,18","0,00","0,0 %"
PRIVÉ,970302055,HÔPITAL PRIVÉ SAINT-GABRIEL,M12,2 941,472,2 469,10 462,"61,7 %","59,90","0,10","0,0 %"
PRIVÉ,970302071,CLINIQUE SAINT-PAUL,M12,19,19,0,0,"57,9 %","67,53","12,00","21,1 %"
PRIVÉ,970305843,GUYANE SANTÉ HIBISCUS,M12,171,169,1 à 10,0,"45,0 %","81,72","7,58","7,0 %"
PRIVÉ,970403705,UDM,M12,0,0,0,8 360,"46,4 %","57,42","0,00","0,0 %"
PRIVÉ,970403721,UAD-UDM,M12,0,0,0,15 188,"45,7 %","62,55","0,00","0,0 %"
PRIVÉ,970403747,UAD,M12,0,0,0,2 874,"38,3 %","51,61","0,00","0,0 %"
PRIVÉ,970403754,UDM-UAD,M12,0,0,0,16 098,"47,3 %","64,08","0,00","0,0 %"
PRIVÉ,970403762,UAD,M12,0,0,0,5 081,"56,3 %","60,79","0,00","0,0 %"
PRIVÉ,970403770,UAD,M12,0,0,0,6 958,"66,6 %","55,19","0,00","0,0 %"
PRIVÉ,970404018,CENTRE D'HEMODIALYSE MG DURIEUX,M12,0,0,0,17 874,"55,9 %","70,10","0,00","0,0 %"
PRIVÉ,970404109,INSTITUT ROBERT DEBRE,M12,452,433,19,0,"88,5 %","46,24","7,99","0,0 %"
PRIVÉ,970404158,CENTRE UDM-UAD,M12,0,0,0,14 319,"43,7 %","68,06","0,00","0,0 %"
PRIVÉ,970404844,CLINIQUE SAINT-VINCENT,M12,8 056,816,7 240,16,"40,5 %","54,45","0,12","0,0 %"
PRIVÉ,970405064,CENTRE,M12,0,0,0,17 393,"50,8 %","69,02","0,00","0,0 %"
PRIVÉ,970405411,SODIA DELPRA,M12,142,0,142,33 080,"56,4 %","66,18","0,00","0,0 %"
PRIVÉ,970405676,UAD-DAD-DP,M12,0,0,0,6 929,"38,4 %","53,85","0,00","0,0 %"
PRIVÉ,970407151,UDM-UAD,M12,0,0,0,9 967,"53,7 %","66,39","0,00","0,0 %"
PRIVÉ,970409991,UAD,M12,0,0,0,7 107,"59,0 %","51,60","0,00","0,0 %"
PRIVÉ,970410064,SODIA OASIS,M12,13,0,13,31 009,"44,7 %","69,66","0,00","0,0 %"
PRIVÉ,970410155,UAD,M12,0,0,0,5 796,"64,9 %","54,67","0,00","0,0 %"
PRIVÉ,970410163,UAD,M12,0,0,0,1 à 10,NA,NA,NA,NA
PRIVÉ,970462024,CLINIQUE JEANNE D'ARC,M12,3 804,2 416,1 388,171,"12,6 %","23,91","2,29","0,1 %"
PRIVÉ,970462073,CLINIQUE DURIEUX,M12,16 162,4 616,11 546,59,"42,5 %","47,59","0,74","0,1 %"
PRIVÉ,970462081,CLINIQUE LES ORCHIDEES,M12,14 179,3 495,10 684,3 399,"44,3 %","50,29","0,50","0,0 %"
PRIVÉ,970462107,CLINIQUE SAINTE CLOTILDE,M12,29 414,16 705,12 709,9 239,"42,3 %","53,48","1,65","0,5 %"
PRIVÉ,970466751,SARL AVICENNE,M12,4 307,0,4 307,0,"42,6 %","60,76","0,00","0,0 %"
PRIVÉ,980500763,UNITÉ D'AUTODIALYSE MAMOUDZOU,M12,122,0,122,9 300,"62,6 %","59,30","0,00","0,0 %"
,,Total,,NA,NA,NA,NA,"51,3 %","59,81","0,82","0,3 %"
