﻿Catégorie,Finess,Raison Sociale,Période,Nombre de séjoursséances total,Nombre de séjours en hospit complète,Nombre de séjours en hospit partielle,Nombre de séances,Sexe ratio (% homme),Age moyen,Durée moyenne de séjour,% décès
PRIVÉ,010007300,CLINIQUE AMBULATOIRE CENDANEG,M12,2 038,0,2 038,0,"47,5 %","64,22","0,00","0,0 %"
PRIVÉ,010780195,CLINIQUE CONVERT BOURG-EN-B.,M12,17 850,6 355,11 495,3 709,"52,5 %","60,51","1,17","0,8 %"
PRIVÉ,010780203,HÔPITAL PRIVÉ D'AMBERIEU,M12,16 202,6 937,9 265,333,"44,5 %","52,69","1,55","1,0 %"
PRIVÉ,010780294,NEPHROCARE CH BELLEY,M12,0,0,0,9 944,"58,8 %","67,62","0,00","0,0 %"
PRIVÉ,020000360,CLINIQUE SAINT CHRISTOPHE,M12,6 254,1 000,5 254,0,"51,0 %","55,83","0,40","0,0 %"
PRIVÉ,020010047,POLYCLINIQUE ST CLAUDE,M12,15 990,5 092,10 898,3 463,"48,2 %","58,18","0,91","0,5 %"
PRIVÉ,030780548,POLYCLINIQUE PERGOLA - VICHY,M12,10 981,3 110,7 871,2 307,"53,8 %","63,66","0,80","0,5 %"
PRIVÉ,030781116,CLINIQUE ST-FRANC ST ANT -DESERTINE,M12,14 206,4 929,9 277,7 095,"59,2 %","67,11","1,41","1,0 %"
PRIVÉ,030785430,POLYCLINIQUE ST-ODILON - MOULINS,M12,9 835,3 861,5 974,988,"48,6 %","63,10","1,03","0,5 %"
PRIVÉ,040780470,CLINIQUE CHIRURGICALE TOUTES AURES,M12,5 050,508,4 542,0,"51,2 %","62,76","0,35","0,0 %"
PRIVÉ,040784860,CENTRE D'HEMODIALYSE DES ALPES,M12,0,0,0,18 132,"64,1 %","73,45","0,00","0,0 %"
PRIVÉ,050000090,CLINIQUE DES HAUTES-ALPES,M12,12 861,2 009,10 852,534,"51,4 %","59,07","0,29","0,0 %"
PRIVÉ,060010949,AGAHTIR UDM ANTIBES,M12,0,0,0,10 481,"75,3 %","70,87","0,00","0,0 %"
PRIVÉ,060021276,AGAHTIR CENTRE D'HEMODIALYSE,M12,0,0,0,9 495,"59,0 %","75,28","0,00","0,0 %"
PRIVÉ,060021417,HÔPITAL PRIVÉ CANNES OXFORD,M12,19 502,2 851,16 651,122,"47,3 %","57,90","0,52","0,2 %"
PRIVÉ,060780442,CLINIQUE SAINT FRANCOIS,M12,6 091,1 500,4 591,1 à 10,"38,1 %","58,78","0,28","0,0 %"
PRIVÉ,060780491,INSTITUT ARNAULT TZANCK,M12,20 556,6 558,13 998,268,"53,9 %","62,68","1,42","0,6 %"
PRIVÉ,060780517,POLYCLINIQUE SAINT-JEAN,M12,30 573,9 480,21 093,10 534,"43,4 %","60,02","1,04","0,6 %"
PRIVÉ,060780590,CLINIQUE DU PALAIS,M12,7 687,1 946,5 741,314,"47,6 %","59,23","0,65","0,1 %"
PRIVÉ,060780715,CLINIQUE SAINT GEORGE,M12,39 222,12 636,26 586,7 807,"48,6 %","57,87","1,04","0,4 %"
PRIVÉ,060780723,CLINIQUE DU PARC IMPERIAL,M12,16 844,3 905,12 939,3 415,"48,3 %","60,05","0,65","0,3 %"
PRIVÉ,060780756,CLINIQUE SANTA MARIA,M12,16 032,8 257,7 775,174,"25,8 %","36,69","1,76","0,0 %"
PRIVÉ,060781200,CLINIQUE SAINT ANTOINE,M12,10 683,3 084,7 599,319,"42,0 %","60,71","1,59","0,8 %"
PRIVÉ,060791860,CENTRE D'HEMODIALYSE A TZANCK,M12,0,0,0,35 131,"63,3 %","71,23","0,00","0,0 %"
PRIVÉ,060792900,A TZANCK AUTODIALYSE MOUGINS,M12,0,0,0,2 420,"69,8 %","69,70","0,00","0,0 %"
PRIVÉ,060792926,CENTRE D'HEMODIALYSE LA RIVIERA ANTIBES,M12,0,0,0,13 791,"67,5 %","72,52","0,00","0,0 %"
PRIVÉ,060800166,HP A. TZANCK MOUGINS SOPHIA ANTIPOLIS,M12,21 509,6 150,15 359,9 641,"47,7 %","61,71","0,94","0,5 %"
PRIVÉ,070780168,CLINIQUE DU VIVARAIS,M12,6 335,1 207,5 128,102,"47,4 %","63,62","0,56","0,0 %"
PRIVÉ,070780424,CLINIQUE PASTEUR,M12,15 056,5 190,9 866,44,"48,0 %","56,84","1,35","0,1 %"
PRIVÉ,100000082,CLINIQUE PAYS DE SEINE,M12,4 082,898,3 184,22,"50,3 %","57,75","0,70","0,2 %"
PRIVÉ,100000124,POLYCLINIQUE MONTIER LA CELLE,M12,15 377,4 578,10 799,512,"48,6 %","59,91","0,83","0,0 %"
PRIVÉ,110004413,AIDER UAD NARBONNE,M12,0,0,0,3 897,"69,0 %","70,08","0,00","0,0 %"
PRIVÉ,110004421,AIDER UAD LIMOUX,M12,0,0,0,2 483,"49,3 %","69,13","0,00","0,0 %"
PRIVÉ,110004439,AIDER UAD DE TREBES,M12,0,0,0,2 076,"61,7 %","66,13","0,00","0,0 %"
PRIVÉ,110005311,AIDER UAD DE CARCASSONNE,M12,0,0,0,7 415,"77,9 %","66,16","0,00","0,0 %"
PRIVÉ,110007259,UDM HÔPITAL PRIVÉ DU GRAND NARBONNE,M7,0,0,0,2 718,"73,6 %","73,16","0,00","0,0 %"
PRIVÉ,110780228,HÔPITAL PRIVÉ DU GRAND NARBONNE,M12,21 176,6 106,15 070,20 559,"52,0 %","66,67","0,71","0,8 %"
PRIVÉ,110780483,CLINIQUE MONTREAL,M12,16 935,4 022,12 913,1 864,"49,1 %","60,75","0,87","0,9 %"
PRIVÉ,120001748,UNITÉ DIALYSE MEDICALISEE MILLAU,M12,0,0,0,6 066,"70,2 %","74,65","0,00","0,0 %"
PRIVÉ,130008253,CLINIQUE DE VITROLLES,M12,7 878,2 926,4 952,295,"34,9 %","33,56","1,23","0,0 %"
PRIVÉ,130034002,DIAVERUM PROVENCE SALON,M12,0,0,0,10 474,"63,5 %","69,89","0,00","0,0 %"
PRIVÉ,130034044,DIAVERUM PROVENCE MARIGNANE,M12,0,0,0,7 830,"66,1 %","73,03","0,00","0,0 %"
PRIVÉ,130034093,DIAVERUM PROVENCE HE MARSEILLE 3E,M12,0,0,0,8 632,"73,4 %","64,77","0,00","0,0 %"
PRIVÉ,130034531,DIAVERUM PROVENCE ARLES,M12,0,0,0,21 409,"60,0 %","73,42","0,00","0,0 %"
PRIVÉ,130038003,DIALYSAIX - CENTRE D'HÉMODIALYSE D'AIX EN PROVENCE,M12,0,0,0,26 870,"70,3 %","73,11","0,00","0,0 %"
PRIVÉ,130041767,EUROMED CARDIO,M12,3 122,2 722,400,46,"66,7 %","68,55","2,97","0,5 %"
PRIVÉ,130042096,GCS CENTRE CARDIO AXIUM RAMBO,M12,3 315,3 060,255,0,"69,6 %","70,07","2,25","0,4 %"
PRIVÉ,130044753,CLINIQUE MONTICELLI VELODROME,M12,13 880,775,13 105,0,"44,2 %","62,61","0,07","0,0 %"
PRIVÉ,130781370,CLINIQUE JEANNE D'ARC,M12,220,217,1 à 10,1 à 10,"40,7 %","66,07","2,04","0,0 %"
PRIVÉ,130781479,CLINIQUE LA CASAMANCE,M12,19 405,8 953,10 452,3 679,"49,0 %","60,59","1,87","1,1 %"
PRIVÉ,130781867,CLINIQUE DE LA CIOTAT,M12,7 572,1 020,6 552,4 702,"52,4 %","63,02","0,18","0,0 %"
PRIVÉ,130782071,CLINIQUE DE L'ETANG DE L'OLIVIER,M12,6 905,1 775,5 130,43,"51,2 %","53,68","1,22","0,7 %"
PRIVÉ,130782147,CLINIQUE GENERALE DE MARIGNANE,M12,12 536,5 287,7 249,34,"54,8 %","62,05","2,25","1,8 %"
PRIVÉ,130782162,CLINIQUE DE MARTIGUES,M12,7 956,1 354,6 602,327,"46,2 %","57,49","0,45","0,0 %"
PRIVÉ,130782675,CLINIQUE CHIRURGICALE DU DR VIGNOLI,M12,7 828,903,6 925,61,"49,0 %","57,38","0,38","0,0 %"
PRIVÉ,130783327,CLINIQUE BOUCHARD,M12,21 873,9 235,12 638,19 886,"45,8 %","57,55","0,79","0,1 %"
PRIVÉ,130783723,CLINIQUE JUGE,M12,21 652,2 753,18 899,0,"44,3 %","50,56","0,28","0,0 %"
PRIVÉ,130784051,POLYCLINIQUE CLAIRVAL,M12,20 022,12 705,7 317,13 661,"58,1 %","62,79","2,17","0,6 %"
PRIVÉ,130784481,DIAVERUM PROVENCE MARSEILLE 8E,M12,0,0,0,48 515,"61,6 %","70,05","0,00","0,0 %"
PRIVÉ,130784713,CLINIQUE BEAUREGARD,M12,28 823,11 507,17 316,6 571,"36,0 %","51,96","1,58","0,5 %"
PRIVÉ,130784903,CLINIQUE MÉDICO-CHIRURGICALE LA PHOCEANNE,M12,5 185,1 473,3 712,0,"35,4 %","67,47","2,33","0,2 %"
PRIVÉ,130785389,CLINIQUE CHANTECLER,M12,10 996,1 567,9 429,59,"49,3 %","53,99","0,42","0,0 %"
PRIVÉ,130785678,CLINIQUE VERT COTEAU,M12,9 184,2 658,6 526,1 716,"47,5 %","60,48","2,29","0,9 %"
PRIVÉ,130786361,POLYCLINIQUE DU PARC RAMBOT,M12,37 394,13 044,24 350,11 451,"49,1 %","59,67","1,18","0,5 %"
PRIVÉ,130789159,CENTRE CARDIO-VASCULAIRE VALMANT,M12,786,785,1 à 10,0,"42,4 %","82,54","9,88","5,3 %"
PRIVÉ,130809809,CENTRE D'HEMODIALYSE DE PROVENCE,M12,0,0,0,23 151,"63,2 %","75,51","0,00","0,0 %"
PRIVÉ,130810740,CLINIQUE AXIUM,M12,31 186,4 953,26 233,599,"48,9 %","53,98","0,59","0,3 %"
PRIVÉ,140000290,CLINIQUE NOTRE-DAME,M12,6 451,1 382,5 069,54,"46,3 %","59,75","0,67","0,1 %"
PRIVÉ,140016759,POLYCLINIQUE DU PARC,M12,30 901,11 938,18 963,7 244,"40,9 %","54,76","1,20","0,5 %"
PRIVÉ,140017237,CH PRIVÉ ST MARTIN CAEN,M12,38 834,14 129,24 705,13 555,"58,1 %","65,91","0,95","0,2 %"
PRIVÉ,140018730,POLYCLINIQUE DE LISIEUX,M12,7 608,1 738,5 870,110,"54,1 %","62,57","0,63","0,0 %"
PRIVÉ,140026709,POLYCLINIQUE DE DEAUVILLE-CRICQUEBOEUF,M12,5 618,1 638,3 980,91,"49,0 %","59,99","0,86","0,1 %"
PRIVÉ,150003416,UNITÉ DE DIALYSE - CH DE MAURIAC,M12,0,0,0,2 346,"26,3 %","74,24","0,00","0,0 %"
PRIVÉ,150780120,CLINIQUE DU HAUT CANTAL,M12,327,325,1 à 10,0,"58,7 %","69,99","3,85","2,1 %"
PRIVÉ,150780732,CENTRE MÉDICO-CHIRURGICAL AURILLAC,M12,11 423,4 175,7 248,15 955,"59,5 %","68,10","0,88","0,6 %"
PRIVÉ,160000170,CLINIQUE SAINT JOSEPH ANGOULEME,M12,9 195,2 011,7 184,0,"51,2 %","60,32","0,76","0,1 %"
PRIVÉ,160000279,CLINIQUE DE COGNAC,M12,6 172,1 219,4 953,0,"47,7 %","56,98","0,68","0,2 %"
PRIVÉ,160013207,CENTRE CLINICAL,M12,24 231,6 997,17 234,5 393,"42,7 %","57,62","0,77","0,4 %"
PRIVÉ,170780563,ÉTABLISSEMENT DE SOINS PASTEUR - ROYAN,M12,12 956,3 731,9 225,356,"55,0 %","63,48","1,02","0,2 %"
PRIVÉ,170780621,POLYCLINIQUE SAINT-GEORGES,M12,4 863,1 319,3 544,0,"45,8 %","62,62","1,11","0,1 %"
PRIVÉ,170780647,CLINIQUE RICHELIEU - SAINTES,M12,7 736,1 094,6 642,0,"44,6 %","58,58","0,29","0,0 %"
PRIVÉ,170780662,CLINIQUE DE L'ATLANTIQUE,M12,32 707,5 974,26 733,192,"44,8 %","59,90","0,44","0,0 %"
PRIVÉ,180004145,HÔPITAL PRIVÉ GUILLAUME DE VARYE,M12,17 206,5 575,11 631,8 737,"43,8 %","59,14","0,90","0,8 %"
PRIVÉ,190000224,CLINIQUE LES CEDRES BRIVE,M12,16 897,5 341,11 556,506,"47,0 %","59,78","1,18","0,2 %"
PRIVÉ,200200145,POLYCLINIQUE LA RESIDENCE,M12,11 515,3 611,7 904,5 378,"47,7 %","58,20","0,90","0,4 %"
PRIVÉ,210011847,POLYCLINIQUE DU PARC DREVON,M12,11 229,1 929,9 300,5 533,"45,8 %","61,15","0,41","0,5 %"
PRIVÉ,210012670,HÔPITAL PRIVÉ DIJON BOURGOGNE,M12,43 832,16 882,26 950,358,"48,4 %","55,20","1,05","0,2 %"
PRIVÉ,210780789,CLINIQUE MUTUALISTE BENIGNE JOLY,M12,13 314,5 326,7 988,20 548,"59,1 %","61,08","0,53","0,2 %"
PRIVÉ,220000111,POLYCLINIQUE DU TREGOR,M12,6 000,1 499,4 501,2 213,"49,8 %","65,41","0,67","0,1 %"
PRIVÉ,220005599,POLYCLINIQUE DU PAYS DE RANCE,M12,9 811,2 043,7 768,87,"49,8 %","63,13","0,66","0,2 %"
PRIVÉ,220013106,UNITÉ DIALYSE BEGARD AUB SANTÉ,M12,0,0,0,827,"76,3 %","73,14","0,00","0,0 %"
PRIVÉ,220013130,UNITÉ D'AUTODIALYSE PAIMPOL - AUB,M12,0,0,0,77,"100,0 %","77,23","0,00","0,0 %"
PRIVÉ,220013155,UNITÉ D'AUTODIALYSE SAINT ALBAN - AUB,M12,0,0,0,512,"88,7 %","67,47","0,00","0,0 %"
PRIVÉ,220016778,UNITÉ DIALYSE SAINT BRIEUC AUB SANTÉ,M12,0,0,0,64,"87,5 %","61,56","0,00","0,0 %"
PRIVÉ,220019558,UNIT DIALYSE LA BEAUCHÉE ST BRIEUC AUB,M12,0,0,0,8 817,"66,6 %","66,38","0,00","0,0 %"
PRIVÉ,220019848,UNITÉ DIALYSE LOUDEAC AUB SANTÉ,M12,0,0,0,2 135,"69,7 %","65,42","0,00","0,0 %"
PRIVÉ,220020507,UNITÉ DIALYSE LANNION AUB SANTÉ,M12,0,0,0,9 451,"61,9 %","70,52","0,00","0,0 %"
PRIVÉ,220021976,UNITÉ DIALYSE DINAN AUB SANTÉ,M12,0,0,0,2 266,"70,2 %","69,94","0,00","0,0 %"
PRIVÉ,220022800,HÔPITAL PRIVÉ DES COTES D'ARMOR,M12,25 736,8 809,16 927,12 435,"44,9 %","59,59","0,98","0,5 %"
PRIVÉ,230780157,CLINIQUE DE LA MARCHE GUERET,M12,4 032,727,3 305,97,"38,9 %","62,59","0,57","0,0 %"
PRIVÉ,240000190,POLYCLINIQUE FRANCHEVILLE,M12,14 636,5 366,9 270,7 126,"46,9 %","62,71","1,13","1,0 %"
PRIVÉ,240000208,CLINIQUE PASTEUR,M12,6 783,878,5 905,1 à 10,"50,2 %","65,01","0,46","0,0 %"
PRIVÉ,240000216,CLINIQUE DU PARC,M12,8 102,1 288,6 814,0,"45,1 %","59,82","0,48","0,0 %"
PRIVÉ,240006734,CENTRE D'HEMODIALYSE FRANCHEVILLE,M12,0,0,0,21 489,"58,2 %","74,51","0,00","0,0 %"
PRIVÉ,250000270,CLINIQUE SAINT-VINCENT,M12,24 562,6 821,17 741,102,"56,0 %","61,89","0,84","0,2 %"
PRIVÉ,250011848,POLYCLINIQUE DE FRANCHE COMTE,M12,18 045,5 043,13 002,1 533,"37,9 %","52,64","0,73","0,0 %"
PRIVÉ,260000260,CLINIQUE LA PARISIERE,M12,8 924,1 650,7 274,295,"51,5 %","60,63","0,47","0,0 %"
PRIVÉ,260003017,SA CLINIQUE KENNEDY,M12,19 415,5 407,14 008,93,"52,6 %","54,95","0,59","0,0 %"
PRIVÉ,260006267,CLINIQUE GENERALE,M12,6 996,844,6 152,6 387,"40,2 %","56,14","0,43","0,5 %"
PRIVÉ,270000326,CLINIQUE PASTEUR,M12,13 377,4 433,8 944,4 840,"51,3 %","60,94","0,86","0,5 %"
PRIVÉ,270000862,CLINIQUE BERGOUIGNAN,M12,4 659,1 271,3 388,0,"52,8 %","67,10","0,79","0,1 %"
PRIVÉ,280000449,POLE MEDICAL MAISON BLANCHE,M12,1 à 10,1 à 10,0,0,"100,0 %","67,67","9,67","0,0 %"
PRIVÉ,280504689,CLINIQUE NÉPHROLOGIQUE DE MAISON BLANCHE,M12,0,0,0,16 942,"58,5 %","72,05","0,00","0,0 %"
PRIVÉ,280505777,HÔPITAL PRIVÉ D'EURE ET LOIR,M12,18 026,5 398,12 628,3 129,"45,7 %","60,83","1,15","0,8 %"
PRIVÉ,290000140,CLINIQUE PASTEUR-SAINT ESPRIT,M12,17 782,5 223,12 559,8 205,"44,5 %","62,38","0,74","0,9 %"
PRIVÉ,290000207,CLINIQUE ST MICHEL ET STE ANNE,M6,6 550,1 190,5 360,1 947,"48,3 %","65,20","0,55","0,4 %"
PRIVÉ,290000215,POLYCLINIQUE QUIMPER SUD,M12,6 045,1 396,4 649,204,"42,2 %","61,04","0,71","0,1 %"
PRIVÉ,290000850,STE BRESTOISE DU REIN ARTIFICIEL,M12,0,0,0,11 329,"66,3 %","74,30","0,00","0,0 %"
PRIVÉ,290004142,CLINIQUE DU GRAND LARGE,M12,8 283,1 976,6 307,161,"44,4 %","57,45","0,73","0,1 %"
PRIVÉ,290005131,UNITÉ DIALYSE PLOURIN-LES-MORLAIX AUB,M12,0,0,0,4 225,"84,0 %","71,95","0,00","0,0 %"
PRIVÉ,290005172,UNITÉ DIALYSE BREST HERMITAGE AUB,M12,0,0,0,4 252,"59,9 %","60,60","0,00","0,0 %"
PRIVÉ,290005230,UNITÉ DIALYSE DOUARNENEZ - AUB,M12,0,0,0,3 810,"43,4 %","75,72","0,00","0,0 %"
PRIVÉ,290018555,UNITÉ D'AUTODIALYSE MORLAIX - AUB,M12,0,0,0,6 408,"68,1 %","64,56","0,00","0,0 %"
PRIVÉ,290018563,UNITÉ DIALYSE QUIMPER KERRADENNEC AUB,M12,0,0,0,9 829,"70,3 %","65,80","0,00","0,0 %"
PRIVÉ,290019777,POLYCLINIQUE DE KERAUDREN,M12,26 296,11 562,14 734,414,"50,5 %","50,55","1,45","0,2 %"
PRIVÉ,290021070,UNITÉ D'AUTODIALYSE CONCARNEAU - AUB,M12,0,0,0,1 566,"72,0 %","70,98","0,00","0,0 %"
PRIVÉ,290023431,CENTRE MÉDICO-CHIRURGICAL BAIE DE MORLAIX,M12,7 925,1 895,6 030,779,"54,0 %","61,04","0,45","0,1 %"
PRIVÉ,290023779,UNITÉ DIALYSE CARHAIX AUB,M12,0,0,0,6 138,"70,7 %","69,44","0,00","0,0 %"
PRIVÉ,290023787,UNITÉ DIALYSE LANDIVISIAU AUB SANTÉ,M12,0,0,0,657,"80,1 %","64,16","0,00","0,0 %"
PRIVÉ,290023795,UNITÉ D'AUTODIALYSE LE FOLGOET - AUB,M12,0,0,0,2 708,"58,5 %","71,75","0,00","0,0 %"
PRIVÉ,290025337,UNITÉ DIALYSE PLONEOUR LANVERN AUB,M12,0,0,0,833,"52,1 %","70,55","0,00","0,0 %"
PRIVÉ,290028539,UNITÉ DIALYSE LANDERNEAU - AUB,M12,0,0,0,659,"76,3 %","75,71","0,00","0,0 %"
PRIVÉ,290029669,UNITÉ DIALYSE QUIMPER AUB SANTÉ,M12,0,0,0,4 700,"66,6 %","74,48","0,00","0,0 %"
PRIVÉ,290030808,UNITÉ DIALYSE CROZON AUB SANTÉ,M12,0,0,0,2 836,"63,5 %","72,26","0,00","0,0 %"
PRIVÉ,290032028,UNITÉ DIALYSE BREST QUESTEL AUB SANTÉ,M12,0,0,0,9 634,"57,9 %","67,99","0,00","0,0 %"
PRIVÉ,290032655,UNITÉ DIALYSE QUIMPERLE MELLAC AUB,M12,0,0,0,2 403,"64,0 %","73,69","0,00","0,0 %"
PRIVÉ,290036540,CLINIQUE MUTUALISTE BRETAGNE OCCIDENTALE,M12,12 956,2 489,10 467,2 409,"46,5 %","63,47","0,56","0,2 %"
PRIVÉ,2A0000139,SA CLINISUD,M12,14 901,3 847,11 054,411,"49,8 %","60,45","1,01","0,3 %"
PRIVÉ,2A0000154,CLINIQUE DU SUD DE LA CORSE,M12,6 798,2 645,4 153,6 541,"53,1 %","60,11","0,82","0,5 %"
PRIVÉ,2B0000079,CLINIQUE DR FILIPPI,M12,4 867,167,4 700,0,"41,3 %","62,19","0,04","0,0 %"
PRIVÉ,2B0000392,POLYCLINIQUE DE FURIANI,M12,5 367,1 645,3 722,122,"55,9 %","60,45","1,06","0,1 %"
PRIVÉ,2B0005664,CLINIQUE DE TOGA,M12,152,151,1 à 10,0,"54,6 %","75,05","23,21","56,6 %"
PRIVÉ,300002508,CENTRE DE CHIRURGIE AMBULATOIRE DES HAUTS D'AVIGNON,M12,4 722,0,4 722,0,"49,4 %","51,93","0,00","0,0 %"
PRIVÉ,300007119,AIDER ALES,M12,0,0,0,12 171,"62,3 %","69,36","0,00","0,0 %"
PRIVÉ,300008588,NEPHROCARE NIMES,M12,0,0,0,21 390,"61,5 %","73,74","0,00","0,0 %"
PRIVÉ,300008638,NEPHROCARE BAGNOLS SUR CEZE,M12,0,0,0,4 937,"75,2 %","71,84","0,00","0,0 %"
PRIVÉ,300017209,KENVAL INSTITUT DE CANCEROLOGIE,M12,737,707,30,8 915,"42,7 %","66,30","0,69","1,2 %"
PRIVÉ,300017431,AIDER SANTÉ UAD UDM GCS PAAC,M12,0,0,0,12 397,"57,5 %","78,16","0,00","0,0 %"
PRIVÉ,300780137,NOUVELLE CLINIQUE BONNEFON,M12,13 038,2 947,10 091,166,"47,3 %","60,99","1,06","0,4 %"
PRIVÉ,300780152,HÔPITAL PRIVÉ LES FRANCISCAINES,M12,15 771,7 615,8 156,1 à 10,"53,0 %","61,73","1,84","0,3 %"
PRIVÉ,300781465,CLINIQUE KENNEDY,M12,2 573,166,2 407,1 à 10,"42,3 %","62,36","0,13","0,0 %"
PRIVÉ,300787421,AIDER DE NIMES,M12,0,0,0,20 572,"61,7 %","67,78","0,00","0,0 %"
PRIVÉ,300788502,POLYCLINIQUE DU GRAND SUD,M12,33 782,11 276,22 506,1 910,"43,8 %","51,64","1,02","0,1 %"
PRIVÉ,310011838,UN_DIALYSEMEDICALISEECORNEBARRIEU_CNO,M12,0,0,0,3 031,"61,4 %","71,51","0,00","0,0 %"
PRIVÉ,310021571,CENTRE GERIATRIQUE DES MINIMES,M12,440,414,26,17,"36,1 %","85,47","6,20","5,0 %"
PRIVÉ,310026083,CLINIQUE SAINT-CYPRIEN RIVE GAUCHE,M12,33 838,12 170,21 668,467,"41,2 %","37,17","1,19","0,1 %"
PRIVÉ,310026927,CLINIQUE CAPIO LA CROIX DU SUD,M12,48 322,17 654,30 668,7 257,"44,9 %","53,33","1,28","0,5 %"
PRIVÉ,310780150,CLINIQUE MEDIPOLE GARONNE,M12,22 596,7 881,14 715,955,"46,9 %","52,12","0,69","0,0 %"
PRIVÉ,310780259,SA CLINIQUE PASTEUR,M12,45 986,21 437,24 549,12 440,"51,1 %","64,77","1,52","0,7 %"
PRIVÉ,310780283,NOUVELLE CLINIQUE DE L'UNION,M12,46 655,15 867,30 788,6 769,"49,6 %","57,45","1,23","0,5 %"
PRIVÉ,310780366,CLINIQUE MONIE,M12,2 139,797,1 342,135,"42,7 %","67,55","3,33","3,6 %"
PRIVÉ,310780382,CLINIQUE AMBROISE PARE,M12,19 600,9 215,10 385,1 179,"43,1 %","43,86","1,76","0,3 %"
PRIVÉ,310781000,CLINIQUE DES CEDRES,M12,42 161,14 956,27 205,5 041,"47,3 %","58,61","1,36","0,7 %"
PRIVÉ,310781505,CLINIQUE D'OCCITANIE,M12,32 075,12 944,19 131,4 751,"50,6 %","57,38","1,32","0,5 %"
PRIVÉ,310781695,CLINIQUE DE LAGARDELLE,M12,320,316,1 à 10,0,"47,2 %","79,48","15,48","41,9 %"
PRIVÉ,310782016,CLINIQUE NÉPHROLOGIQUE SAINT EXUPERY,M12,3 200,2 028,1 172,40 043,"57,3 %","73,34","0,33","0,2 %"
PRIVÉ,310786389,CLINIQUE DES PYRENEES,M12,79,79,0,0,"30,4 %","83,95","11,84","1,3 %"
PRIVÉ,310794417,CENTRE NÉPHROLOGIQUE D'OCCITANIE,M12,0,0,0,28 050,"67,1 %","77,32","0,00","0,0 %"
PRIVÉ,320780067,POLYCLINIQUE DE GASCOGNE,M12,6 973,1 623,5 350,31,"56,8 %","59,95","0,69","0,1 %"
PRIVÉ,330017989,CENTRE D'HEMODIALYSE BORDEAUX RIVE DROITE,M12,0,0,0,14 960,"52,8 %","74,96","0,00","0,0 %"
PRIVÉ,330060658,GCS CLINIQUE CHIRURGICALE LIBOURNAIS,M12,10 128,894,9 234,14,"47,8 %","61,14","0,18","0,0 %"
PRIVÉ,330780040,NOUVELLE CLINIQUE BEL AIR,M12,22 143,5 252,16 891,1 à 10,"48,2 %","54,88","0,38","0,0 %"
PRIVÉ,330780081,CLINIQUE SAINT AUGUSTIN,M12,17 744,10 774,6 970,101,"66,2 %","62,06","2,34","0,4 %"
PRIVÉ,330780115,CLINIQUE TIVOLI-DUCOS,M12,15 960,5 182,10 778,10 960,"29,7 %","55,42","0,59","0,5 %"
PRIVÉ,330780206,CLINIQUE D'ARCACHON,M12,11 615,2 762,8 853,2 110,"49,5 %","61,86","0,53","0,4 %"
PRIVÉ,330780263,POLYCLINIQUE BORDEAUX RIVE DROITE,M12,27 740,11 296,16 444,3 634,"45,2 %","51,25","1,40","0,8 %"
PRIVÉ,330780271,CLINIQUE DU SPORT DE BORDEAUX MERIGNAC,M12,11 421,2 954,8 467,108,"58,6 %","47,14","0,50","0,0 %"
PRIVÉ,330780354,POLYCLINIQUE BORDEAUX CAUDERAN,M12,2 578,1 175,1 403,459,"34,8 %","57,61","2,77","2,1 %"
PRIVÉ,330780446,C.T.M.R. ST AUGUSTIN,M12,0,0,0,25 614,"63,3 %","72,60","0,00","0,0 %"
PRIVÉ,330780453,CENTRE D'HEMODIALYSE SAINT MARTIN,M12,0,0,0,26 866,"58,1 %","73,77","0,00","0,0 %"
PRIVÉ,330780479,POLYCLINIQUE BX-NORD AQUITAINE,M12,44 905,21 758,23 147,12 906,"46,9 %","53,89","1,53","1,0 %"
PRIVÉ,330780487,CLINIQUE OPHTALMOLOGIQUE THIERS,M12,7 282,168,7 114,0,"42,9 %","67,21","0,02","0,0 %"
PRIVÉ,330780503,HÔPITAL PRIVÉ SAINT-MARTIN,M12,26 426,8 026,18 400,231,"58,0 %","52,14","0,91","0,1 %"
PRIVÉ,330780511,CLINIQUE SAINTE ANNE,M12,9 133,1 507,7 626,2 802,"48,7 %","61,57","0,40","0,4 %"
PRIVÉ,330781402,NOUVELLE CLINIQUE BORDEAUX TONDU,M12,18 222,5 695,12 527,1 098,"48,8 %","46,65","0,82","0,4 %"
PRIVÉ,330782582,POLYCLINIQUE JEAN VILLAR,M12,23 540,6 832,16 708,1 757,"40,4 %","50,36","1,11","0,5 %"
PRIVÉ,330783374,CENTRE D'HEMODIALYSE PBNA,M12,0,0,0,25 702,"57,6 %","70,90","0,00","0,0 %"
PRIVÉ,340009539,CENTRE D'HEMODIALYSE AMBULATOIRE SAINT GUILHEM,M12,0,0,0,17 469,"59,0 %","71,87","0,00","0,0 %"
PRIVÉ,340009885,POLYCLINIQUE CHAMPEAU,M12,14 052,6 857,7 195,2 449,"32,5 %","50,76","1,51","0,5 %"
PRIVÉ,340013119,AIDER UAD DE GRABELS,M12,0,0,0,8 128,"64,3 %","61,80","0,00","0,0 %"
PRIVÉ,340013168,AIDER UDSA CLINIQUE JACQUES MIROUZE,M12,0,0,0,20 568,"63,4 %","66,15","0,00","0,0 %"
PRIVÉ,340013218,AIDER UAD DE GANGES,M12,0,0,0,1 674,"77,3 %","66,28","0,00","0,0 %"
PRIVÉ,340013259,AIDER UAD DE BEDARIEUX,M12,0,0,0,645,"100,0 %","61,35","0,00","0,0 %"
PRIVÉ,340013309,AIDER UAD DE CLERMONT L'HERAULT,M12,0,0,0,5 879,"78,8 %","71,25","0,00","0,0 %"
PRIVÉ,340013358,AIDER UAD DE BOUZIGUES,M12,0,0,0,1 517,"68,1 %","76,60","0,00","0,0 %"
PRIVÉ,340013499,AIDER UAD DE VILLENEUVE LES BEZIERS,M12,0,0,0,5 454,"73,7 %","63,24","0,00","0,0 %"
PRIVÉ,340015502,CLINIQUE LE MILLENAIRE,M12,30 639,15 712,14 927,759,"53,9 %","61,98","2,28","0,8 %"
PRIVÉ,340015965,SAS POLYCLINIQUE SAINT PRIVAT,M12,22 994,9 593,13 401,7 683,"57,8 %","61,82","1,36","0,7 %"
PRIVÉ,340015999,NEPHROCARE BEZIERS,M12,0,0,0,34 415,"62,2 %","70,81","0,00","0,0 %"
PRIVÉ,340019603,GCS HEMODIALYSE LAPEYRONIE,M12,0,0,0,8 579,"58,3 %","67,22","0,00","0,0 %"
PRIVÉ,340020221,AIDER DIALYSE A DOMICILE,M12,0,0,0,28 032,"72,8 %","60,31","0,00","0,0 %"
PRIVÉ,340022979,POLYCLINIQUE ST ROCH,M12,37 584,12 779,24 805,86,"38,1 %","43,01","1,26","0,2 %"
PRIVÉ,340023142,NEPHROCARE MILLLENAIRE UDM,M12,0,0,0,10 370,"73,3 %","67,26","0,00","0,0 %"
PRIVÉ,340024314,CLINIQUE ST JEAN SUD DE FRANCE,M12,35 332,10 327,25 005,1 393,"52,6 %","51,07","1,15","0,4 %"
PRIVÉ,340024553,AIDER SANTÉ UAD ST JEAN,M12,0,0,0,6 787,"72,0 %","74,12","0,00","0,0 %"
PRIVÉ,340780139,CLINIQUE DU DR. CAUSSE,M12,9 542,2 445,7 097,0,"44,7 %","56,67","0,87","0,0 %"
PRIVÉ,340780147,POLYCLINIQUE DES 3 VALLEES,M12,3 792,1 639,2 153,66,"50,6 %","64,21","2,11","1,5 %"
PRIVÉ,340780154,POLYCLINIQUE PASTEUR,M12,8 051,2 310,5 741,161,"49,7 %","63,56","1,28","0,5 %"
PRIVÉ,340780568,CLINIQUE DU SOUFFLE LA VALONIE,M12,1 004,1 001,1 à 10,1 à 10,"49,5 %","65,87","5,96","0,4 %"
PRIVÉ,340780667,CLINIQUE DU PARC,M12,32 020,10 860,21 160,9 685,"54,1 %","61,59","1,43","0,8 %"
PRIVÉ,340780675,CLINIQUE CLEMENTVILLE,M12,16 158,7 968,8 190,15 089,"35,3 %","54,01","1,34","0,9 %"
PRIVÉ,340780717,CLINIQUE SAINT- LOUIS,M12,9 096,3 928,5 168,220,"47,2 %","61,11","1,59","0,9 %"
PRIVÉ,340780725,CLINIQUE VIA DOMITIA POLE DE SANTÉ,M12,8 407,1 616,6 791,0,"46,6 %","58,91","0,34","0,1 %"
PRIVÉ,340780741,POLYCLINIQUE SAINTE THERESE,M12,11 012,2 777,8 235,338,"40,6 %","54,22","0,76","0,0 %"
PRIVÉ,340780840,NEPHROCARE CASTELNAU LE PARC,M12,0,0,0,27 475,"66,5 %","72,73","0,00","0,0 %"
PRIVÉ,350000121,CH PRIVÉ ST-GREGOIRE,M12,51 732,19 085,32 647,11 929,"46,1 %","53,01","1,44","0,7 %"
PRIVÉ,350000196,CLINIQUE DE LA COTE D'EMERAUDE,M12,12 738,2 748,9 990,3 559,"50,8 %","62,46","0,43","0,0 %"
PRIVÉ,350002804,DIALYSE A DOMICILE AUB SANTÉ,M12,0,0,0,13 859,"63,2 %","61,89","0,00","0,0 %"
PRIVÉ,350005146,HÔPITAL PRIVÉ SEVIGNE,M12,25 463,7 207,18 256,7 057,"52,0 %","60,89","1,10","0,4 %"
PRIVÉ,350030763,UNITÉ DIALYSE SAINT MALO AUB SANTÉ,M12,0,0,0,6 498,"58,7 %","65,17","0,00","0,0 %"
PRIVÉ,350032934,UNITÉ DIALYSE PONTCHAILLOU RENNES AUB,M12,0,0,0,16 745,"65,9 %","66,41","0,00","0,0 %"
PRIVÉ,350040044,UNITÉ DIALYSE BROUSSAIS SAINT MALO AUB,M12,0,0,0,13 133,"54,7 %","74,47","0,00","0,0 %"
PRIVÉ,350041059,UNITÉ D'AUTODIALYSE DINARD - AUB,M12,0,0,0,426,"74,2 %","70,15","0,00","0,0 %"
PRIVÉ,350042131,UNITÉ DIALYSE REDON - AUB,M12,0,0,0,4 888,"60,0 %","67,81","0,00","0,0 %"
PRIVÉ,350042602,UNITÉ DIALYSE FOUGERES AUB,M12,0,0,0,4 196,"75,8 %","66,64","0,00","0,0 %"
PRIVÉ,350046751,UNITÉ DIALYSE MONTGERMONT AUB,M12,0,0,0,18 817,"69,7 %","57,84","0,00","0,0 %"
PRIVÉ,350053930,UNITÉ DIALYSE VITRÉ AUB SANTÉ,M12,0,0,0,1 763,"80,8 %","59,01","0,00","0,0 %"
PRIVÉ,360000129,CLINIQUE ST FRANCOIS,M12,10 631,1 729,8 902,296,"48,4 %","59,28","0,60","0,6 %"
PRIVÉ,360002133,RE NEPHRO CHATEAUROUX-AV.KENNEDY,M12,0,0,0,25 247,"65,4 %","71,19","0,00","0,0 %"
PRIVÉ,360002232,CENTRE DE CONVALESCENCE ET DIÉTÉTIQUE MANOIR EN BERRY,M12,984,982,1 à 10,0,"45,7 %","64,57","6,59","1,9 %"
PRIVÉ,370000093,SAS NOUVELLE CLINIQUE DE TOURS +,M12,39 410,16 096,23 314,14 827,"53,9 %","63,86","1,24","0,6 %"
PRIVÉ,370007569,PÔLE SANTÉ LÉONARD DE VINCI,M12,40 899,16 130,24 769,11 722,"42,3 %","55,09","1,46","0,9 %"
PRIVÉ,380013037,CENTRE ENDOSCOPIE NORD ISERE,M12,5 319,0,5 319,0,"45,8 %","59,72","0,00","0,0 %"
PRIVÉ,380020123,CLINIQUE DES COTES DU RHONE,M12,7 007,1 498,5 509,106,"49,9 %","53,17","1,63","0,5 %"
PRIVÉ,380780197,CLINIQUE SAINT VINCENT DE PAUL,M12,15 684,5 399,10 285,185,"44,6 %","47,19","1,10","0,1 %"
PRIVÉ,380780288,CLINIQUE DE CHARTREUSE,M12,10 371,1 057,9 314,18,"46,7 %","58,26","0,27","0,0 %"
PRIVÉ,380785956,CLINIQUE DES CEDRES,M12,23 410,8 540,14 870,380,"47,4 %","53,31","1,38","0,5 %"
PRIVÉ,380786442,CLINIQUE BELLEDONNE,M12,33 981,11 994,21 987,193,"44,2 %","53,02","1,28","0,2 %"
PRIVÉ,390780559,CLINIQUE DU JURA,M12,3 491,400,3 091,0,"48,2 %","64,77","0,45","0,0 %"
PRIVÉ,390780575,POLYCLINIQUE DU PARC,M12,6 344,1 717,4 627,19,"58,0 %","57,07","0,82","0,0 %"
PRIVÉ,400780342,CLINIQUE JEAN LE BON,M12,8 480,743,7 737,92,"46,3 %","55,88","0,12","0,0 %"
PRIVÉ,410000202,POLYCLINIQUE DE BLOIS,M12,17 530,6 656,10 874,35 093,"55,9 %","68,85","0,62","0,4 %"
PRIVÉ,410004998,CLINIQUE DU SAINT COEUR,M12,5 967,2 540,3 427,38,"44,9 %","55,80","1,62","0,2 %"
PRIVÉ,420011413,HÔPITAL PRIVÉ DE LA LOIRE,M12,40 068,17 402,22 666,11 426,"43,2 %","52,92","1,62","0,9 %"
PRIVÉ,420780504,CLINIQUE DU PARC,M12,22 763,5 583,17 180,184,"51,9 %","51,16","0,74","0,1 %"
PRIVÉ,420782310,CLINIQUE DU RENAISON,M12,17 820,5 153,12 667,384,"49,6 %","62,14","1,42","0,5 %"
PRIVÉ,420782591,CLINIQUE NOUVELLE DU FOREZ,M12,3 511,0,3 511,0,"46,9 %","54,89","0,00","0,0 %"
PRIVÉ,430000109,CLINIQUE BON SECOURS - LE PUY,M12,8 468,2 529,5 939,216,"60,7 %","62,43","0,82","0,1 %"
PRIVÉ,430007450,CENTRE MÉDICAL SPECIALISE LE CHAMBON SUR LIGNON,M12,3 311,565,2 746,0,"68,0 %","50,85","1,10","0,0 %"
PRIVÉ,440000404,CLINIQUE SAINTE MARIE,M12,5 885,1 362,4 523,1 à 10,"49,3 %","61,85","0,90","0,1 %"
PRIVÉ,440000412,CLINIQUE BRETECHE VIAUD,M12,16 369,7 441,8 928,280,"28,7 %","42,52","1,57","0,5 %"
PRIVÉ,440000487,CLINIQUE UROLOGIQUE NANTES ATLANTIS,M12,5 326,2 030,3 296,187,"84,9 %","52,95","0,83","0,0 %"
PRIVÉ,440002020,POLYCLINIQUE DE L'EUROPE,M12,19 381,5 209,14 172,155,"53,1 %","61,59","1,11","0,3 %"
PRIVÉ,440005080,DIALYSE ECHO NANTES,M12,0,0,0,24 817,"60,9 %","58,96","0,00","0,0 %"
PRIVÉ,440029379,CLINIQUE JULES VERNE,M12,43 077,4 762,38 315,710,"46,5 %","56,97","0,27","0,0 %"
PRIVÉ,440033819,SANTÉ ATLANTIQUE,M12,87 882,22 124,65 758,1 390,"46,7 %","47,48","0,85","0,1 %"
PRIVÉ,440036176,CENTRE DIALYSE ECHO ST HERBLAIN,M12,0,0,0,7 037,"63,4 %","64,92","0,00","0,0 %"
PRIVÉ,440036499,CENTRE DIALYSE ECHO REZE,M12,0,0,0,22 870,"53,6 %","64,92","0,00","0,0 %"
PRIVÉ,440039568,DIALYSE ECHO LA BAULE,M12,0,0,0,6 508,"86,8 %","71,65","0,00","0,0 %"
PRIVÉ,440041580,L'HÔPITAL PRIVÉ DU CONFLUENT,M12,53 285,20 910,32 375,22 343,"49,4 %","61,05","1,36","1,0 %"
PRIVÉ,440048718,HÔPITAL DU CONFLUENT-SITE JULES VERNE,M12,27,0,27,4 622,"42,8 %","64,02","0,00","0,0 %"
PRIVÉ,440050441,DIALYSE ECHO ST NAZAIRE,M12,0,0,0,9 143,"60,0 %","66,80","0,00","0,0 %"
PRIVÉ,440055770,CENTRE DIALYSE ECHO ST HERBLAIN PSA,M12,0,0,0,10 939,"54,9 %","69,47","0,00","0,0 %"
PRIVÉ,450000245,CLINIQUE L'ARCHETTE,M12,16 453,3 509,12 944,634,"46,1 %","60,83","0,64","0,1 %"
PRIVÉ,450000294,ORELIANCE - REINE BLANCHE,M12,9 479,7 985,1 494,12 934,"58,8 %","70,73","2,08","1,6 %"
PRIVÉ,450010079,ORELIANCE - LONGUES ALLEES,M12,36 946,8 571,28 375,8 044,"49,6 %","55,77","0,71","0,1 %"
PRIVÉ,450012935,CENTRE D'HEMODIALYSE ARCHETTE,M12,0,0,0,16 842,"53,3 %","75,05","0,00","0,0 %"
PRIVÉ,450012968,CLINIQUE DE MONTARGIS,M12,5 301,903,4 398,62,"49,3 %","60,37","0,49","0,0 %"
PRIVÉ,450013818,CENTRE D'HEMODIALYSE J. D'ARC,M12,0,0,0,4 293,"62,8 %","77,34","0,00","0,0 %"
PRIVÉ,450018460,CENTRE NÉPHROLOGIQUE DE MONTARGIS,M12,0,0,0,22 786,"65,5 %","71,80","0,00","0,0 %"
PRIVÉ,460006075,CLINIQUE FONT REDONDE,M12,78,76,1 à 10,0,"48,7 %","75,88","31,73","37,2 %"
PRIVÉ,470000027,CLINIQUE ESQUIROL - SAINT-HILAIRE,M12,26 613,10 649,15 964,806,"53,6 %","64,02","1,72","1,0 %"
PRIVÉ,470000159,CLINIQUE CALABET,M12,312,0,312,6 953,"47,4 %","67,05","0,00","0,0 %"
PRIVÉ,480001403,AIDER UAD DE MENDE,M12,0,0,0,2 888,"66,2 %","74,44","0,00","0,0 %"
PRIVÉ,480001783,AIDER UAD MARVEJOLS,M12,0,0,0,3 558,"63,2 %","73,89","0,00","0,0 %"
PRIVÉ,490000262,CLINIQUE SAINT-JOSEPH,M12,19 002,6 253,12 749,2 687,"57,0 %","62,61","1,00","0,5 %"
PRIVÉ,490002037,POLYCLINIQUE DU PARC,M12,20 374,6 900,13 474,3 135,"51,1 %","56,39","0,91","0,3 %"
PRIVÉ,490007499,CENTRE DIALYSE ECHO ANGERS BOCQUEL,M12,0,0,0,24 565,"61,6 %","71,99","0,00","0,0 %"
PRIVÉ,490007929,CLINIQUE CHIRURGICALE DE LA LOIRE,M12,10 315,2 737,7 578,241,"52,9 %","61,01","0,90","0,1 %"
PRIVÉ,490009008,CENTRE DIALYSE ECHO CHOLET MARENGO,M12,0,0,0,8 307,"72,2 %","77,37","0,00","0,0 %"
PRIVÉ,490014909,CLINIQUE DE L'ANJOU,M12,42 091,16 106,25 985,1 381,"44,9 %","53,30","1,40","0,5 %"
PRIVÉ,490015906,CLINIQUE SAINT LEONARD,M12,11 254,4 173,7 081,316,"51,8 %","51,86","0,96","0,0 %"
PRIVÉ,490016235,DIALYSE ECHO SAUMUR,M12,0,0,0,3 632,"73,7 %","66,82","0,00","0,0 %"
PRIVÉ,490017613,DIALYSE ECHO TRELAZE,M12,0,0,0,4 578,"69,9 %","74,38","0,00","0,0 %"
PRIVÉ,490020963,DIALYSE ECHO CHOLET CHANTERIVIERE,M12,0,0,0,7 692,"65,1 %","68,37","0,00","0,0 %"
PRIVÉ,490537818,CENTRE DIALYSE DIAVERUM ANGERS,M12,0,0,0,22 460,"64,0 %","72,95","0,00","0,0 %"
PRIVÉ,490540440,CENTRE DE LA MAIN,M12,5 744,0,5 744,0,"61,0 %","48,96","0,00","0,0 %"
PRIVÉ,500000146,HÔPITAL PRIVÉ DE LA BAIE,M12,13 450,2 790,10 660,3 618,"49,6 %","65,65","0,88","1,0 %"
PRIVÉ,500000203,POLYCLINIQUE DE LA MANCHE - SAINT-LO,M12,6 186,1 290,4 896,53,"52,4 %","64,54","0,72","0,0 %"
PRIVÉ,500000401,CLINIQUE DR. H. GUILLARD,M12,4 153,937,3 216,21,"52,5 %","61,14","0,45","0,0 %"
PRIVÉ,500002357,POLYCLINIQUE DU COTENTIN,M12,7 950,2 205,5 745,0,"50,8 %","59,18","0,92","0,1 %"
PRIVÉ,500021316,CENTRE DE DIALYSE D'AVRANCHES,M12,0,0,0,11 407,"66,9 %","72,21","0,00","0,0 %"
PRIVÉ,510000185,POLYCLINIQUE COURLANCY - REIMS,M12,24 062,7 434,16 628,18 519,"42,7 %","60,58","0,79","0,7 %"
PRIVÉ,510000243,CLINIQUE D'EPERNAY,M12,6 352,1 118,5 234,440,"44,8 %","59,29","0,81","0,3 %"
PRIVÉ,510012040,POLYCLINIQUE LES BLEUETS - REIMS,M12,387,1 à 10,386,0,"37,2 %","65,28","0,00","0,0 %"
PRIVÉ,510024979,POLYCLINIQUE DE BEZANNES,M12,57 629,24 059,33 570,219,"47,1 %","52,12","1,52","0,5 %"
PRIVÉ,520780156,CLINIQUE DE LA COMPASSION,M12,703,0,703,0,"47,1 %","60,89","0,00","0,0 %"
PRIVÉ,520780180,CLINIQUE FRANCOIS 1ER,M12,4 947,1 110,3 837,1 465,"47,4 %","61,81","0,59","0,3 %"
PRIVÉ,520780214,CENTRE MÉDICO-CHIRURGICAL,M12,1 742,1 094,648,21 120,"58,8 %","71,30","0,38","0,2 %"
PRIVÉ,530002898,CENTRE DIALYSE ECHO LAVAL,M12,0,0,0,10 023,"64,6 %","72,99","0,00","0,0 %"
PRIVÉ,530008119,DIALYSE DIAVERUM CHATEAU GONTIER,M12,0,0,0,2 517,"71,0 %","74,57","0,00","0,0 %"
PRIVÉ,530008788,DIALYSE ECHO MAYENNE,M12,0,0,0,3 921,"48,5 %","70,65","0,00","0,0 %"
PRIVÉ,530031962,POLYCLINIQUE DU MAINE,M12,12 567,4 810,7 757,6 584,"45,4 %","63,39","0,90","0,7 %"
PRIVÉ,540000361,CLINIQUE JEANNE D'ARC - LUNEVILL,M12,7 479,1 343,6 136,234,"49,2 %","57,75","0,45","0,0 %"
PRIVÉ,540000445,ESPACE CHIRURGICAL AMBROISE PARE NANCY,M9,5 647,3 015,2 632,0,"66,2 %","68,95","1,44","0,2 %"
PRIVÉ,540000452,CLINIQUE ST ANDRE VANDOEUVRE,M12,14 407,3 259,11 148,55,"41,6 %","53,26","0,56","0,0 %"
PRIVÉ,540000478,CLINIQUE LOUIS PASTEUR,M12,40 799,13 608,27 191,20 720,"59,9 %","63,75","0,65","0,1 %"
PRIVÉ,540000486,POLYCLINIQUE DE GENTILLY,M9,18 759,7 520,11 239,25 200,"54,3 %","64,07","0,91","0,7 %"
PRIVÉ,540013224,POLYCLINIQUE MAJORELLE,M12,13 098,7 053,6 045,118,"20,3 %","37,83","1,82","0,1 %"
PRIVÉ,540026895,HÔPITAL PRIVÉ NANCY LORRAINE,M12,7 715,3 227,4 488,6 754,"55,3 %","64,69","0,96","0,8 %"
PRIVÉ,550000178,POLYCLINIQUE DU PARC - BAR-LE-DUC,M12,11 541,2 219,9 322,280,"45,7 %","60,76","0,82","0,0 %"
PRIVÉ,560004004,UNITÉ DIALYSE LORIENT AUB SANTÉ,M12,0,0,0,5 650,"60,7 %","75,93","0,00","0,0 %"
PRIVÉ,560006348,UNITÉ DIALYSE KERIO PONTIVY AUB,M12,0,0,0,5 149,"59,7 %","68,01","0,00","0,0 %"
PRIVÉ,560007510,POLYCLINIQUE DE PONTIVY,M12,7 890,1 689,6 201,99,"54,1 %","60,42","0,56","0,1 %"
PRIVÉ,560008799,CLINIQUE OCEANE,M12,37 822,11 792,26 030,9 591,"48,3 %","58,68","0,93","0,5 %"
PRIVÉ,560009490,AUTODIALYSE BELLE-ÎLE,M12,0,0,0,1 063,"70,5 %","69,66","0,00","0,0 %"
PRIVÉ,560009508,AUTODIALYSE AURAY,M12,0,0,0,2 173,"74,9 %","70,03","0,00","0,0 %"
PRIVÉ,560009524,AUTODIALYSE VANNES,M12,0,0,0,5 442,"68,9 %","62,24","0,00","0,0 %"
PRIVÉ,560014078,AUTODIALYSE MUZILLAC,M12,0,0,0,476,"54,8 %","64,11","0,00","0,0 %"
PRIVÉ,560014128,AUTODIALYSE PLOERMEL,M12,0,0,0,1 154,"75,8 %","62,63","0,00","0,0 %"
PRIVÉ,560023152,CENTRE D'HEMODIALYSE AMBULATOIRE ECHO,M12,0,0,0,16 488,"63,2 %","70,45","0,00","0,0 %"
PRIVÉ,560023848,UNITÉ DIALYSE KERFRICHANT LORIENT AUB,M12,0,0,0,16 687,"71,0 %","68,84","0,00","0,0 %"
PRIVÉ,570000083,CLINIQUE SAINT NABOR,M12,12 028,4 152,7 876,148,"37,7 %","51,11","1,10","0,0 %"
PRIVÉ,570000356,CLINIQUE CHIRURGICALE AMBROISE PARE,M12,12 244,2 113,10 131,445,"47,0 %","62,06","0,55","0,1 %"
PRIVÉ,570000364,CLINIQUE NOTRE DAME,M12,7 674,752,6 922,61,"45,8 %","59,35","0,17","0,0 %"
PRIVÉ,570000646,HÔPITAL CLINIQUE CLAUDE BERNARD,M12,38 215,12 085,26 130,12 815,"43,2 %","56,09","0,93","0,4 %"
PRIVÉ,580780138,POLYCLINIQUE DU VAL DE LOIRE,M12,13 836,2 398,11 438,7 125,"53,6 %","64,94","0,59","0,4 %"
PRIVÉ,590006896,POLYCLINIQUE DE LA THIERACHE,M12,6 722,1 550,5 172,88,"45,1 %","57,20","0,74","0,0 %"
PRIVÉ,590008041,POLYCLINIQUE VAUBAN,M12,24 088,8 686,15 402,12 148,"54,4 %","62,39","1,12","0,6 %"
PRIVÉ,590034815,CENTRE D'AUTODIALYSE PONT/SAMBRE,M12,0,0,0,1 678,"57,0 %","66,07","0,00","0,0 %"
PRIVÉ,590060455,UNITÉ DE DIALYSE MÉDICALISÉE,M12,0,0,0,6 476,"52,6 %","69,84","0,00","0,0 %"
PRIVÉ,590780060,INSTITUT OPHTALMIQUE,M12,10 174,366,9 808,0,"41,4 %","69,33","0,04","0,0 %"
PRIVÉ,590780094,CENTRE LEONARD DE VINCI,M12,1 656,796,860,9 831,"40,7 %","63,31","0,14","0,0 %"
PRIVÉ,590780250,CLINIQUE LILLE-SUD,M12,24 556,1 260,23 296,0,"53,2 %","42,41","0,13","0,0 %"
PRIVÉ,590780268,POLYCLINIQUE DU BOIS,M12,37 175,15 577,21 598,33 825,"46,6 %","58,95","0,85","0,4 %"
PRIVÉ,590780342,CLINIQUE AMBROISE PARE,M12,8 466,53,8 413,0,"40,0 %","68,52","0,01","0,0 %"
PRIVÉ,590780383,POLYCLINIQUE DE LA LOUVIERE,M12,32 264,9 764,22 500,32 097,"53,8 %","62,37","0,40","0,1 %"
PRIVÉ,590781571,CLINIQUE DU CAMBRESIS,M12,4 070,1 293,2 777,19,"43,1 %","56,67","0,94","0,0 %"
PRIVÉ,590781951,CLINIQUE DU CROISE LAROCHE SA,M12,7 376,2 923,4 453,24,"47,9 %","50,66","1,32","0,0 %"
PRIVÉ,590782256,CLINIQUE DES DENTELLIERES,M12,855,0,855,9 733,"40,7 %","62,51","0,00","0,0 %"
PRIVÉ,590782298,CLINIQUE DU PARC,M12,18 714,5 971,12 743,50,"42,0 %","43,02","1,07","0,1 %"
PRIVÉ,590782546,CLINIQUE DE VILLENEUVE D'ASCQ,M12,3 575,668,2 907,0,"35,6 %","52,40","1,23","2,0 %"
PRIVÉ,590782553,HÔPITAL PRIVÉ DE VILLENEUVE D'ASCQ,M12,25 889,8 633,17 256,3 467,"44,4 %","48,12","1,07","0,1 %"
PRIVÉ,590784484,NEPHROCARE MAUBEUGE,M12,0,0,0,22 472,"51,9 %","68,52","0,00","0,0 %"
PRIVÉ,590788964,POLYCLINIQUE DU PARC,M12,7 462,1 150,6 312,4 440,"46,9 %","61,52","0,33","0,1 %"
PRIVÉ,590790655,CLINIQUE CHIRURGICALE ST ROCH,M12,4 517,2 059,2 458,0,"46,7 %","47,08","0,83","0,0 %"
PRIVÉ,590806360,CLINIQUE DE LA MITTERIE,M12,3 497,643,2 854,0,"64,2 %","50,96","0,76","0,1 %"
PRIVÉ,590811006,CENTRE D'AUTODIALYSE DE MAUBEUGE,M12,0,0,0,1 498,"72,6 %","56,11","0,00","0,0 %"
PRIVÉ,590813176,CLINIQUE DES HETRES,M12,4 124,927,3 197,194,"47,2 %","51,58","1,15","0,2 %"
PRIVÉ,590813382,SA NOUVELLE CLINIQUE VILLETTE,M12,5 308,2 176,3 132,20,"47,1 %","37,66","1,39","0,0 %"
PRIVÉ,590813507,POLYCLINIQUE VAL DE SAMBRE,M12,7 357,2 260,5 097,67,"52,0 %","51,68","1,24","0,3 %"
PRIVÉ,590813747,CENTRE D'AUTODIALYSE DE FOURMIES,M12,0,0,0,1 823,"57,5 %","60,58","0,00","0,0 %"
PRIVÉ,590815056,CLINIQUE DE FLANDRE,M12,14 846,2 878,11 968,5 257,"42,3 %","61,76","0,58","0,7 %"
PRIVÉ,590816310,CLINIQUE ST AME,M12,16 198,5 011,11 187,730,"38,7 %","46,80","0,95","0,1 %"
PRIVÉ,590817458,CLINIQUE DE LA VICTOIRE,M12,10 586,1 510,9 076,2 514,"39,8 %","53,81","0,62","0,2 %"
PRIVÉ,590817839,POLYCLINIQUE DU VAL DE LYS,M12,13,12,1 à 10,0,"53,8 %","84,69","9,15","30,8 %"
PRIVÉ,600010862,SAS CENTRE CHIRURGICAL DE CHANTILLY,M12,6 823,720,6 103,0,"42,7 %","64,89","0,23","0,0 %"
PRIVÉ,600013999,CENTRE CHIRURGICAL,M12,4 324,0,4 324,0,"42,1 %","55,31","0,00","0,0 %"
PRIVÉ,600100184,CLINIQUE LE VALOIS,M12,217,207,1 à 10,0,"34,1 %","82,76","15,64","15,2 %"
PRIVÉ,600100754,POLYCLINIQUE SAINT-COME SA,M12,28 339,8 953,19 386,21 142,"48,5 %","58,32","0,74","0,3 %"
PRIVÉ,600110175,CLINIQUE DU PARC SAINT LAZARE,M12,12 348,3 789,8 559,58,"49,1 %","56,16","0,56","0,1 %"
PRIVÉ,610006421,CLINIQUE D'ALENCON,M12,6 023,1 106,4 917,25,"47,1 %","58,39","0,34","0,0 %"
PRIVÉ,620006049,CLINIQUE DE ST OMER,M12,11 903,3 346,8 557,310,"48,1 %","56,46","0,81","0,0 %"
PRIVÉ,620024208,CLINIQUE NÉPHROLOGIQUE DE L'AUDOMAROIS,M12,0,0,0,15 103,"57,8 %","69,23","0,00","0,0 %"
PRIVÉ,620100099,HÔPITAL PRIVÉ ARRAS LES BONNETTES,M12,22 736,7 295,15 441,8 257,"41,7 %","56,18","0,97","0,6 %"
PRIVÉ,620100487,CLINIQUE DES ACACIAS,M12,4 715,1 235,3 480,353,"47,3 %","60,30","1,08","0,2 %"
PRIVÉ,620100735,POLYCLINIQUE DE L'ARTOIS,M12,12 059,3 717,8 342,3 415,"41,4 %","56,59","1,19","0,5 %"
PRIVÉ,620100750,CLINIQUE AMBROISE PARE,M12,8 323,2 539,5 784,4 696,"52,3 %","53,84","0,55","0,1 %"
PRIVÉ,620101311,CLINIQUE DES 2 CAPS,M12,15 372,3 729,11 643,3 982,"50,1 %","56,00","0,59","0,3 %"
PRIVÉ,620101501,POLYCLINIQUE DE BOIS-BERNARD SA,M12,23 186,12 183,11 003,28 607,"56,4 %","62,82","0,76","0,3 %"
PRIVÉ,620105940,POLYCLINIQUE DU TERNOIS,M12,269,268,1 à 10,123,"50,3 %","64,31","8,04","5,4 %"
PRIVÉ,620116046,SAS CLINIQUE CHIRURGICALE DES 7 VALLEES,M12,2 943,0,2 943,18,"49,6 %","57,61","0,00","0,0 %"
PRIVÉ,620118513,CENTRE MÉDICO CHIRURGICAL ET OBSTÉTRICAL COTE D'OPALE,M12,20 071,10 242,9 829,5 940,"48,4 %","55,84","1,51","0,8 %"
PRIVÉ,630005668,CENTRE D'HÉMODIALYSE AURA ARCHE,M12,0,0,0,13 459,"60,9 %","70,74","0,00","0,0 %"
PRIVÉ,630780211,POLE SANTÉ REPUBLIQUE - CLERMONT,M12,24 046,10 322,13 724,11 168,"47,5 %","60,41","1,25","0,6 %"
PRIVÉ,630780369,CLINIQUE DE LA PLAINE - CLERMONT,M12,15 131,1 275,13 856,0,"46,6 %","55,84","0,18","0,0 %"
PRIVÉ,630781821,CLINIQUE DU GRAND PRE - DURTOL,M12,506,503,1 à 10,0,"38,9 %","83,56","16,12","9,1 %"
PRIVÉ,630781839,CLINIQUE CHATAIGNERAIE - BEAUMONT,M12,42 686,13 615,29 071,555,"49,3 %","50,34","1,08","0,1 %"
PRIVÉ,640005336,ANTENNE D'AUTODIALYSE NEPHROCARE - ORTHEZ,M12,0,0,0,5 317,"72,6 %","74,34","0,00","0,0 %"
PRIVÉ,640016580,CENTRE DE CARDIOLOGIE DU PAYS BASQUE,M12,7 730,5 626,2 104,1 à 10,"68,8 %","70,55","2,00","0,9 %"
PRIVÉ,640018206,CLINIQUE BELHARRA,M12,33 620,13 887,19 733,8 158,"44,0 %","54,77","1,33","0,5 %"
PRIVÉ,640019220,POLYCLINIQUE MARZET - SITE DE NAVARRE,M12,10 793,3 443,7 350,235,"53,0 %","56,31","1,02","0,1 %"
PRIVÉ,640019634,GCS COTE BASQUE SUD,M12,553,552,1 à 10,0,"39,4 %","87,69","12,36","16,3 %"
PRIVÉ,640780268,CLINIQUE DELAY,M12,10 479,887,9 592,2 776,"47,4 %","62,66","0,24","0,2 %"
PRIVÉ,640780490,CAPIO CLINIQUE AGUILERA,M12,19 946,4 660,15 286,1 132,"50,8 %","55,23","0,92","0,6 %"
PRIVÉ,640780623,CENTRE MÉDICAL ANNIE ENIA,M12,310,308,1 à 10,0,"55,2 %","74,11","15,47","77,4 %"
PRIVÉ,640780672,CLINIQUE MARIENIA,M12,561,0,561,0,"58,3 %","53,62","0,00","0,0 %"
PRIVÉ,640780748,POLYCLINIQUE COTE BASQUE SUD,M12,15 164,3 934,11 230,2 640,"46,8 %","62,83","0,78","0,5 %"
PRIVÉ,640780938,POLYCLINIQUE PAU PYRENEES SITE MARZET,M12,4 376,1 941,2 435,10 144,"46,4 %","64,77","1,08","1,8 %"
PRIVÉ,640780946,POLYCLINIQUE PAU PYRENEES SITE NAVARRE,M12,20 671,8 176,12 495,145,"43,1 %","54,92","1,50","0,0 %"
PRIVÉ,640781225,CLINIQUE MEDICALE CARDIOLOGIQUE ARESSY,M12,7 677,2 975,4 702,27,"60,6 %","69,09","1,91","1,0 %"
PRIVÉ,640781308,CLINIQUE PRINCESS,M12,3 389,981,2 408,42,"28,1 %","48,48","1,13","0,0 %"
PRIVÉ,640781332,NEPHROCARE BEARN-CTRE DIALYSE DU BEARN,M12,0,0,0,29 362,"64,7 %","73,06","0,00","0,0 %"
PRIVÉ,640789640,CENTRE D'HEMODIALYSE CLINIQUE DELAY,M12,0,0,0,19 935,"63,9 %","73,00","0,00","0,0 %"
PRIVÉ,650002579,CLINIQUE ORMEAU PYRENEES,M12,12 779,3 397,9 382,120,"53,8 %","61,64","0,93","0,2 %"
PRIVÉ,650780679,CLINIQUE ORMEAU SITE CENTRE,M12,9 591,5 273,4 318,6 427,"40,0 %","59,66","1,53","1,4 %"
PRIVÉ,660005182,AIDER UAD D'ELNE,M12,0,0,0,2 419,"70,6 %","64,42","0,00","0,0 %"
PRIVÉ,660005190,AIDER UAD DE FONT ROMEU,M12,0,0,0,242,"94,6 %","82,41","0,00","0,0 %"
PRIVÉ,660005208,AIDER UAD DU BOULOU,M12,0,0,0,1 283,"86,8 %","71,69","0,00","0,0 %"
PRIVÉ,660005216,AIDER UAD DE PERPIGNAN,M12,0,0,0,10 491,"52,4 %","65,63","0,00","0,0 %"
PRIVÉ,660006305,LA CLINIQUE MUTUALISTE CATALANE,M12,19 624,4 168,15 456,1 154,"47,3 %","60,98","0,58","0,1 %"
PRIVÉ,660780628,CLINIQUE DU VALLESPIR,M12,3 902,1 090,2 812,1 à 10,"44,7 %","68,30","1,88","1,7 %"
PRIVÉ,660780669,CLINIQUE NOTRE DAME D ESPERANCE,M12,8 194,5 540,2 654,1 à 10,"22,1 %","27,11","2,32","0,0 %"
PRIVÉ,660780776,CLINIQUE SAINT MICHEL,M12,3 494,1 339,2 155,50,"48,8 %","61,97","1,60","0,8 %"
PRIVÉ,660780784,CLINIQUE SAINT PIERRE,M12,24 068,11 703,12 365,18 880,"52,3 %","64,48","1,25","0,7 %"
PRIVÉ,660790387,POLYCLINIQUE SAINT ROCH,M12,28 643,9 658,18 985,31 035,"59,5 %","69,21","0,64","0,2 %"
PRIVÉ,670002187,CENTRE D'AUTODIALYSE DE L'AURAL STRASBOURG,M12,0,0,0,37 248,"60,7 %","61,15","0,00","0,0 %"
PRIVÉ,670013325,CENTRE AUTONOME ENDOSCOPIE DIGESTIVE,M12,5 675,0,5 675,691,"42,0 %","55,34","0,00","0,0 %"
PRIVÉ,670013341,ENDOSAV,M12,2 407,0,2 407,101,"49,0 %","58,76","0,00","0,0 %"
PRIVÉ,670013895,CENTRE D'AUTODIALYSE AURAL SAVERNE,M12,0,0,0,9 122,"53,9 %","73,83","0,00","0,0 %"
PRIVÉ,670014455,CENTRE DE DIALYSE CHRONIQUE STRASBOURG,M12,0,0,0,9 009,"59,4 %","69,83","0,00","0,0 %"
PRIVÉ,670018068,CLINIQUE RHENA GCS,M12,62 574,19 328,43 246,1 à 10,"49,9 %","55,30","0,91","0,0 %"
PRIVÉ,670780170,CLINIQUE DE L'ORANGERIE STRASB.,M12,15 579,3 528,12 051,8 929,"37,2 %","59,22","0,66","0,4 %"
PRIVÉ,670780378,CLINIQUE SAINT-FRANCOIS HAGUENAU,M12,19 444,3 344,16 100,1 883,"53,4 %","54,17","0,58","0,1 %"
PRIVÉ,670780386,CLINIQUE SAINTE ODILE HAGUENAU,M12,9 565,3 562,6 003,454,"53,2 %","61,15","1,05","0,1 %"
PRIVÉ,670795921,UNITÉ D'AUTODIALYSE AURAL HAGUENAU,M12,0,0,0,19 547,"57,9 %","68,52","0,00","0,0 %"
PRIVÉ,670799667,AURAL CLINIQUE SAINTE ANNE,M12,0,0,0,13 153,"58,3 %","68,30","0,00","0,0 %"
PRIVÉ,680000320,CLINIQUE DIACONAT FONDERIE,M12,26 428,10 894,15 534,116,"45,0 %","57,41","1,45","0,3 %"
PRIVÉ,680000338,CENTRE DE DIALYSE DIAVERUM MULHOUSE,M12,0,0,0,27 347,"62,8 %","70,30","0,00","0,0 %"
PRIVÉ,680000494,CLINIQUE DIACONAT ROOSEVELT,M12,24 389,8 666,15 723,1 060,"49,5 %","56,90","1,35","0,1 %"
PRIVÉ,680010824,UNITÉ D'AUTODIALYSE AURAL COLMAR,M12,0,0,0,18 908,"65,6 %","69,53","0,00","0,0 %"
PRIVÉ,680013778,UNITÉ D'AUTODIALYSE AURAL MULHOUSE,M12,0,0,0,17 735,"61,2 %","65,46","0,00","0,0 %"
PRIVÉ,680020088,NOUVELLE CLINIQUE DES TROIS FRONTIERES,M12,1 932,333,1 599,1 à 10,"60,9 %","54,08","0,54","0,0 %"
PRIVÉ,680020823,UNITÉ DE DIALYSE AURAL SAINT-LOUIS,M12,0,0,0,428,"58,2 %","65,48","0,00","0,0 %"
PRIVÉ,690022959,HÔPITAL PRIVÉ MERE ENFANT NATECIA,M12,16 386,8 227,8 159,338,"30,1 %","32,41","2,05","0,1 %"
PRIVÉ,690023239,CLINIQUE DU PARC,M12,19 238,4 886,14 352,37,"44,9 %","50,40","0,67","0,0 %"
PRIVÉ,690023411,HÔPITAL PRIVÉ JEAN MERMOZ,M12,32 689,11 494,21 195,22 084,"48,9 %","58,43","0,95","0,5 %"
PRIVÉ,690029186,ENDO LYON SUD OUEST,M12,2 438,0,2 438,0,"46,0 %","60,41","0,00","0,0 %"
PRIVÉ,690031513,NEPHROCARE RILLIEUX,M12,0,0,0,2 480,"56,0 %","65,37","0,00","0,0 %"
PRIVÉ,690041124,MEDIPOLE HÔPITAL PRIVÉ,M12,40 260,9 410,30 850,21 375,"55,3 %","60,80","0,64","0,3 %"
PRIVÉ,690042080,HÔPITAL PRIVÉ NATECIA - GYNECOLOGIE,M12,366,356,1 à 10,1 à 10,"24,3 %","16,52","3,75","0,5 %"
PRIVÉ,690043476,CLINIQUE DU PARC - CAK,M12,2 142,0,2 142,0,"40,6 %","73,97","0,00","0,0 %"
PRIVÉ,690780226,CLINIQUE DE LA PART-DIEU,M12,3 126,0,3 126,0,"41,9 %","65,59","0,00","0,0 %"
PRIVÉ,690780259,CLINIQUE SAINT-CHARLES,M12,10 014,1 151,8 863,0,"42,0 %","54,24","0,26","0,0 %"
PRIVÉ,690780358,CLINIQUE DU VAL D'OUEST-VENDOME,M12,29 784,10 653,19 131,1 444,"38,1 %","40,06","1,17","0,1 %"
PRIVÉ,690780366,CLINIQUE CHARCOT,M12,16 009,4 990,11 019,4 471,"41,8 %","60,86","0,81","0,4 %"
PRIVÉ,690780390,POLYCLINIQUE DE RILLIEUX,M12,12 556,4 826,7 730,1 453,"46,0 %","57,70","1,48","0,5 %"
PRIVÉ,690780499,NEPHROCARE TASSIN-CHARCOT,M12,0,0,0,37 746,"64,0 %","71,88","0,00","0,0 %"
PRIVÉ,690780648,CLINIQUE DE LA SAUVEGARDE,M12,29 681,8 774,20 907,6 627,"52,4 %","57,92","1,10","0,5 %"
PRIVÉ,690780655,HÔPITAL PRIVÉ DE L'EST LYONNAIS,M12,10 677,3 429,7 248,1 279,"43,9 %","56,55","1,46","1,1 %"
PRIVÉ,690780663,CLINIQUE TRENEL,M12,16 130,4 252,11 878,2 740,"51,1 %","56,75","0,68","0,2 %"
PRIVÉ,690791082,CENTRE SPECIALISE LES BRUYERES,M12,537,536,1 à 10,0,"77,7 %","45,07","6,17","0,0 %"
PRIVÉ,690793468,INFIRMERIE PROTESTANTE DE LYON,M12,26 630,9 044,17 586,6 980,"49,3 %","61,85","1,20","0,6 %"
PRIVÉ,690807367,POLYCLINIQUE DU BEAUJOLAIS,M12,17 580,5 916,11 664,2 425,"46,2 %","52,18","1,06","0,3 %"
PRIVÉ,700780174,CLINIQUE ST MARTIN,M12,5 046,839,4 207,28,"48,5 %","62,58","0,33","0,0 %"
PRIVÉ,710006859,POLYCLINIQUE DU VAL DE SAONE,M12,14 848,4 294,10 554,3 430,"47,2 %","60,34","0,92","0,4 %"
PRIVÉ,710780917,HÔPITAL PRIVÉ SAINTE MARIE,M12,16 767,3 550,13 217,12 854,"51,2 %","64,69","0,62","0,5 %"
PRIVÉ,710781410,CLINIQUE DU PARC,M12,3 429,1 034,2 395,0,"48,9 %","61,35","1,28","0,1 %"
PRIVÉ,710781824,CENTRE ORTHOPEDIQUE MEDICO-CHIR,M12,4 710,2 621,2 089,1 à 10,"52,8 %","57,81","2,07","0,0 %"
PRIVÉ,720000199,CLINIQUE DU PRE,M12,25 724,7 637,18 087,327,"53,6 %","56,70","1,19","0,2 %"
PRIVÉ,720000231,CLINIQUE DU TERTRE ROUGE,M12,5 675,4 108,1 567,42,"15,4 %","26,21","2,82","0,1 %"
PRIVÉ,720000249,CLINIQUE VICTOR HUGO,M12,1 478,1 082,396,19 183,"47,3 %","66,41","0,55","1,0 %"
PRIVÉ,720003441,CENTRE DIALYSE ECHO LE MANS CH,M12,0,0,0,9 690,"57,8 %","69,11","0,00","0,0 %"
PRIVÉ,720017748,CENTRE MÉDICO-CHIRURGICAL DU MANS,M12,34 516,13 315,21 201,895,"51,8 %","61,39","1,79","0,8 %"
PRIVÉ,720017839,CENTRE DIALYSE ECHO LE MANS PSS,M12,0,0,0,15 891,"58,9 %","71,85","0,00","0,0 %"
PRIVÉ,730004298,HÔPITAL PRIVÉ MEDIPOLE DE SAVOIE,M12,30 665,8 665,22 000,8 622,"47,2 %","58,55","0,79","0,5 %"
PRIVÉ,730012499,GCS CLINIQUE HERBERT,M12,4 803,1 631,3 172,0,"51,6 %","56,67","1,13","0,0 %"
PRIVÉ,740014345,HÔPITAL PRIVÉ PAYS DE SAVOIE,M12,27 532,8 203,19 329,3 104,"46,8 %","50,96","1,00","0,4 %"
PRIVÉ,740780416,CLINIQUE DU LAC ET D'ARGONAY,M12,14 023,5 898,8 125,1 144,"51,3 %","54,16","0,99","0,1 %"
PRIVÉ,740780424,CLINIQUE GENERALE ANNECY,M12,21 308,6 091,15 217,3 800,"44,9 %","51,13","0,82","0,3 %"
PRIVÉ,750047318,CENTRE DIAVERUM PARIS SAINT MAUR,M12,0,0,0,11 916,"62,8 %","57,35","0,00","0,0 %"
PRIVÉ,750300014,SA CLINIQUE DU LOUVRE,M12,7 590,350,7 240,42,"41,9 %","54,65","0,06","0,0 %"
PRIVÉ,750300071,CLINIQUE GEOFFROY ST HILAIRE,M12,23 345,4 183,19 162,164,"39,5 %","58,91","0,63","0,0 %"
PRIVÉ,750300089,CLINIQUE DU SPORT,M12,6 325,2 043,4 282,0,"61,7 %","42,22","0,82","0,0 %"
PRIVÉ,750300097,INSTITUT ARTHUR VERNES,M12,4 659,511,4 148,0,"46,6 %","51,74","0,11","0,0 %"
PRIVÉ,750300121,FOND ST JEAN DE DIEU CLINIQUE OUDINOT,M12,14 657,2 607,12 050,4 742,"30,7 %","56,85","0,32","0,0 %"
PRIVÉ,750300139,CLINIQUE DE L ALMA,M12,11 196,3 086,8 110,13 872,"56,0 %","61,49","0,28","0,0 %"
PRIVÉ,750300154,CLINIQUE TURIN,M12,24 245,6 896,17 349,27 881,"58,7 %","62,11","0,31","0,0 %"
PRIVÉ,750300360,HÔPITAL PRIVÉ DES PEUPLIERS,M12,33 460,7 608,25 852,3 720,"47,9 %","54,04","0,52","0,1 %"
PRIVÉ,750300410,CLINIQUE JEANNE D'ARC,M6,2 053,798,1 255,20,"34,2 %","46,75","1,68","0,2 %"
PRIVÉ,750300493,CLINIQUE ARAGO,M12,5 294,3 401,1 893,1 à 10,"42,7 %","60,01","2,69","0,0 %"
PRIVÉ,750300550,CLINIQUE SAINTE GENEVIEVE,M12,9 226,856,8 370,19,"35,9 %","59,15","0,11","0,0 %"
PRIVÉ,750300592,CLINIQUE BLOMET,M12,9 424,2 183,7 241,1 à 10,"47,7 %","48,84","0,35","0,0 %"
PRIVÉ,750300667,MATERNITE SAINTE FELICITE,M12,6 323,6 244,79,11,"24,1 %","17,33","4,87","0,1 %"
PRIVÉ,750300741,CLINIQUE VICTOR HUGO,M12,8 015,688,7 327,17,"43,6 %","50,28","0,10","0,0 %"
PRIVÉ,750300766,CLINIQUE BIZET,M12,14 558,4 717,9 841,4 302,"41,1 %","55,18","1,07","0,5 %"
PRIVÉ,750300774,CLINIQUE JOUVENET,M12,12 577,2 122,10 455,0,"41,9 %","62,03","0,60","0,0 %"
PRIVÉ,750300840,CLINIQUE DE LA MUETTE,M12,13 290,4 098,9 192,36,"21,0 %","46,39","0,82","0,0 %"
PRIVÉ,750300857,CLINIQUE REMUSAT,M12,4 060,497,3 563,27,"46,9 %","45,62","0,17","0,0 %"
PRIVÉ,750300881,CLINIQUE DU TROCADERO,M12,18 124,2 761,15 363,1 à 10,"38,8 %","51,59","0,26","0,0 %"
PRIVÉ,750300915,CLINIQUE INTERNATIONALE PARC MONCEAU,M12,10 543,3 406,7 137,17 957,"49,2 %","59,90","0,46","0,2 %"
PRIVÉ,750300931,CLINIQUE SAINTE-THERESE,M12,3 183,2 352,831,21,"21,5 %","23,85","2,67","0,0 %"
PRIVÉ,750301137,CLINIQUE ALLERAY LABROUSTE,M12,9 856,3 680,6 176,1 à 10,"51,1 %","61,04","1,90","0,8 %"
PRIVÉ,750301145,CLINIQUE DU MONT LOUIS,M12,19 010,4 368,14 642,56,"44,7 %","52,15","1,05","0,3 %"
PRIVÉ,750301160,CLINIQUE DES MAUSSINS,M12,7 922,2 445,5 477,12,"56,2 %","46,15","1,14","0,0 %"
PRIVÉ,750790164,CLINIQUE ROOSEVELT,M12,117,0,117,0,"57,3 %","74,09","0,00","0,0 %"
PRIVÉ,750829053,CENTRE D'AUTODIALYSE CLINIQUE ALMA,M12,0,0,0,3 526,"83,9 %","55,99","0,00","0,0 %"
PRIVÉ,750831067,CENTRE DIAVERUM PARIS MONT LOUIS,M12,0,0,0,17 429,"71,8 %","66,41","0,00","0,0 %"
PRIVÉ,760021329,HÔPITAL PRIVÉ DE L'ESTUAIRE,M12,28 729,12 430,16 299,29 924,"49,7 %","63,75","1,00","0,7 %"
PRIVÉ,760025312,CLINIQUE MATHILDE,M12,35 604,10 820,24 784,6 775,"39,4 %","52,63","0,93","0,3 %"
PRIVÉ,760027292,POLYCLINIQUE MEGIVAL,M12,7 763,1 977,5 786,1 682,"50,9 %","60,53","0,86","0,5 %"
PRIVÉ,760780205,CLINIQUE SAINT ANTOINE,M12,4 089,1 186,2 903,0,"34,9 %","46,02","0,75","0,0 %"
PRIVÉ,760780510,CLINIQUE DU CEDRE,M12,18 842,6 434,12 408,1 891,"52,0 %","59,02","0,99","0,3 %"
PRIVÉ,760780619,CLINIQUE SAINT HILAIRE,M12,26 594,10 269,16 325,6 561,"48,8 %","61,78","1,04","0,4 %"
PRIVÉ,760780668,CLINIQUE HEMERA PAYS DE CAUX,M12,5 660,0,5 660,105,"41,0 %","57,24","0,00","0,0 %"
PRIVÉ,760780783,CLINIQUE TOUS VENTS,M12,3 179,424,2 755,68,"47,4 %","58,13","0,55","0,2 %"
PRIVÉ,760780791,CLINIQUE DES ORMEAUX,M12,10 667,3 838,6 829,6 230,"48,8 %","56,99","0,78","0,5 %"
PRIVÉ,760780825,CLINIQUE DE L'ABBAYE,M12,3 855,1 117,2 738,0,"49,4 %","57,41","0,82","0,1 %"
PRIVÉ,760783159,CLINIQUE DES ESSARTS,M12,1 005,1 005,0,0,"76,7 %","45,63","4,00","0,0 %"
PRIVÉ,760921809,CLINIQUE DE L'EUROPE,M12,18 737,6 299,12 438,18 516,"54,6 %","63,22","0,74","0,1 %"
PRIVÉ,770016087,CENTRE DIALYSE DIAVERUM MONTEREAU,M12,0,0,0,14 598,"54,6 %","73,42","0,00","0,0 %"
PRIVÉ,770020055,CENTRE NEPHROCARE MARNE LA VALLEE,M12,17,17,0,36 740,"58,9 %","68,01","0,01","0,0 %"
PRIVÉ,770300010,HÔPITAL PRIVÉ DE MARNE CHANTEREINE,M12,11 124,3 681,7 443,2 060,"48,4 %","55,34","2,34","1,2 %"
PRIVÉ,770300135,CLINIQUE MÉDICO-CHIRURGICALE LES FONTAINES,M12,10 644,4 461,6 183,63,"54,2 %","59,85","2,14","0,7 %"
PRIVÉ,770300143,POLYCLINIQUE SAINT JEAN,M12,18 081,3 521,14 560,6 298,"50,3 %","57,45","0,50","0,3 %"
PRIVÉ,770300192,CLINIQUE ST BRICE,M10,1 545,194,1 351,1 à 10,"47,2 %","57,19","0,15","0,0 %"
PRIVÉ,770790707,CLINIQUE DE TOURNAN,M12,9 740,3 380,6 360,13 466,"55,6 %","61,64","0,61","0,2 %"
PRIVÉ,770809028,CENTRE DIALYSE DIAVERUM AVON,M12,0,0,0,11 881,"67,2 %","61,92","0,00","0,0 %"
PRIVÉ,770813400,CLINIQUE SAINT FARON,M12,10 214,1 743,8 471,1 902,"45,4 %","57,25","0,46","0,5 %"
PRIVÉ,780018727,CLINIQUE SAINT GERMAIN,M12,7 923,3 520,4 403,12 085,"56,6 %","59,77","0,71","0,3 %"
PRIVÉ,780022737,POLYCLINIQUE DE MAISONS LAFFITTE,M12,580,565,15,1 à 10,"47,9 %","69,90","10,16","7,7 %"
PRIVÉ,780300075,CENTRE CARDIOLOGIQUE D EVECQUEMONT,M12,3 726,3 548,178,13,"63,3 %","65,99","3,74","1,1 %"
PRIVÉ,780300125,POLYCLINIQUE LA REGION MANTAISE,M12,11 009,1 942,9 067,9 595,"55,2 %","59,22","0,39","0,0 %"
PRIVÉ,780300208,CLINIQUE SAINT LOUIS,M12,11 975,2 127,9 848,49,"49,5 %","50,26","0,61","0,0 %"
PRIVÉ,780300323,CLINIQUE DES FRANCISCAINES,M12,21 113,6 965,14 148,1 287,"48,3 %","52,03","1,14","0,1 %"
PRIVÉ,780300406,CENTRE MÉDICO-CHIRURGICAL DE PARLY II,M12,23 509,7 929,15 580,1 à 10,"46,6 %","56,83","1,51","0,3 %"
PRIVÉ,780300414,CENTRE MÉDICO-CHIRURGICAL EUROPE,M12,17 685,4 545,13 140,20 935,"57,3 %","64,41","0,71","0,4 %"
PRIVÉ,780300422,HÔPITAL PRIVÉ OUEST,M12,29 133,9 101,20 032,20 171,"54,9 %","58,43","0,82","0,3 %"
PRIVÉ,780300455,CH PRIVÉ DU MONTGARDE,M12,12 645,1 621,11 024,161,"56,2 %","50,89","0,71","0,6 %"
PRIVÉ,790009948,POLYCLINIQUE INKERMANN,M12,15 097,5 108,9 989,362,"47,9 %","61,83","1,29","0,4 %"
PRIVÉ,800002503,SA SAINTE ISABELLE,M12,9 206,2 257,6 949,19 071,"60,1 %","65,92","0,20","0,0 %"
PRIVÉ,800009466,POLYCLINIQUE DE PICARDIE,M12,14 112,3 556,10 556,22,"52,6 %","54,60","0,85","0,1 %"
PRIVÉ,800009920,SA CLINIQUE VICTOR PAUCHET,M12,28 246,13 508,14 738,997,"37,8 %","49,41","1,99","0,8 %"
PRIVÉ,800013179,SAS CLINIQUE DE L'EUROPE,M12,5 164,2 073,3 091,12 720,"44,6 %","63,29","0,37","0,4 %"
PRIVÉ,800015729,SAS CARDIOLOGIE ET URGENCES,M12,5 181,3 369,1 812,20,"60,1 %","66,04","1,94","0,7 %"
PRIVÉ,800018491,CCO SOPP AMIENS,M12,5 064,0,5 064,0,"41,6 %","71,28","0,00","0,0 %"
PRIVÉ,810000224,CENTRE MÉDICO CHIRURGICAL ET OBSTÉTRICAL CLAUDE BERNARD,M12,19 825,9 855,9 970,33 040,"58,2 %","68,87","0,92","0,5 %"
PRIVÉ,810101170,CLINIQUE TOULOUSE LAUTREC,M12,10 577,3 839,6 738,551,"58,0 %","63,51","0,99","0,0 %"
PRIVÉ,810101444,CLINIQUE DU SIDOBRE,M12,10 959,4 652,6 307,347,"52,3 %","63,33","1,77","0,5 %"
PRIVÉ,820000040,CLINIQUE CROIX SAINT MICHEL,M12,10 938,4 532,6 406,504,"40,5 %","47,24","1,62","0,7 %"
PRIVÉ,820000057,CLINIQUE DU PONT DE CHAUME,M12,19 556,10 105,9 451,26 243,"57,2 %","67,25","1,04","0,8 %"
PRIVÉ,820000065,CLINIQUE DU DOCTEUR CAVE,M12,11 643,571,11 072,0,"46,0 %","66,33","0,07","0,0 %"
PRIVÉ,830012548,CENTRE D'HEMODIALYSE DE L'AVODD,M12,0,0,0,25 521,"64,8 %","71,96","0,00","0,0 %"
PRIVÉ,830012688,CENTRE NÉPHROLOGIQUE LES FLEURS,M12,0,0,0,19 894,"62,2 %","75,28","0,00","0,0 %"
PRIVÉ,830013819,UDM STE ANNE TOULON,M12,0,0,0,8 390,"56,2 %","74,67","0,00","0,0 %"
PRIVÉ,830017505,CENTRE DE DIALYSE DE L'AVODD,M12,0,0,0,18 490,"57,5 %","72,99","0,00","0,0 %"
PRIVÉ,830100103,CLINIQUE STE MARGUERITE,M12,14 304,3 143,11 161,17 044,"57,2 %","67,11","0,48","0,4 %"
PRIVÉ,830100251,CLINIQUE DU CAP D'OR,M12,10 853,3 463,7 390,3 111,"45,7 %","60,85","1,16","1,2 %"
PRIVÉ,830100319,POLYCLINIQUE LES FLEURS,M12,18 295,9 194,9 101,129,"62,0 %","67,65","2,01","1,1 %"
PRIVÉ,830100327,CLINIQUE LES LAURIERS,M12,9 034,1 520,7 514,175,"47,8 %","60,67","0,41","0,0 %"
PRIVÉ,830100368,CLINIQUE CHIRURGICALE DU GOLFE DE SAINT TROPEZ,M12,5 837,1 519,4 318,83,"49,7 %","59,99","0,95","0,1 %"
PRIVÉ,830100392,POLYCLINIQUE NOTRE DAME,M12,11 680,3 915,7 765,289,"56,5 %","64,72","1,30","0,5 %"
PRIVÉ,830100418,CLINIQUE NOTRE DAME DE LA MERCI,M12,7 404,1 090,6 314,1 à 10,"48,4 %","63,35","0,34","0,0 %"
PRIVÉ,830100434,CLINIQUE SAINT JEAN,M12,35 229,6 838,28 391,6 052,"41,6 %","49,80","0,71","0,3 %"
PRIVÉ,830100459,CLINIQUE SAINT MICHEL,M12,16 738,2 867,13 871,228,"43,9 %","58,68","0,41","0,0 %"
PRIVÉ,830100475,CLINIQUE SAINT ROCH,M12,6 152,1 762,4 390,31,"44,7 %","54,25","1,10","0,0 %"
PRIVÉ,830100855,CENTRE DE GÉRONTOLOGIE ST.FRANCOIS,M12,1 167,1 162,1 à 10,0,"38,7 %","83,43","8,65","3,4 %"
PRIVÉ,830213617,A.V.O.D.D.-AUTODIALYSE BRIGNOLES,M12,0,0,0,6 815,"65,0 %","68,77","0,00","0,0 %"
PRIVÉ,830213625,A.V.O.D.D.-AUTODIALYSE TOULON,M12,0,0,0,3 969,"62,9 %","73,21","0,00","0,0 %"
PRIVÉ,830215687,DIAVERUM DRAGUIGNAN CENTRE DE DIALYSE,M12,0,0,0,22 978,"68,0 %","70,98","0,00","0,0 %"
PRIVÉ,840000285,POLYCLINIQUE URBAIN V,M12,11 972,4 844,7 128,59,"24,8 %","45,50","1,18","0,0 %"
PRIVÉ,840000327,CLINIQUE DU DR MONTAGARD,M12,2 319,1 550,769,0,"49,0 %","57,91","2,25","0,0 %"
PRIVÉ,840000400,SYNERGIA LUBERON,M12,8 463,1 366,7 097,19,"46,5 %","57,80","0,42","0,1 %"
PRIVÉ,840000467,CAPIO CLINIQUE D'ORANGE,M12,8 750,1 645,7 105,75,"48,2 %","58,04","0,54","0,0 %"
PRIVÉ,840011043,CENTRE D'HEMODIALYSE DE L'ATIR,M12,0,0,0,29 076,"64,9 %","70,88","0,00","0,0 %"
PRIVÉ,840012538,ATIR AUTODIALYSE ISLE SUR SORGUE,M12,0,0,0,775,"47,2 %","58,49","0,00","0,0 %"
PRIVÉ,840013312,CLINIQUE RHONE DURANCE,M12,12 082,7 869,4 213,769,"68,4 %","67,49","1,92","0,5 %"
PRIVÉ,840013445,CLINIQUE FONTVERT ST FRANCOIS,M12,20 019,1 606,18 413,170,"50,2 %","55,25","0,17","0,0 %"
PRIVÉ,840017172,SYNERGIA VENTOUX,M12,9 896,2 758,7 138,147,"51,3 %","59,70","1,03","0,2 %"
PRIVÉ,840017222,ATIR CENTRE D'HÉMODIALYSE,M12,0,0,0,18 391,"68,3 %","71,98","0,00","0,0 %"
PRIVÉ,840017461,HEMODIALYSE ATIR CH ORANGE,M12,0,0,0,17 300,"55,9 %","71,98","0,00","0,0 %"
PRIVÉ,840018774,ATIR UNITE DIALYSE MEDIC CAVAILLON,M12,0,0,0,6 214,"61,7 %","72,98","0,00","0,0 %"
PRIVÉ,850000118,CLINIQUE SAINT CHARLES,M12,22 186,6 306,15 880,39,"46,7 %","52,26","1,01","0,3 %"
PRIVÉ,850000126,CLINIQUE SUD VENDEE,M12,8 181,1 951,6 230,119,"50,6 %","62,41","0,84","0,1 %"
PRIVÉ,850000134,CLINIQUE CHIRURGICALE PORTE OCEANE,M12,10 073,3 147,6 926,0,"49,6 %","61,96","1,16","0,2 %"
PRIVÉ,850009333,DIALYSE ECHO LA ROCHE SUR YON,M12,0,0,0,12 151,"58,2 %","68,12","0,00","0,0 %"
PRIVÉ,850011271,DIALYSE ECHO CHALLANS,M12,0,0,0,7 543,"70,3 %","71,51","0,00","0,0 %"
PRIVÉ,850022047,DIALYSE ECHO ILE D'YEU,M12,0,0,0,858,"64,9 %","69,55","0,00","0,0 %"
PRIVÉ,850023151,DIALYSE ECHO FONTENAY LE COMTE,M12,0,0,0,4 254,"54,7 %","70,54","0,00","0,0 %"
PRIVÉ,850025156,CENTRE DIALYSE ECHO OLONNES SUR MER,M12,0,0,0,12 216,"58,3 %","73,09","0,00","0,0 %"
PRIVÉ,860010321,POLYCLINIQUE DE POITIERS,M12,22 927,6 761,16 166,279,"53,8 %","55,62","0,96","0,1 %"
PRIVÉ,860780311,CLINIQUE DE CHATELLERAULT,M12,5 625,1 311,4 314,15,"45,9 %","61,01","0,84","0,2 %"
PRIVÉ,860780568,CLINIQUE FIEF DE GRIMOIRE,M12,7 271,3 257,4 014,51,"24,7 %","49,53","1,38","0,0 %"
PRIVÉ,870000080,UNITÉ DE DIALYSE LIMOGES BUISSON,M12,0,0,0,14 361,"64,1 %","68,03","0,00","0,0 %"
PRIVÉ,870000288,CLINIQUE FRANÇOIS CHENIEUX,M12,40 519,16 591,23 928,11 702,"47,6 %","63,97","1,56","0,8 %"
PRIVÉ,870000411,CLINIQUE EMAILLEURS-COLOMBIER LIMOGES,M12,12 095,6 714,5 381,137,"36,5 %","44,89","2,05","0,2 %"
PRIVÉ,880788591,POLYCLINIQUE LA LIGNE BLEUE,M12,14 891,6 014,8 877,19 162,"59,3 %","64,97","0,70","0,1 %"
PRIVÉ,890000169,CLINIQUE PAUL PICQUET SENS,M12,14 112,2 911,11 201,1 879,"45,6 %","58,06","0,61","0,2 %"
PRIVÉ,890002389,POLYCLINIQUE STE MARGUERITE AUXERRE,M12,12 100,3 023,9 077,1 703,"52,5 %","62,47","0,97","0,4 %"
PRIVÉ,900000035,HÔPITAL PRIVÉ DE LA MIOTTE,M12,10 415,1 433,8 982,183,"46,0 %","57,58","0,35","0,0 %"
PRIVÉ,910002609,CENTRE D'HEMODIALYSE D'ATHIS,M12,0,0,0,16 191,"56,9 %","66,44","0,00","0,0 %"
PRIVÉ,910009349,CENTRE D'HEMODIALYSE D ETAMPES,M12,1 à 10,1 à 10,0,16 961,"62,9 %","71,90","0,01","0,0 %"
PRIVÉ,910015965,CLINIQUE LE MOULIN DE VIRY,M12,534,534,0,0,"36,9 %","83,49","12,58","3,9 %"
PRIVÉ,910022037,UDM NEPHROCARE ILE DE FRANCE,M12,0,0,0,3 557,"57,4 %","66,70","0,00","0,0 %"
PRIVÉ,910300011,CLINIQUE DES CHARMILLES,M12,12 834,1 513,11 321,163,"47,9 %","51,87","0,28","0,0 %"
PRIVÉ,910300060,CLINIQUE GERIATRIQUE LES VALLEES,M12,170,170,0,0,"30,6 %","86,71","23,82","7,1 %"
PRIVÉ,910300144,CENTRE MÉDICO-CHIRURGICAL ET OBST,M12,14 596,5 499,9 097,31 423,"56,0 %","59,60","0,55","0,2 %"
PRIVÉ,910300177,CLINIQUE DE L'YVETTE,M12,16 480,6 092,10 388,87,"45,4 %","46,86","1,19","0,1 %"
PRIVÉ,910300219,HÔPITAL PRIVÉ JACQUES CARTIER,M12,21 339,9 619,11 720,10 278,"60,4 %","66,12","1,80","0,7 %"
PRIVÉ,910300300,HÔPITAL PRIVÉ DU VAL D'YERRES,M12,6 599,2 367,4 232,1 552,"52,5 %","57,95","2,18","1,7 %"
PRIVÉ,910300326,CLINIQUE PASTEUR,M12,761,695,66,5 009,"38,7 %","66,54","0,60","1,2 %"
PRIVÉ,910300359,HÔPITAL PRIVÉ D ATHIS MONS,M12,8 590,1 050,7 540,47,"54,2 %","47,16","0,77","0,5 %"
PRIVÉ,910803543,CH PRIVÉ CLAUDE GALIEN,M12,25 472,9 195,16 277,19 401,"55,4 %","56,92","1,07","0,5 %"
PRIVÉ,910805357,CLINIQUE DE L ESSONNE,M12,14 009,2 841,11 168,280,"51,4 %","40,81","0,70","0,0 %"
PRIVÉ,910813963,UNITÉ D'AUTODIALYSE DE BIEVRES,M12,0,0,0,9 937,"56,1 %","57,76","0,00","0,0 %"
PRIVÉ,920008539,HÔPITAL AMERICAIN 2,M12,12,11,1 à 10,11 075,"55,3 %","69,74","0,01","0,0 %"
PRIVÉ,920029550,CH A PARE HARTMANN P CHEREST,M12,9 517,4 282,5 235,4 165,"48,0 %","59,96","1,33","0,5 %"
PRIVÉ,920300043,HÔPITAL PRIVÉ D ANTONY,M12,43 133,16 357,26 776,28 478,"49,5 %","56,96","1,13","0,6 %"
PRIVÉ,920300183,CENTRE CHIRURGICAL DES PRINCES,M12,13 728,810,12 918,0,"39,0 %","54,48","0,10","0,0 %"
PRIVÉ,920300191,C.C.B.B. MARCEL SEMBAT,M12,9 905,1 496,8 409,45,"61,2 %","28,90","0,37","0,0 %"
PRIVÉ,920300266,CLINIQUE DU PLATEAU,M12,1 499,917,582,229,"40,6 %","71,01","3,22","6,8 %"
PRIVÉ,920300365,CLINIQUE LA MONTAGNE,M12,10 328,1 069,9 259,15,"49,7 %","44,40","0,20","0,0 %"
PRIVÉ,920300415,CLINIQUE LAMBERT,M12,7 272,1 694,5 578,19 763,"49,2 %","64,45","0,32","0,1 %"
PRIVÉ,920300597,CLINIQUE DE MEUDON LA FORET,M12,15 307,3 896,11 411,2 767,"48,3 %","59,36","1,25","0,7 %"
PRIVÉ,920300712,CENTRE CHIRURGICAL P. CHEREST,M12,10 626,782,9 844,164,"35,1 %","59,44","0,09","0,1 %"
PRIVÉ,920300753,CENTRE CHIRURGICAL AMBROISE PARE,M12,14 183,9 240,4 943,11 744,"64,5 %","65,68","1,56","0,3 %"
PRIVÉ,920300761,CLINIQUE HARTMANN,M8,10 420,2 844,7 576,7 927,"36,9 %","55,81","0,58","0,6 %"
PRIVÉ,920300787,HÔPITAL AMERICAIN,M12,15 274,6 978,8 296,1 810,"43,6 %","53,45","1,99","1,1 %"
PRIVÉ,920300837,CLINIQUE LES MARTINETS,M12,9 493,645,8 848,17 173,"58,8 %","62,96","0,05","0,0 %"
PRIVÉ,920300936,CENTRE CHIRURGICAL VAL D'OR,M12,5 773,2 484,3 289,1 à 10,"50,7 %","59,08","2,75","1,2 %"
PRIVÉ,920301033,CENTRE CANCEROLOGIE DE LA PORTE ST CLOUD,M12,275,275,0,6 001,"29,0 %","63,24","0,15","0,1 %"
PRIVÉ,920811775,UNITÉ D'AUTODIALYSE DE SURESNES,M12,0,0,0,10 013,"71,8 %","60,57","0,00","0,0 %"
PRIVÉ,930014428,CENTRE DE DIALYSE DE L'ESTREE,M12,0,0,0,10 861,"54,4 %","69,16","0,00","0,0 %"
PRIVÉ,930022603,CENTRE DE DIALYSE DE MONTFERMEIL,M12,0,0,0,10 598,"62,5 %","64,89","0,00","0,0 %"
PRIVÉ,930031406,DIAVERUM SAINT DENIS SITE CCN,M12,0,0,0,4 286,"58,7 %","70,20","0,00","0,0 %"
PRIVÉ,930300025,HÔPITAL EUROPEEN LA ROSERAIE,M12,14 241,6 763,7 478,17 596,"66,8 %","58,68","1,28","0,7 %"
PRIVÉ,930300066,HÔPITAL PRIVÉ DE L EST PARISIEN,M12,13 123,4 101,9 022,38 653,"61,1 %","65,49","0,41","0,2 %"
PRIVÉ,930300082,CENTRE CHIRURGICAL FLOREAL,M12,14 436,3 083,11 353,1 668,"56,7 %","47,20","1,10","0,4 %"
PRIVÉ,930300116,HÔPITAL PRIVÉ DE SEINE ST DENIS,M12,17 537,8 304,9 233,2 173,"40,8 %","40,36","2,10","0,4 %"
PRIVÉ,930300264,CLINIQUE LES LILAS,M12,3 427,750,2 677,0,"53,7 %","44,81","0,69","0,0 %"
PRIVÉ,930300298,POLYCLINIQUE VAUBAN,M12,9 984,2 890,7 094,0,"43,6 %","42,24","1,00","0,0 %"
PRIVÉ,930300553,CLINIQUE DE L'ESTREE,M12,14 739,7 797,6 942,1 882,"42,9 %","41,91","2,67","0,9 %"
PRIVÉ,930300587,CLINIQUE DU LANDY,M12,7 370,866,6 504,20 244,"54,8 %","64,30","0,11","0,0 %"
PRIVÉ,930300595,CLINIQUE DU VERT GALANT,M12,13 445,2 752,10 693,20 811,"55,4 %","61,70","0,47","0,4 %"
PRIVÉ,930300645,CENTRE CARDIOLOGIQUE DU NORD,M12,17 414,9 880,7 534,87,"60,9 %","64,62","2,86","0,8 %"
PRIVÉ,930817333,DIAVERUM SAINT DENIS- CTRE HEMODIALYSE,M12,0,0,0,31 167,"65,1 %","59,63","0,00","0,0 %"
PRIVÉ,940000078,UNITÉ D'AUTODIALYSE DE CRETEIL,M12,0,0,0,14 394,"70,3 %","59,01","0,00","0,0 %"
PRIVÉ,940006679,HÔPITAL PRIVÉ DE MARNE-LA-VALLÉE,M12,17 829,7 125,10 704,16 182,"52,6 %","52,86","0,91","0,1 %"
PRIVÉ,940300031,HÔPITAL PRIVÉ PAUL D'EGINE,M12,24 495,5 489,19 006,19 871,"52,0 %","59,15","0,61","0,3 %"
PRIVÉ,940300163,CLINIQUE LES TOURNELLES,M12,446,444,1 à 10,0,"39,2 %","87,51","6,19","5,4 %"
PRIVÉ,940300270,HÔPITAL PRIVÉ ARMAND BRILLARD,M12,21 321,9 217,12 104,17 308,"48,8 %","56,41","0,97","0,3 %"
PRIVÉ,940300379,CLINIQUE GASTON METIVET,M12,12 060,4 533,7 527,118,"41,1 %","53,32","1,80","0,5 %"
PRIVÉ,940300445,CLINIQUE DU SUD,M12,7 988,2 157,5 831,21 176,"64,5 %","64,54","0,50","0,4 %"
PRIVÉ,940300452,CLINIQUE MEDICALE DE DIETETIQUE,M12,1 756,1 684,72,0,"19,7 %","51,05","3,04","0,0 %"
PRIVÉ,940300494,POLYCLINIQUE DE VILLENEUVE ST GEORGES,M12,6 705,1 918,4 787,30 612,"58,3 %","64,78","0,39","0,1 %"
PRIVÉ,940300551,HÔPITAL PRIVÉ DE VITRY SITE NORIETS,M12,3 361,2 569,792,71,"18,9 %","24,94","3,02","0,2 %"
PRIVÉ,940300569,HÔPITAL PRIVÉ DE VITRY SITE PASTEUR,M12,10 926,4 326,6 600,23,"47,8 %","50,21","2,05","0,8 %"
PRIVÉ,940813017,UNITÉ D'AUTODIALYSE DE VILLEJUIF,M12,0,0,0,18 751,"59,0 %","56,43","0,00","0,0 %"
PRIVÉ,940813033,CLINIQUE DE BERCY,M12,17 630,2 564,15 066,549,"44,6 %","47,55","0,26","0,0 %"
PRIVÉ,950032714,CLINIQUE AMBULATOIRE DE DOMONT,M12,11 109,0,11 109,13,"45,2 %","56,40","0,00","0,0 %"
PRIVÉ,950300095,POLYCLINIQUE DU PLATEAU,M12,6 321,1 253,5 068,21 353,"55,9 %","63,80","0,30","0,1 %"
PRIVÉ,950300152,CLINIQUE MIRABEAU,M12,188,185,1 à 10,0,"33,5 %","83,31","13,14","25,5 %"
PRIVÉ,950300202,CLINIQUE CONTI,M12,19 495,4 513,14 982,144,"46,4 %","48,37","0,84","0,0 %"
PRIVÉ,950300244,CH PRIVÉ SAINTE MARIE,M12,24 927,4 214,20 713,6 512,"47,9 %","54,92","0,59","0,5 %"
PRIVÉ,950300277,HÔPITAL PRIVÉ NORD PARISIEN,M12,15 462,4 911,10 551,29 088,"52,3 %","57,27","0,54","0,1 %"
PRIVÉ,950300301,CLINIQUE MEDICALE DU PARC ST OUEN,M12,642,467,175,98,"49,6 %","62,78","7,00","24,5 %"
PRIVÉ,950807982,CLINIQUE CLAUDE BERNARD,M12,29 457,9 365,20 092,25 735,"52,9 %","57,10","0,66","0,1 %"
PRIVÉ,970100012,POLYCLINIQUE DE LA GUADELOUPE,M12,8 808,3 221,5 587,38,"38,4 %","62,21","1,37","0,0 %"
PRIVÉ,970100020,CENTRE MEDICO-SOCIAL,M12,9 728,2 131,7 597,793,"32,4 %","59,84","0,67","0,6 %"
PRIVÉ,970100137,POLYCLINIQUE SAINT-CHRISTOPHE,M12,1 210,370,840,1 à 10,"36,4 %","65,58","0,91","0,2 %"
PRIVÉ,970102596,CLINIQUE DE CHOISY,M12,1 960,792,1 168,53 793,"56,9 %","67,24","0,05","0,0 %"
PRIVÉ,970103099,CLINIQUE LES NOUVELLES EAUX-MARINES,M12,508,505,1 à 10,0,"44,9 %","72,60","7,51","0,6 %"
PRIVÉ,970107249,CLINIQUE LES EAUX CLAIRES,M12,24 697,7 919,16 778,5 012,"39,6 %","53,99","0,95","0,1 %"
PRIVÉ,970107454,A.U.D.R.A.,M12,0,0,0,40 473,"59,2 %","63,84","0,00","0,0 %"
PRIVÉ,970111571,EAUX VIVES DIALYSE,M12,0,0,0,18 390,"54,4 %","70,97","0,00","0,0 %"
PRIVÉ,970202313,CLINIQUE SAINT PAUL,M12,19 096,4 903,14 193,70,"37,6 %","55,14","1,00","0,1 %"
PRIVÉ,970203774,STEER SARL,M12,0,0,0,22 746,"59,1 %","63,91","0,00","0,0 %"
PRIVÉ,970209219,E.T.E.E.R.,M12,0,0,0,14 130,"62,0 %","70,15","0,00","0,0 %"
PRIVÉ,970302055,HÔPITAL PRIVÉ SAINT-GABRIEL,M12,2 738,440,2 298,9 558,"59,1 %","61,01","0,15","0,0 %"
PRIVÉ,970302071,CLINIQUE SAINT-PAUL,M12,74,73,1 à 10,0,"59,5 %","66,64","4,20","2,7 %"
PRIVÉ,970305843,GUYANE SANTÉ HIBISCUS,M12,137,136,1 à 10,0,"39,4 %","82,97","6,93","0,7 %"
PRIVÉ,970403705,UDM,M12,0,0,0,9 050,"48,2 %","58,95","0,00","0,0 %"
PRIVÉ,970403721,UAD-UDM,M12,0,0,0,14 820,"43,4 %","62,10","0,00","0,0 %"
PRIVÉ,970403747,UAD,M12,0,0,0,2 544,"37,9 %","52,80","0,00","0,0 %"
PRIVÉ,970403754,UDM-UAD,M12,0,0,0,15 615,"50,9 %","64,18","0,00","0,0 %"
PRIVÉ,970403762,UAD,M12,0,0,0,5 184,"55,0 %","62,87","0,00","0,0 %"
PRIVÉ,970403770,UAD,M12,0,0,0,6 496,"69,7 %","56,67","0,00","0,0 %"
PRIVÉ,970404018,CENTRE D'HEMODIALYSE MG DURIEUX,M12,0,0,0,17 327,"60,4 %","68,31","0,00","0,0 %"
PRIVÉ,970404109,INSTITUT ROBERT DEBRE,M12,471,463,1 à 10,0,"85,4 %","46,41","7,60","0,0 %"
PRIVÉ,970404158,CENTRE UDM-UAD,M12,0,0,0,14 628,"44,7 %","67,27","0,00","0,0 %"
PRIVÉ,970404844,CLINIQUE SAINT-VINCENT,M12,7 473,763,6 710,12,"40,7 %","55,10","0,12","0,0 %"
PRIVÉ,970405064,CENTRE,M12,0,0,0,17 444,"49,8 %","68,05","0,00","0,0 %"
PRIVÉ,970405411,SODIA DELPRA,M12,121,0,121,33 656,"58,7 %","66,18","0,00","0,0 %"
PRIVÉ,970405676,UAD-DAD-DP,M12,0,0,0,6 921,"37,0 %","53,29","0,00","0,0 %"
PRIVÉ,970407151,UDM-UAD,M12,0,0,0,8 541,"53,9 %","66,98","0,00","0,0 %"
PRIVÉ,970409991,UAD,M12,0,0,0,6 615,"55,6 %","52,36","0,00","0,0 %"
PRIVÉ,970410064,SODIA OASIS,M12,1 à 10,0,1 à 10,31 141,"45,5 %","69,97","0,00","0,0 %"
PRIVÉ,970410155,UAD,M12,0,0,0,6 628,"64,3 %","54,79","0,00","0,0 %"
PRIVÉ,970411989,GCS CENTRE DE DIALYSE OUEST REUNION,M12,0,0,0,4 495,"56,3 %","67,91","0,00","0,0 %"
PRIVÉ,970462024,CLINIQUE JEANNE D'ARC,M12,3 722,2 321,1 401,175,"12,2 %","23,52","2,28","0,1 %"
PRIVÉ,970462073,CLINIQUE DURIEUX,M12,15 592,4 199,11 393,63,"43,3 %","48,09","0,70","0,0 %"
PRIVÉ,970462081,CLINIQUE LES ORCHIDEES,M12,14 122,3 393,10 729,3 591,"45,9 %","51,22","0,50","0,0 %"
PRIVÉ,970462107,CLINIQUE SAINTE CLOTILDE,M12,31 687,16 722,14 965,9 634,"41,9 %","54,04","1,54","0,6 %"
PRIVÉ,970466751,SARL AVICENNE,M12,5 001,0,5 001,0,"43,9 %","62,93","0,00","0,0 %"
PRIVÉ,980500763,UNITÉ D'AUTODIALYSE MAMOUDZOU,M12,64,0,64,9 009,"61,1 %","58,78","0,00","0,0 %"
,,Total,,NA,NA,NA,NA,"51,6 %","60,20","0,77","0,3 %"
