﻿Catégorie,Finess,Raison Sociale,Période,Nombre de séjoursséances total,Nombre de séjours en hospit complète,Nombre de séjours en hospit partielle,Nombre de séances,Sexe ratio (% homme),Age moyen,Durée moyenne de séjour,% décès
PRIVÉ,010007300,CLINIQUE AMBULATOIRE CENDANEG,M12,2 131,0,2 131,0,"46,5 %","63,80","0,00","0,0 %"
PRIVÉ,010780195,CLINIQUE CONVERT BOURG-EN-B.,M12,20 969,6 335,14 634,3 619,"50,7 %","59,40","1,03","0,7 %"
PRIVÉ,010780203,HÔPITAL PRIVÉ D'AMBERIEU,M12,16 706,7 155,9 551,273,"47,0 %","53,05","1,47","0,8 %"
PRIVÉ,010780294,NEPHROCARE CH BELLEY,M12,0,0,0,10 242,"62,6 %","67,24","0,00","0,0 %"
PRIVÉ,020000360,CLINIQUE SAINT CHRISTOPHE,M12,5 617,938,4 679,1 à 10,"52,1 %","57,33","0,37","0,0 %"
PRIVÉ,020010047,POLYCLINIQUE ST CLAUDE,M12,15 543,4 802,10 741,3 276,"49,1 %","58,12","0,91","0,5 %"
PRIVÉ,030780548,POLYCLINIQUE PERGOLA - VICHY,M12,11 759,2 930,8 829,2 417,"52,7 %","62,86","0,63","0,3 %"
PRIVÉ,030781116,CLINIQUE ST-FRANC ST ANT -DESERTINE,M12,13 434,4 501,8 933,7 225,"59,6 %","67,60","1,26","0,8 %"
PRIVÉ,030785430,POLYCLINIQUE ST-ODILON - MOULINS,M12,10 362,4 145,6 217,1 188,"50,3 %","63,30","1,04","0,5 %"
PRIVÉ,040003113,AUTODIALYSE CH SISTERON,M12,0,0,0,2 004,"71,2 %","71,64","0,00","0,0 %"
PRIVÉ,040780470,CLINIQUE CHIRURGICALE TOUTES AURES,M12,6 242,521,5 721,1 à 10,"48,7 %","62,09","0,23","0,0 %"
PRIVÉ,040784860,CENTRE D'HEMODIALYSE DES ALPES,M12,0,0,0,18 477,"59,4 %","73,61","0,00","0,0 %"
PRIVÉ,040787541,CHR FAVRY AUTODIALYSE DIGNE,M12,0,0,0,1 307,"64,2 %","67,73","0,00","0,0 %"
PRIVÉ,050000090,CLINIQUE DES HAUTES-ALPES,M12,14 278,2 263,12 015,726,"51,9 %","59,16","0,28","0,0 %"
PRIVÉ,060010949,AGAHTIR UDM ANTIBES,M12,0,0,0,9 629,"71,7 %","71,47","0,00","0,0 %"
PRIVÉ,060021276,AGAHTIR CENTRE D'HEMODIALYSE,M12,0,0,0,8 564,"60,9 %","75,27","0,00","0,0 %"
PRIVÉ,060021417,HÔPITAL PRIVÉ CANNES OXFORD,M12,21 002,3 230,17 772,132,"46,6 %","58,00","0,53","0,1 %"
PRIVÉ,060780442,CLINIQUE SAINT FRANCOIS,M12,6 502,1 482,5 020,1 à 10,"37,9 %","58,63","0,26","0,0 %"
PRIVÉ,060780491,INSTITUT ARNAULT TZANCK,M12,20 977,7 486,13 491,335,"52,5 %","62,52","1,47","0,7 %"
PRIVÉ,060780517,POLYCLINIQUE SAINT-JEAN,M12,34 087,9 553,24 534,12 227,"43,0 %","60,02","0,93","0,5 %"
PRIVÉ,060780590,CLINIQUE DU PALAIS,M12,8 054,1 861,6 193,399,"48,2 %","59,24","0,59","0,0 %"
PRIVÉ,060780715,CLINIQUE SAINT GEORGE,M12,41 656,13 407,28 249,8 450,"48,5 %","58,10","1,05","0,5 %"
PRIVÉ,060780723,CLINIQUE DU PARC IMPERIAL,M12,18 107,3 785,14 322,3 154,"47,4 %","60,11","0,64","0,3 %"
PRIVÉ,060780756,CLINIQUE SANTA MARIA,M12,14 676,7 353,7 323,200,"26,2 %","36,56","1,72","0,0 %"
PRIVÉ,060781200,CLINIQUE SAINT ANTOINE,M12,11 406,3 120,8 286,402,"43,3 %","60,39","1,49","0,4 %"
PRIVÉ,060791860,CENTRE D'HEMODIALYSE A TZANCK,M12,0,0,0,35 496,"67,3 %","70,65","0,00","0,0 %"
PRIVÉ,060792900,A TZANCK AUTODIALYSE MOUGINS,M12,0,0,0,3 107,"68,7 %","72,29","0,00","0,0 %"
PRIVÉ,060792926,CENTRE D'HEMODIALYSE LA RIVIERA ANTIBES,M12,0,0,0,13 374,"63,5 %","71,49","0,00","0,0 %"
PRIVÉ,060800166,HP A. TZANCK MOUGINS SOPHIA ANTIPOLIS,M12,23 078,6 476,16 602,10 471,"47,0 %","61,78","0,92","0,5 %"
PRIVÉ,070780168,CLINIQUE DU VIVARAIS,M12,6 959,1 404,5 555,58,"48,9 %","64,12","0,61","0,0 %"
PRIVÉ,070780424,CLINIQUE PASTEUR,M12,16 642,4 944,11 698,42,"48,5 %","56,00","1,17","0,1 %"
PRIVÉ,100000082,CLINIQUE PAYS DE SEINE,M12,4 192,809,3 383,20,"49,7 %","56,72","0,59","0,2 %"
PRIVÉ,100000124,POLYCLINIQUE MONTIER LA CELLE,M12,15 938,4 603,11 335,366,"49,1 %","59,87","0,86","0,0 %"
PRIVÉ,110004413,AIDER UAD NARBONNE,M12,0,0,0,3 768,"63,2 %","70,80","0,00","0,0 %"
PRIVÉ,110004421,AIDER UAD LIMOUX,M12,0,0,0,2 340,"53,5 %","69,25","0,00","0,0 %"
PRIVÉ,110004439,AIDER UAD DE TREBES,M12,0,0,0,2 437,"61,3 %","63,43","0,00","0,0 %"
PRIVÉ,110005311,AIDER UAD DE CARCASSONNE,M12,0,0,0,6 616,"72,3 %","65,34","0,00","0,0 %"
PRIVÉ,110780228,HÔPITAL PRIVÉ DU GRAND NARBONNE,M12,24 327,6 815,17 512,23 596,"55,1 %","66,50","0,67","0,6 %"
PRIVÉ,110780483,CLINIQUE MONTREAL,M12,18 884,4 147,14 737,1 651,"47,0 %","60,55","0,83","1,0 %"
PRIVÉ,120001748,UNITÉ DIALYSE MEDICALISEE MILLAU,M12,0,0,0,6 338,"72,0 %","74,40","0,00","0,0 %"
PRIVÉ,130008253,CLINIQUE DE VITROLLES,M12,8 369,2 655,5 714,286,"36,7 %","35,25","1,04","0,0 %"
PRIVÉ,130034002,DIAVERUM PROVENCE SALON,M12,0,0,0,10 125,"61,5 %","71,27","0,00","0,0 %"
PRIVÉ,130034044,DIAVERUM PROVENCE MARIGNANE,M12,0,0,0,7 898,"68,2 %","73,64","0,00","0,0 %"
PRIVÉ,130034093,DIAVERUM PROVENCE HE MARSEILLE 3E,M12,0,0,0,8 370,"73,2 %","65,13","0,00","0,0 %"
PRIVÉ,130034531,DIAVERUM PROVENCE ARLES,M12,0,0,0,23 155,"60,3 %","72,85","0,00","0,0 %"
PRIVÉ,130038003,DIALYSAIX - CENTRE D'HÉMODIALYSE D'AIX EN PROVENCE,M12,0,0,0,26 314,"66,9 %","73,59","0,00","0,0 %"
PRIVÉ,130041767,EUROMED CARDIO,M12,3 459,2 980,479,62,"64,1 %","69,20","2,84","0,7 %"
PRIVÉ,130042096,GCS CENTRE CARDIO AXIUM RAMBO,M12,3 516,3 252,264,0,"69,3 %","70,43","2,29","0,4 %"
PRIVÉ,130044753,CLINIQUE MONTICELLI VELODROME,M12,15 607,994,14 613,0,"45,5 %","62,08","0,07","0,0 %"
PRIVÉ,130781370,CLINIQUE JEANNE D'ARC,M12,417,416,1 à 10,0,"47,0 %","57,96","1,70","0,0 %"
PRIVÉ,130781479,CLINIQUE LA CASAMANCE,M12,22 516,10 149,12 367,4 547,"48,1 %","59,67","1,62","0,8 %"
PRIVÉ,130781867,CLINIQUE DE LA CIOTAT,M12,8 887,1 271,7 616,4 747,"53,3 %","62,07","0,20","0,0 %"
PRIVÉ,130782071,CLINIQUE DE L'ETANG DE L'OLIVIER,M12,2 009,1 384,625,151,"51,1 %","59,71","3,07","1,6 %"
PRIVÉ,130782147,CLINIQUE GENERALE DE MARIGNANE,M12,12 977,4 983,7 994,20,"55,2 %","60,91","1,95","1,2 %"
PRIVÉ,130782162,CLINIQUE DE MARTIGUES,M12,11 018,1 564,9 454,267,"46,7 %","56,78","0,34","0,0 %"
PRIVÉ,130782675,CLINIQUE CHIRURGICALE DU DR VIGNOLI,M12,9 503,926,8 577,42,"49,0 %","56,85","0,30","0,0 %"
PRIVÉ,130783327,CLINIQUE BOUCHARD,M12,24 281,9 475,14 806,20 724,"46,5 %","57,59","0,71","0,1 %"
PRIVÉ,130783723,CLINIQUE JUGE,M12,22 548,2 915,19 633,15,"44,3 %","51,04","0,28","0,0 %"
PRIVÉ,130784051,POLYCLINIQUE CLAIRVAL,M12,20 804,13 236,7 568,13 131,"55,0 %","62,58","2,11","0,6 %"
PRIVÉ,130784481,DIAVERUM PROVENCE MARSEILLE 8E,M12,0,0,0,49 197,"63,3 %","69,84","0,00","0,0 %"
PRIVÉ,130784713,CLINIQUE BEAUREGARD,M12,30 030,12 432,17 598,6 214,"37,5 %","51,66","1,58","0,5 %"
PRIVÉ,130784903,CLINIQUE MÉDICO-CHIRURGICALE LA PHOCEANNE,M12,5 598,1 536,4 062,0,"36,7 %","68,21","2,15","0,1 %"
PRIVÉ,130785389,CLINIQUE CHANTECLER,M12,11 494,1 850,9 644,117,"48,6 %","54,82","0,42","0,0 %"
PRIVÉ,130785678,CLINIQUE VERT COTEAU,M12,9 823,2 800,7 023,2 640,"46,9 %","60,80","1,98","0,8 %"
PRIVÉ,130786361,POLYCLINIQUE DU PARC RAMBOT,M12,41 641,13 759,27 882,12 051,"48,3 %","59,09","1,12","0,5 %"
PRIVÉ,130789159,CENTRE CARDIO-VASCULAIRE VALMANT,M12,966,965,1 à 10,0,"43,4 %","77,78","7,55","3,5 %"
PRIVÉ,130809809,CENTRE D'HEMODIALYSE DE PROVENCE,M12,0,0,0,23 399,"60,8 %","75,62","0,00","0,0 %"
PRIVÉ,130810740,CLINIQUE AXIUM,M12,35 014,5 266,29 748,667,"47,9 %","54,14","0,54","0,2 %"
PRIVÉ,140000290,CLINIQUE NOTRE-DAME,M12,6 668,1 028,5 640,74,"44,1 %","59,71","0,38","0,0 %"
PRIVÉ,140016759,POLYCLINIQUE DU PARC,M12,33 732,12 066,21 666,9 037,"42,4 %","55,78","1,04","0,4 %"
PRIVÉ,140017237,CH PRIVÉ ST MARTIN CAEN,M12,42 341,14 795,27 546,14 068,"56,7 %","65,69","0,90","0,2 %"
PRIVÉ,140018730,POLYCLINIQUE DE LISIEUX,M12,8 304,2 181,6 123,109,"54,1 %","61,97","0,71","0,1 %"
PRIVÉ,140026709,POLYCLINIQUE DE DEAUVILLE-CRICQUEBOEUF,M12,5 947,1 874,4 073,98,"47,8 %","59,82","0,82","0,0 %"
PRIVÉ,150003416,UNITÉ DE DIALYSE - CH DE MAURIAC,M12,0,0,0,2 251,"38,0 %","72,73","0,00","0,0 %"
PRIVÉ,150780120,CLINIQUE DU HAUT CANTAL,M12,343,342,1 à 10,0,"53,1 %","63,21","2,50","0,3 %"
PRIVÉ,150780732,CENTRE MÉDICO-CHIRURGICAL AURILLAC,M12,13 287,4 668,8 619,14 769,"58,9 %","67,60","0,89","0,5 %"
PRIVÉ,160000170,CLINIQUE SAINT JOSEPH ANGOULEME,M12,9 586,2 012,7 574,1 à 10,"52,7 %","60,16","0,60","0,1 %"
PRIVÉ,160000279,CLINIQUE DE COGNAC,M12,6 558,1 242,5 316,0,"47,6 %","56,31","0,70","0,0 %"
PRIVÉ,160013207,CENTRE CLINICAL,M12,25 160,7 612,17 548,5 845,"43,2 %","58,60","0,77","0,5 %"
PRIVÉ,170780563,ÉTABLISSEMENT DE SOINS PASTEUR - ROYAN,M12,13 506,3 340,10 166,380,"55,1 %","63,12","0,87","0,1 %"
PRIVÉ,170780621,POLYCLINIQUE SAINT-GEORGES,M12,5 108,1 379,3 729,0,"46,6 %","62,88","0,99","0,0 %"
PRIVÉ,170780647,CLINIQUE RICHELIEU - SAINTES,M12,8 527,1 116,7 411,1 à 10,"44,2 %","59,10","0,26","0,0 %"
PRIVÉ,170780662,CLINIQUE DE L'ATLANTIQUE,M12,36 675,6 303,30 372,185,"45,2 %","59,60","0,42","0,0 %"
PRIVÉ,180004145,HÔPITAL PRIVÉ GUILLAUME DE VARYE,M12,17 676,5 602,12 074,9 307,"45,4 %","59,06","1,01","0,9 %"
PRIVÉ,190000224,CLINIQUE LES CEDRES BRIVE,M12,17 132,5 032,12 100,449,"46,8 %","59,80","1,05","0,1 %"
PRIVÉ,200200145,POLYCLINIQUE LA RESIDENCE,M12,12 471,2 924,9 547,5 998,"48,8 %","60,01","0,70","0,4 %"
PRIVÉ,210011847,POLYCLINIQUE DU PARC DREVON,M12,11 867,1 856,10 011,7 272,"46,1 %","61,81","0,34","0,6 %"
PRIVÉ,210012670,HÔPITAL PRIVÉ DIJON BOURGOGNE,M12,43 534,16 106,27 428,367,"49,5 %","56,31","0,98","0,2 %"
PRIVÉ,210780789,CLINIQUE MUTUALISTE BENIGNE JOLY,M12,14 456,5 320,9 136,20 571,"59,1 %","61,08","0,51","0,2 %"
PRIVÉ,220000111,POLYCLINIQUE DU TREGOR,M12,5 921,1 435,4 486,2 159,"50,6 %","65,66","0,63","0,0 %"
PRIVÉ,220005599,POLYCLINIQUE DU PAYS DE RANCE,M12,9 767,1 957,7 810,35,"50,9 %","62,43","0,61","0,1 %"
PRIVÉ,220013106,UNITÉ DIALYSE BEGARD AUB SANTÉ,M12,0,0,0,734,"78,3 %","73,03","0,00","0,0 %"
PRIVÉ,220013130,UNITÉ D'AUTODIALYSE PAIMPOL - AUB,M12,0,0,0,603,"73,5 %","64,70","0,00","0,0 %"
PRIVÉ,220013155,UNITÉ D'AUTODIALYSE SAINT ALBAN - AUB,M12,0,0,0,540,"85,9 %","63,83","0,00","0,0 %"
PRIVÉ,220016778,UNITÉ DIALYSE SAINT BRIEUC AUB SANTÉ,M12,0,0,0,166,"36,7 %","61,37","0,00","0,0 %"
PRIVÉ,220019558,UNIT DIALYSE LA BEAUCHÉE ST BRIEUC AUB,M12,0,0,0,8 863,"68,2 %","67,23","0,00","0,0 %"
PRIVÉ,220019848,UNITÉ DIALYSE LOUDEAC AUB SANTÉ,M12,0,0,0,1 896,"66,9 %","66,96","0,00","0,0 %"
PRIVÉ,220020507,UNITÉ DIALYSE LANNION AUB SANTÉ,M12,0,0,0,9 684,"62,1 %","70,96","0,00","0,0 %"
PRIVÉ,220021976,UNITÉ DIALYSE DINAN AUB SANTÉ,M12,0,0,0,2 396,"65,9 %","68,08","0,00","0,0 %"
PRIVÉ,220022800,HÔPITAL PRIVÉ DES COTES D'ARMOR,M12,27 768,8 924,18 844,12 576,"44,8 %","59,51","0,89","0,5 %"
PRIVÉ,230780157,CLINIQUE DE LA MARCHE GUERET,M12,5 147,833,4 314,100,"40,9 %","61,80","0,52","0,0 %"
PRIVÉ,240000190,POLYCLINIQUE FRANCHEVILLE,M12,15 070,5 645,9 425,7 806,"46,9 %","62,71","1,08","0,8 %"
PRIVÉ,240000208,CLINIQUE PASTEUR,M12,7 348,893,6 455,1 à 10,"48,9 %","65,42","0,36","0,0 %"
PRIVÉ,240000216,CLINIQUE DU PARC,M12,8 598,1 215,7 383,0,"43,2 %","60,64","0,47","0,0 %"
PRIVÉ,240006734,CENTRE D'HEMODIALYSE FRANCHEVILLE,M12,0,0,0,21 352,"58,9 %","73,77","0,00","0,0 %"
PRIVÉ,250000270,CLINIQUE SAINT-VINCENT,M12,27 809,7 185,20 624,205,"55,7 %","62,09","0,75","0,2 %"
PRIVÉ,250011848,POLYCLINIQUE DE FRANCHE COMTE,M12,20 302,4 731,15 571,1 806,"38,4 %","53,77","0,60","0,0 %"
PRIVÉ,260000260,CLINIQUE LA PARISIERE,M12,8 995,1 345,7 650,173,"49,5 %","60,61","0,38","0,0 %"
PRIVÉ,260003017,SA CLINIQUE KENNEDY,M12,20 554,5 601,14 953,128,"52,2 %","56,03","0,61","0,1 %"
PRIVÉ,260006267,CLINIQUE GENERALE,M12,6 287,878,5 409,6 519,"40,3 %","58,98","0,54","0,8 %"
PRIVÉ,270000326,CLINIQUE PASTEUR,M12,13 499,3 835,9 664,4 437,"51,6 %","61,34","0,76","0,3 %"
PRIVÉ,270000862,CLINIQUE BERGOUIGNAN,M12,3 925,1 125,2 800,0,"53,3 %","68,13","0,71","0,3 %"
PRIVÉ,280504689,CLINIQUE NÉPHROLOGIQUE DE MAISON BLANCHE,M12,0,0,0,16 669,"63,4 %","72,19","0,00","0,0 %"
PRIVÉ,280505777,HÔPITAL PRIVÉ D'EURE ET LOIR,M12,18 720,5 997,12 723,3 761,"47,0 %","60,73","1,10","0,7 %"
PRIVÉ,290000140,CLINIQUE PASTEUR-SAINT ESPRIT,M12,20 505,5 338,15 167,8 375,"43,2 %","62,72","0,71","0,6 %"
PRIVÉ,290000850,STE BRESTOISE DU REIN ARTIFICIEL,M12,0,0,0,11 907,"67,9 %","74,80","0,00","0,0 %"
PRIVÉ,290004142,CLINIQUE DU GRAND LARGE,M12,9 125,1 974,7 151,188,"44,8 %","56,97","0,61","0,1 %"
PRIVÉ,290005131,UNITÉ DIALYSE PLOURIN-LES-MORLAIX AUB,M12,0,0,0,4 797,"78,7 %","72,80","0,00","0,0 %"
PRIVÉ,290005172,UNITÉ DIALYSE BREST HERMITAGE AUB,M12,0,0,0,7 400,"60,3 %","61,81","0,00","0,0 %"
PRIVÉ,290005230,UNITÉ DIALYSE DOUARNENEZ - AUB,M12,0,0,0,3 593,"44,0 %","75,24","0,00","0,0 %"
PRIVÉ,290018555,UNITÉ D'AUTODIALYSE MORLAIX - AUB,M12,0,0,0,6 499,"69,6 %","64,49","0,00","0,0 %"
PRIVÉ,290018563,UNITÉ DIALYSE QUIMPER KERRADENNEC AUB,M12,0,0,0,9 243,"68,9 %","63,73","0,00","0,0 %"
PRIVÉ,290019777,POLYCLINIQUE DE KERAUDREN,M12,28 593,11 895,16 698,427,"51,1 %","50,87","1,36","0,1 %"
PRIVÉ,290021070,UNITÉ D'AUTODIALYSE CONCARNEAU - AUB,M12,0,0,0,1 890,"67,6 %","71,32","0,00","0,0 %"
PRIVÉ,290023431,CENTRE MÉDICO-CHIRURGICAL BAIE DE MORLAIX,M12,9 003,2 073,6 930,881,"50,8 %","60,88","0,41","0,1 %"
PRIVÉ,290023779,UNITÉ DIALYSE CARHAIX AUB,M12,0,0,0,6 727,"68,9 %","70,03","0,00","0,0 %"
PRIVÉ,290023787,UNITÉ DIALYSE LANDIVISIAU AUB SANTÉ,M12,0,0,0,626,"69,3 %","58,29","0,00","0,0 %"
PRIVÉ,290023795,UNITÉ D'AUTODIALYSE LE FOLGOET - AUB,M12,0,0,0,3 121,"53,0 %","71,51","0,00","0,0 %"
PRIVÉ,290025337,UNITÉ DIALYSE PLONEOUR LANVERN AUB,M12,0,0,0,1 863,"63,3 %","75,06","0,00","0,0 %"
PRIVÉ,290028539,UNITÉ DIALYSE LANDERNEAU - AUB,M12,0,0,0,732,"74,3 %","77,37","0,00","0,0 %"
PRIVÉ,290029669,UNITÉ DIALYSE QUIMPER AUB SANTÉ,M12,0,0,0,5 313,"64,3 %","74,83","0,00","0,0 %"
PRIVÉ,290030808,UNITÉ DIALYSE CROZON AUB SANTÉ,M12,0,0,0,3 065,"61,2 %","73,22","0,00","0,0 %"
PRIVÉ,290032028,UNITÉ DIALYSE BREST QUESTEL AUB SANTÉ,M12,0,0,0,7 213,"63,1 %","66,77","0,00","0,0 %"
PRIVÉ,290032655,UNITÉ DIALYSE QUIMPERLE MELLAC AUB,M12,0,0,0,1 635,"80,7 %","73,99","0,00","0,0 %"
PRIVÉ,290036540,CLINIQUE MUTUALISTE BRETAGNE OCCIDENTALE,M12,28 196,5 793,22 403,4 393,"46,9 %","63,64","0,62","0,3 %"
PRIVÉ,2A0000139,SA CLINISUD,M12,16 281,3 963,12 318,445,"49,4 %","61,06","0,92","0,3 %"
PRIVÉ,2A0000154,CLINIQUE DU SUD DE LA CORSE,M12,9 384,2 942,6 442,5 374,"51,6 %","58,38","0,77","0,6 %"
PRIVÉ,2B0000079,CLINIQUE DR FILIPPI,M12,5 080,181,4 899,0,"42,2 %","62,54","0,04","0,0 %"
PRIVÉ,2B0000392,POLYCLINIQUE DE FURIANI,M12,6 045,1 687,4 358,74,"57,4 %","60,21","0,94","0,0 %"
PRIVÉ,2B0005664,CLINIQUE DE TOGA,M12,185,184,1 à 10,0,"60,0 %","74,35","19,77","51,9 %"
PRIVÉ,300002508,CENTRE DE CHIRURGIE AMBULATOIRE DES HAUTS D'AVIGNON,M12,4 868,0,4 868,0,"51,3 %","50,23","0,00","0,0 %"
PRIVÉ,300007119,AIDER ALES,M12,0,0,0,12 824,"64,5 %","69,97","0,00","0,0 %"
PRIVÉ,300017209,KENVAL INSTITUT DE CANCEROLOGIE,M12,763,638,125,9 403,"40,0 %","67,18","0,62","1,0 %"
PRIVÉ,300017431,AIDER SANTÉ UAD UDM GCS PAAC,M12,0,0,0,12 207,"53,5 %","76,91","0,00","0,0 %"
PRIVÉ,300780137,NOUVELLE CLINIQUE BONNEFON,M12,13 759,2 974,10 785,233,"46,1 %","61,60","0,91","0,3 %"
PRIVÉ,300780152,HÔPITAL PRIVÉ LES FRANCISCAINES,M12,16 551,6 908,9 643,37,"51,9 %","61,41","1,56","0,3 %"
PRIVÉ,300787421,AIDER DE NIMES,M12,0,0,0,19 511,"59,7 %","67,64","0,00","0,0 %"
PRIVÉ,300788502,POLYCLINIQUE DU GRAND SUD,M12,37 622,11 534,26 088,2 469,"44,0 %","53,54","0,91","0,1 %"
PRIVÉ,310021571,CENTRE GERIATRIQUE DES MINIMES,M12,767,557,210,49,"34,2 %","84,87","4,78","2,5 %"
PRIVÉ,310026083,CLINIQUE SAINT-CYPRIEN RIVE GAUCHE,M12,35 579,12 014,23 565,548,"41,6 %","37,62","1,09","0,1 %"
PRIVÉ,310026927,CLINIQUE CAPIO LA CROIX DU SUD,M12,49 424,17 391,32 033,7 609,"45,0 %","54,11","1,26","0,5 %"
PRIVÉ,310780150,CLINIQUE MEDIPOLE GARONNE,M12,25 887,8 253,17 634,993,"45,7 %","52,03","0,61","0,0 %"
PRIVÉ,310780259,SA CLINIQUE PASTEUR,M12,50 512,22 602,27 910,12 574,"50,8 %","64,75","1,47","0,6 %"
PRIVÉ,310780283,NOUVELLE CLINIQUE DE L'UNION,M12,49 097,15 217,33 880,6 987,"49,4 %","57,56","1,16","0,6 %"
PRIVÉ,310780366,CLINIQUE MONIE,M12,3 138,1 015,2 123,253,"43,6 %","65,56","2,28","3,4 %"
PRIVÉ,310780382,CLINIQUE AMBROISE PARE,M12,20 190,8 796,11 394,1 465,"43,6 %","44,42","1,66","0,2 %"
PRIVÉ,310781000,CLINIQUE DES CEDRES,M12,45 408,15 554,29 854,5 281,"47,8 %","58,83","1,30","0,7 %"
PRIVÉ,310781505,CLINIQUE D'OCCITANIE,M12,36 341,12 749,23 592,4 704,"50,1 %","57,10","1,12","0,4 %"
PRIVÉ,310781695,CLINIQUE DE LAGARDELLE,M12,386,328,58,1 à 10,"46,4 %","80,16","14,05","34,9 %"
PRIVÉ,310782016,CLINIQUE NÉPHROLOGIQUE SAINT EXUPERY,M12,4 221,2 921,1 300,42 137,"55,3 %","72,70","0,36","0,2 %"
PRIVÉ,310786389,CLINIQUE DES PYRENEES,M12,228,186,42,0,"33,8 %","84,94","6,42","1,8 %"
PRIVÉ,310794417,CENTRE NÉPHROLOGIQUE D'OCCITANIE,M12,0,0,0,27 908,"65,9 %","76,13","0,00","0,0 %"
PRIVÉ,320780067,POLYCLINIQUE DE GASCOGNE,M2,1 009,244,765,1 à 10,"54,8 %","61,80","0,79","0,0 %"
PRIVÉ,330017989,CENTRE D'HEMODIALYSE BORDEAUX RIVE DROITE,M12,0,0,0,17 240,"53,6 %","74,54","0,00","0,0 %"
PRIVÉ,330060658,GCS CLINIQUE CHIRURGICALE LIBOURNAIS,M12,10 512,951,9 561,59,"47,0 %","61,04","0,18","0,0 %"
PRIVÉ,330780040,NOUVELLE CLINIQUE BEL AIR,M12,24 158,5 738,18 420,1 à 10,"47,5 %","54,25","0,36","0,0 %"
PRIVÉ,330780081,CLINIQUE SAINT AUGUSTIN,M12,19 414,10 888,8 526,116,"65,1 %","62,41","2,12","0,5 %"
PRIVÉ,330780115,CLINIQUE TIVOLI-DUCOS,M12,17 077,5 664,11 413,11 838,"30,7 %","55,93","0,65","0,4 %"
PRIVÉ,330780206,CLINIQUE D'ARCACHON,M12,13 607,2 782,10 825,2 111,"51,3 %","60,39","0,46","0,4 %"
PRIVÉ,330780263,POLYCLINIQUE BORDEAUX RIVE DROITE,M12,29 139,12 317,16 822,4 024,"44,4 %","51,77","1,41","0,7 %"
PRIVÉ,330780271,CLINIQUE DU SPORT DE BORDEAUX MERIGNAC,M12,12 890,3 038,9 852,167,"59,1 %","47,10","0,43","0,0 %"
PRIVÉ,330780354,POLYCLINIQUE BORDEAUX CAUDERAN,M12,4 738,1 214,3 524,232,"28,7 %","54,91","1,76","1,3 %"
PRIVÉ,330780446,C.T.M.R. ST AUGUSTIN,M12,0,0,0,25 746,"64,7 %","72,96","0,00","0,0 %"
PRIVÉ,330780453,CENTRE D'HEMODIALYSE SAINT MARTIN,M12,0,0,0,26 520,"60,0 %","73,74","0,00","0,0 %"
PRIVÉ,330780479,POLYCLINIQUE BX-NORD AQUITAINE,M12,46 286,21 492,24 794,12 995,"46,0 %","53,62","1,47","0,9 %"
PRIVÉ,330780487,CLINIQUE OPHTALMOLOGIQUE THIERS,M12,9 064,235,8 829,0,"43,9 %","67,33","0,03","0,0 %"
PRIVÉ,330780503,HÔPITAL PRIVÉ SAINT-MARTIN,M12,27 766,8 165,19 601,252,"57,4 %","52,53","0,83","0,1 %"
PRIVÉ,330780511,CLINIQUE SAINTE ANNE,M12,9 735,1 568,8 167,3 007,"49,5 %","60,97","0,37","0,3 %"
PRIVÉ,330781402,NOUVELLE CLINIQUE BORDEAUX TONDU,M12,21 933,7 133,14 800,1 258,"48,7 %","46,64","0,85","0,5 %"
PRIVÉ,330782582,POLYCLINIQUE JEAN VILLAR,M12,23 556,6 682,16 874,1 758,"40,2 %","50,52","1,11","0,5 %"
PRIVÉ,330783374,CENTRE D'HEMODIALYSE PBNA,M12,0,0,0,24 109,"58,6 %","70,96","0,00","0,0 %"
PRIVÉ,340009539,CENTRE D'HEMODIALYSE AMBULATOIRE SAINT GUILHEM,M12,0,0,0,16 349,"57,4 %","73,53","0,00","0,0 %"
PRIVÉ,340009885,POLYCLINIQUE CHAMPEAU,M12,14 002,6 299,7 703,2 296,"33,1 %","52,46","1,47","0,5 %"
PRIVÉ,340013119,AIDER UAD DE GRABELS,M12,0,0,0,8 135,"61,2 %","59,80","0,00","0,0 %"
PRIVÉ,340013168,AIDER UDSA CLINIQUE JACQUES MIROUZE,M12,0,0,0,19 755,"67,8 %","65,22","0,00","0,0 %"
PRIVÉ,340013218,AIDER UAD DE GANGES,M12,0,0,0,1 990,"75,5 %","66,07","0,00","0,0 %"
PRIVÉ,340013259,AIDER UAD DE BEDARIEUX,M12,0,0,0,691,"99,6 %","65,36","0,00","0,0 %"
PRIVÉ,340013309,AIDER UAD DE CLERMONT L'HERAULT,M12,0,0,0,6 112,"73,1 %","72,66","0,00","0,0 %"
PRIVÉ,340013358,AIDER UAD DE BOUZIGUES,M12,0,0,0,1 668,"65,6 %","77,42","0,00","0,0 %"
PRIVÉ,340013499,AIDER UAD DE VILLENEUVE LES BEZIERS,M12,0,0,0,5 951,"76,0 %","64,81","0,00","0,0 %"
PRIVÉ,340015502,CLINIQUE LE MILLENAIRE,M12,32 307,15 881,16 426,757,"54,7 %","62,54","2,19","0,8 %"
PRIVÉ,340015965,SAS POLYCLINIQUE SAINT PRIVAT,M12,23 551,9 867,13 684,7 562,"58,3 %","62,41","1,33","0,6 %"
PRIVÉ,340019603,GCS HEMODIALYSE LAPEYRONIE,M12,0,0,0,8 415,"56,3 %","66,29","0,00","0,0 %"
PRIVÉ,340020221,AIDER DIALYSE A DOMICILE,M12,0,0,0,26 610,"74,9 %","61,00","0,00","0,0 %"
PRIVÉ,340022979,POLYCLINIQUE ST ROCH,M12,37 997,12 261,25 736,247,"38,5 %","44,22","1,17","0,1 %"
PRIVÉ,340024314,CLINIQUE ST JEAN SUD DE FRANCE,M12,39 879,11 006,28 873,1 880,"52,1 %","52,10","1,03","0,3 %"
PRIVÉ,340024553,AIDER SANTÉ UAD ST JEAN,M12,0,0,0,7 473,"69,3 %","73,69","0,00","0,0 %"
PRIVÉ,340780139,CLINIQUE DU DR. CAUSSE,M12,10 019,2 774,7 245,13,"44,2 %","55,74","0,82","0,0 %"
PRIVÉ,340780147,POLYCLINIQUE DES 3 VALLEES,M12,4 365,1 871,2 494,110,"50,1 %","64,28","1,88","1,2 %"
PRIVÉ,340780154,POLYCLINIQUE PASTEUR,M12,8 297,2 096,6 201,125,"48,1 %","63,40","1,10","0,5 %"
PRIVÉ,340780568,CLINIQUE DU SOUFFLE LA VALONIE,M12,1 050,1 041,1 à 10,14,"51,0 %","65,79","5,18","0,6 %"
PRIVÉ,340780667,CLINIQUE DU PARC,M12,33 290,11 656,21 634,10 772,"53,5 %","61,53","1,40","0,7 %"
PRIVÉ,340780675,CLINIQUE CLEMENTVILLE,M12,16 381,7 522,8 859,15 929,"35,9 %","55,05","1,33","0,9 %"
PRIVÉ,340780717,CLINIQUE SAINT- LOUIS,M12,8 055,3 121,4 934,308,"49,3 %","64,59","1,51","1,0 %"
PRIVÉ,340780725,CLINIQUE VIA DOMITIA POLE DE SANTÉ,M12,8 989,1 920,7 069,0,"46,9 %","59,71","0,36","0,1 %"
PRIVÉ,340780741,POLYCLINIQUE SAINTE THERESE,M12,11 564,2 530,9 034,502,"40,0 %","55,15","0,65","0,0 %"
PRIVÉ,340780840,NEPHROCARE CASTELNAU LE PARC,M12,0,0,0,26 735,"64,4 %","72,00","0,00","0,0 %"
PRIVÉ,350000121,CH PRIVÉ ST-GREGOIRE,M12,56 050,19 522,36 528,13 007,"46,9 %","53,14","1,33","0,6 %"
PRIVÉ,350000196,CLINIQUE DE LA COTE D'EMERAUDE,M12,14 506,2 933,11 573,3 549,"51,5 %","62,77","0,39","0,0 %"
PRIVÉ,350002804,DIALYSE A DOMICILE AUB SANTÉ,M12,0,0,0,13 352,"63,2 %","60,96","0,00","0,0 %"
PRIVÉ,350005146,HÔPITAL PRIVÉ SEVIGNE,M12,26 993,7 775,19 218,7 570,"52,1 %","60,85","1,01","0,3 %"
PRIVÉ,350030763,UNITÉ DIALYSE SAINT MALO AUB SANTÉ,M12,0,0,0,6 366,"63,9 %","65,76","0,00","0,0 %"
PRIVÉ,350032934,UNITÉ DIALYSE PONTCHAILLOU RENNES AUB,M12,0,0,0,16 096,"63,0 %","64,58","0,00","0,0 %"
PRIVÉ,350040044,UNITÉ DIALYSE BROUSSAIS SAINT MALO AUB,M12,0,0,0,12 433,"54,3 %","74,39","0,00","0,0 %"
PRIVÉ,350041059,UNITÉ D'AUTODIALYSE DINARD - AUB,M12,0,0,0,547,"59,2 %","65,48","0,00","0,0 %"
PRIVÉ,350042131,UNITÉ DIALYSE REDON - AUB,M12,0,0,0,4 779,"57,8 %","64,97","0,00","0,0 %"
PRIVÉ,350042602,UNITÉ DIALYSE FOUGERES AUB,M12,0,0,0,4 805,"74,9 %","64,24","0,00","0,0 %"
PRIVÉ,350046751,UNITÉ DIALYSE MONTGERMONT AUB,M12,0,0,0,20 278,"69,8 %","58,26","0,00","0,0 %"
PRIVÉ,350053930,UNITÉ DIALYSE VITRÉ AUB SANTÉ,M12,0,0,0,1 958,"87,3 %","58,23","0,00","0,0 %"
PRIVÉ,360000129,CLINIQUE ST FRANCOIS,M12,11 356,1 767,9 589,244,"47,2 %","58,73","0,60","0,6 %"
PRIVÉ,360000962,CENTRE NÉPHROLOGIQUE CHATEAUROUX-CH ISSOUDUN,M12,0,0,0,2 365,"62,5 %","67,84","0,00","0,0 %"
PRIVÉ,360002133,RE NEPHRO CHATEAUROUX-AV.KENNEDY,M12,0,0,0,25 206,"66,2 %","71,30","0,00","0,0 %"
PRIVÉ,360002232,CENTRE DE CONVALESCENCE ET DIÉTÉTIQUE MANOIR EN BERRY,M12,936,934,1 à 10,0,"41,3 %","65,03","5,87","1,7 %"
PRIVÉ,370000093,SAS NOUVELLE CLINIQUE DE TOURS +,M12,42 442,16 832,25 610,14 332,"53,8 %","63,26","1,20","0,6 %"
PRIVÉ,370007569,PÔLE SANTÉ LÉONARD DE VINCI,M12,40 445,15 519,24 926,12 541,"42,9 %","55,83","1,40","0,7 %"
PRIVÉ,380013037,CENTRE ENDOSCOPIE NORD ISERE,M12,5 605,0,5 605,0,"44,7 %","60,08","0,00","0,0 %"
PRIVÉ,380020123,CLINIQUE DES COTES DU RHONE,M12,8 272,1 549,6 723,67,"51,6 %","52,16","1,16","0,6 %"
PRIVÉ,380780197,CLINIQUE SAINT VINCENT DE PAUL,M12,16 567,5 392,11 175,182,"44,6 %","48,20","0,97","0,0 %"
PRIVÉ,380780288,CLINIQUE DE CHARTREUSE,M12,10 277,819,9 458,27,"47,2 %","57,90","0,16","0,0 %"
PRIVÉ,380785956,CLINIQUE DES CEDRES,M12,25 579,8 805,16 774,315,"47,0 %","53,81","1,27","0,4 %"
PRIVÉ,380786442,CLINIQUE BELLEDONNE,M12,36 661,11 736,24 925,216,"44,1 %","53,07","1,14","0,2 %"
PRIVÉ,390780559,CLINIQUE DU JURA,M12,3 860,357,3 503,0,"44,2 %","64,91","0,36","0,0 %"
PRIVÉ,390780575,POLYCLINIQUE DU PARC,M12,6 960,1 903,5 057,1 à 10,"58,5 %","56,77","0,73","0,0 %"
PRIVÉ,400780342,CLINIQUE JEAN LE BON,M12,9 070,794,8 276,143,"44,2 %","57,02","0,11","0,0 %"
PRIVÉ,410000202,POLYCLINIQUE DE BLOIS,M12,17 666,6 302,11 364,34 077,"55,4 %","68,07","0,60","0,3 %"
PRIVÉ,410004998,CLINIQUE DU SAINT COEUR,M12,6 349,2 156,4 193,24,"46,0 %","60,63","1,34","0,3 %"
PRIVÉ,410005011,C.I.R.A.D. - CHEMERY,M12,0,0,0,7 619,"72,3 %","75,97","0,00","0,0 %"
PRIVÉ,410005953,C.I.R.A.D. - VENDOME,M12,0,0,0,3 983,"60,8 %","71,40","0,00","0,0 %"
PRIVÉ,410007553,C.I.R.A.D. - BLOIS,M12,0,0,0,10 018,"63,3 %","72,17","0,00","0,0 %"
PRIVÉ,420011413,HÔPITAL PRIVÉ DE LA LOIRE,M12,43 315,18 958,24 357,13 226,"43,3 %","53,02","1,50","0,8 %"
PRIVÉ,420780504,CLINIQUE DU PARC,M12,23 252,5 959,17 293,314,"51,9 %","51,88","0,67","0,1 %"
PRIVÉ,420782310,CLINIQUE DU RENAISON,M12,17 979,5 046,12 933,360,"48,0 %","62,01","1,36","0,5 %"
PRIVÉ,420782591,CLINIQUE NOUVELLE DU FOREZ,M12,3 218,1 à 10,3 216,0,"49,1 %","52,88","0,00","0,0 %"
PRIVÉ,430000109,CLINIQUE BON SECOURS - LE PUY,M12,9 354,2 629,6 725,149,"61,5 %","62,16","0,76","0,0 %"
PRIVÉ,430007450,CENTRE MÉDICAL SPECIALISE LE CHAMBON SUR LIGNON,M12,4 891,675,4 216,0,"64,1 %","52,93","0,87","0,0 %"
PRIVÉ,440000404,CLINIQUE SAINTE MARIE,M12,6 182,1 421,4 761,17,"51,9 %","60,20","0,77","0,1 %"
PRIVÉ,440000412,CLINIQUE BRETECHE VIAUD,M12,19 540,7 489,12 051,261,"28,9 %","43,04","1,26","0,3 %"
PRIVÉ,440000487,CLINIQUE UROLOGIQUE NANTES ATLANTIS,M12,5 956,2 099,3 857,181,"83,8 %","53,07","0,76","0,1 %"
PRIVÉ,440002020,POLYCLINIQUE DE L'EUROPE,M12,20 496,5 532,14 964,227,"52,0 %","61,84","1,15","0,4 %"
PRIVÉ,440005080,DIALYSE ECHO NANTES,M12,0,0,0,25 425,"63,8 %","58,27","0,00","0,0 %"
PRIVÉ,440027589,DIALYSE ECHO CHATEAUBRIANT,M12,0,0,0,1 992,"80,2 %","68,16","0,00","0,0 %"
PRIVÉ,440029379,CLINIQUE JULES VERNE,M12,46 481,4 941,41 540,767,"46,4 %","56,26","0,24","0,0 %"
PRIVÉ,440033819,SANTÉ ATLANTIQUE,M12,88 737,19 877,68 860,1 772,"46,3 %","48,06","0,73","0,1 %"
PRIVÉ,440036176,CENTRE DIALYSE ECHO ST HERBLAIN,M12,0,0,0,7 264,"65,0 %","64,85","0,00","0,0 %"
PRIVÉ,440036499,CENTRE DIALYSE ECHO REZE,M12,0,0,0,23 473,"53,8 %","66,20","0,00","0,0 %"
PRIVÉ,440039568,DIALYSE ECHO LA BAULE,M12,0,0,0,6 271,"83,9 %","71,53","0,00","0,0 %"
PRIVÉ,440041580,L'HÔPITAL PRIVÉ DU CONFLUENT,M12,57 183,20 354,36 829,23 507,"49,5 %","60,62","1,11","0,8 %"
PRIVÉ,440048718,HÔPITAL DU CONFLUENT-SITE JULES VERNE,M12,35,0,35,5 077,"42,5 %","64,52","0,00","0,0 %"
PRIVÉ,440050441,DIALYSE ECHO ST NAZAIRE,M12,0,0,0,8 854,"60,5 %","68,31","0,00","0,0 %"
PRIVÉ,440055770,CENTRE DIALYSE ECHO ST HERBLAIN PSA,M12,0,0,0,10 660,"54,0 %","69,01","0,00","0,0 %"
PRIVÉ,450000245,CLINIQUE L'ARCHETTE,M12,16 734,3 903,12 831,277,"47,8 %","59,89","0,65","0,1 %"
PRIVÉ,450000294,ORELIANCE - REINE BLANCHE,M12,10 058,8 227,1 831,12 606,"60,0 %","70,08","1,84","1,4 %"
PRIVÉ,450010079,ORELIANCE - LONGUES ALLEES,M12,37 666,8 812,28 854,8 242,"50,6 %","55,90","0,67","0,1 %"
PRIVÉ,450012935,CENTRE D'HEMODIALYSE ARCHETTE,M12,0,0,0,13 013,"54,9 %","75,54","0,00","0,0 %"
PRIVÉ,450012968,CLINIQUE DE MONTARGIS,M12,5 888,1 165,4 723,56,"50,0 %","59,93","0,67","0,0 %"
PRIVÉ,450013818,CENTRE D'HEMODIALYSE J. D'ARC,M12,0,0,0,4 291,"52,1 %","78,32","0,00","0,0 %"
PRIVÉ,450018460,CENTRE NÉPHROLOGIQUE DE MONTARGIS,M12,0,0,0,23 725,"67,3 %","71,39","0,00","0,0 %"
PRIVÉ,470000027,CLINIQUE ESQUIROL - SAINT-HILAIRE,M12,28 388,9 380,19 008,718,"54,4 %","64,89","1,36","0,8 %"
PRIVÉ,470000159,CLINIQUE CALABET,M12,275,0,275,6 593,"50,5 %","67,58","0,00","0,0 %"
PRIVÉ,480001403,AIDER UAD DE MENDE,M12,0,0,0,5 007,"67,5 %","74,91","0,00","0,0 %"
PRIVÉ,480001783,AIDER UAD MARVEJOLS,M12,0,0,0,1 914,"62,8 %","74,46","0,00","0,0 %"
PRIVÉ,490000262,CLINIQUE SAINT-JOSEPH,M12,21 281,6 621,14 660,3 201,"57,8 %","62,64","0,95","0,5 %"
PRIVÉ,490002037,POLYCLINIQUE DU PARC,M12,22 823,7 118,15 705,2 722,"50,8 %","57,24","0,90","0,3 %"
PRIVÉ,490007499,CENTRE DIALYSE ECHO ANGERS BOCQUEL,M12,0,0,0,24 087,"62,7 %","72,23","0,00","0,0 %"
PRIVÉ,490007929,CLINIQUE CHIRURGICALE DE LA LOIRE,M12,10 688,2 621,8 067,185,"51,0 %","60,93","0,88","0,1 %"
PRIVÉ,490009008,CENTRE DIALYSE ECHO CHOLET MARENGO,M12,0,0,0,8 139,"71,2 %","76,98","0,00","0,0 %"
PRIVÉ,490014909,CLINIQUE DE L'ANJOU,M12,42 753,15 712,27 041,1 292,"45,6 %","53,58","1,38","0,5 %"
PRIVÉ,490015906,CLINIQUE SAINT LEONARD,M12,12 464,4 599,7 865,358,"51,9 %","50,48","0,87","0,0 %"
PRIVÉ,490016235,DIALYSE ECHO SAUMUR,M12,0,0,0,5 404,"74,7 %","67,03","0,00","0,0 %"
PRIVÉ,490017613,DIALYSE ECHO TRELAZE,M12,0,0,0,4 339,"60,7 %","71,04","0,00","0,0 %"
PRIVÉ,490020963,DIALYSE ECHO CHOLET CHANTERIVIERE,M12,0,0,0,7 809,"65,4 %","68,01","0,00","0,0 %"
PRIVÉ,490537818,CENTRE DIALYSE DIAVERUM ANGERS,M12,0,0,0,21 929,"64,1 %","73,02","0,00","0,0 %"
PRIVÉ,490540440,CENTRE DE LA MAIN,M12,6 114,0,6 114,0,"61,6 %","48,75","0,00","0,0 %"
PRIVÉ,500000146,HÔPITAL PRIVÉ DE LA BAIE,M12,14 798,2 409,12 389,4 516,"49,8 %","65,53","0,58","0,6 %"
PRIVÉ,500000203,POLYCLINIQUE DE LA MANCHE - SAINT-LO,M12,6 330,1 116,5 214,106,"53,2 %","63,83","0,56","0,0 %"
PRIVÉ,500000401,CLINIQUE DR. H. GUILLARD,M12,4 574,992,3 582,40,"52,1 %","62,28","0,46","0,0 %"
PRIVÉ,500002357,POLYCLINIQUE DU COTENTIN,M12,8 589,2 453,6 136,0,"49,7 %","58,15","0,94","0,1 %"
PRIVÉ,500021316,CENTRE DE DIALYSE D'AVRANCHES,M12,0,0,0,12 212,"65,8 %","72,02","0,00","0,0 %"
PRIVÉ,510000185,POLYCLINIQUE COURLANCY - REIMS,M12,22 933,6 906,16 027,18 003,"42,1 %","59,97","0,80","0,6 %"
PRIVÉ,510000243,CLINIQUE D'EPERNAY,M12,7 129,1 112,6 017,445,"45,7 %","59,00","0,83","0,4 %"
PRIVÉ,510012040,POLYCLINIQUE LES BLEUETS - REIMS,M12,603,0,603,0,"29,0 %","62,23","0,00","0,0 %"
PRIVÉ,510024979,POLYCLINIQUE DE BEZANNES,M12,59 870,22 995,36 875,224,"47,7 %","53,72","1,35","0,4 %"
PRIVÉ,520780156,CLINIQUE DE LA COMPASSION,M12,781,0,781,0,"45,5 %","61,86","0,00","0,0 %"
PRIVÉ,520780180,CLINIQUE FRANCOIS 1ER,M12,4 858,977,3 881,1 278,"47,7 %","62,11","0,52","0,3 %"
PRIVÉ,520780214,CENTRE MÉDICO-CHIRURGICAL,M12,1 256,783,473,23 680,"59,9 %","71,93","0,24","0,2 %"
PRIVÉ,530002898,CENTRE DIALYSE ECHO LAVAL,M12,0,0,0,9 658,"61,3 %","74,20","0,00","0,0 %"
PRIVÉ,530008119,DIALYSE DIAVERUM CHATEAU GONTIER,M12,0,0,0,3 247,"73,2 %","69,28","0,00","0,0 %"
PRIVÉ,530008788,DIALYSE ECHO MAYENNE,M12,0,0,0,3 647,"41,1 %","72,55","0,00","0,0 %"
PRIVÉ,530031962,POLYCLINIQUE DU MAINE,M12,13 504,4 768,8 736,7 218,"46,6 %","63,66","0,85","0,6 %"
PRIVÉ,540000361,CLINIQUE JEANNE D'ARC - LUNEVILL,M12,8 123,1 363,6 760,249,"50,3 %","56,60","0,44","0,0 %"
PRIVÉ,540000452,CLINIQUE ST ANDRE VANDOEUVRE,M12,16 771,3 446,13 325,53,"41,6 %","55,29","0,50","0,0 %"
PRIVÉ,540000478,CLINIQUE LOUIS PASTEUR,M12,42 253,13 265,28 988,20 756,"56,9 %","64,21","0,61","0,1 %"
PRIVÉ,540013224,POLYCLINIQUE MAJORELLE,M12,13 704,6 889,6 815,137,"20,6 %","40,74","1,63","0,1 %"
PRIVÉ,540026895,HÔPITAL PRIVÉ NANCY LORRAINE,M12,30 816,12 048,18 768,34 953,"55,4 %","65,13","0,81","0,4 %"
PRIVÉ,550000178,POLYCLINIQUE DU PARC - BAR-LE-DUC,M12,11 621,2 092,9 529,291,"46,1 %","60,63","0,78","0,0 %"
PRIVÉ,560004004,UNITÉ DIALYSE LORIENT AUB SANTÉ,M12,0,0,0,5 484,"56,2 %","76,21","0,00","0,0 %"
PRIVÉ,560006348,UNITÉ DIALYSE KERIO PONTIVY AUB,M12,0,0,0,4 495,"46,0 %","67,97","0,00","0,0 %"
PRIVÉ,560007510,POLYCLINIQUE DE PONTIVY,M12,8 622,1 661,6 961,90,"54,0 %","60,28","0,47","0,0 %"
PRIVÉ,560008799,CLINIQUE OCEANE,M12,39 918,11 603,28 315,10 601,"47,7 %","59,44","0,83","0,4 %"
PRIVÉ,560009508,AUTODIALYSE AURAY,M12,0,0,0,2 001,"62,4 %","68,84","0,00","0,0 %"
PRIVÉ,560009524,AUTODIALYSE VANNES,M12,0,0,0,5 976,"72,0 %","63,47","0,00","0,0 %"
PRIVÉ,560023152,CENTRE D'HEMODIALYSE AMBULATOIRE ECHO,M12,0,0,0,16 651,"61,6 %","70,26","0,00","0,0 %"
PRIVÉ,560023848,UNITÉ DIALYSE KERFRICHANT LORIENT AUB,M12,0,0,0,15 810,"69,4 %","69,28","0,00","0,0 %"
PRIVÉ,570000083,CLINIQUE SAINT NABOR,M12,12 698,4 528,8 170,243,"35,7 %","50,91","1,10","0,0 %"
PRIVÉ,570000356,CLINIQUE CHIRURGICALE AMBROISE PARE,M12,12 808,2 286,10 522,425,"48,0 %","62,06","0,56","0,0 %"
PRIVÉ,570000364,CLINIQUE NOTRE DAME,M12,8 556,816,7 740,68,"49,0 %","60,38","0,18","0,0 %"
PRIVÉ,570000646,HÔPITAL CLINIQUE CLAUDE BERNARD,M12,40 118,11 590,28 528,10 908,"44,9 %","55,75","0,86","0,4 %"
PRIVÉ,580780138,POLYCLINIQUE DU VAL DE LOIRE,M12,13 544,2 437,11 107,7 369,"53,5 %","65,33","0,62","0,5 %"
PRIVÉ,580780187,CLINIQUE DU MORVAN SA,M12,27,26,1 à 10,0,"29,6 %","81,00","9,15","3,7 %"
PRIVÉ,590006896,POLYCLINIQUE DE LA THIERACHE,M12,7 835,1 520,6 315,136,"45,9 %","57,71","0,59","0,0 %"
PRIVÉ,590008041,POLYCLINIQUE VAUBAN,M12,25 345,8 593,16 752,12 077,"54,5 %","63,16","1,00","0,6 %"
PRIVÉ,590034815,CENTRE D'AUTODIALYSE PONT/SAMBRE,M12,0,0,0,1 636,"55,0 %","62,91","0,00","0,0 %"
PRIVÉ,590060455,UNITÉ DE DIALYSE MÉDICALISÉE,M12,0,0,0,5 971,"57,5 %","67,63","0,00","0,0 %"
PRIVÉ,590780060,INSTITUT OPHTALMIQUE,M12,10 489,426,10 063,0,"41,2 %","69,36","0,04","0,0 %"
PRIVÉ,590780094,CENTRE LEONARD DE VINCI,M12,1 773,699,1 074,10 441,"42,6 %","63,84","0,11","0,0 %"
PRIVÉ,590780250,CLINIQUE LILLE-SUD,M12,25 831,1 369,24 462,0,"52,0 %","42,69","0,13","0,0 %"
PRIVÉ,590780268,POLYCLINIQUE DU BOIS,M12,40 363,16 000,24 363,36 584,"45,1 %","58,84","0,81","0,4 %"
PRIVÉ,590780342,CLINIQUE AMBROISE PARE,M12,9 035,65,8 970,0,"40,8 %","68,76","0,01","0,0 %"
PRIVÉ,590780383,POLYCLINIQUE DE LA LOUVIERE,M12,35 361,9 608,25 753,26 516,"52,9 %","60,76","0,39","0,1 %"
PRIVÉ,590781571,CLINIQUE DU CAMBRESIS,M12,4 193,1 443,2 750,62,"41,6 %","55,93","0,90","0,0 %"
PRIVÉ,590781951,CLINIQUE DU CROISE LAROCHE SA,M12,8 466,3 023,5 443,44,"45,6 %","51,76","1,19","0,0 %"
PRIVÉ,590782256,CLINIQUE DES DENTELLIERES,M12,970,0,970,11 018,"39,7 %","62,96","0,00","0,0 %"
PRIVÉ,590782298,CLINIQUE DU PARC,M12,20 459,5 705,14 754,87,"41,5 %","44,03","0,91","0,1 %"
PRIVÉ,590782546,CLINIQUE DE VILLENEUVE D'ASCQ,M12,4 352,661,3 691,0,"35,9 %","51,35","0,86","1,8 %"
PRIVÉ,590782553,HÔPITAL PRIVÉ DE VILLENEUVE D'ASCQ,M12,26 879,8 147,18 732,3 325,"44,5 %","48,50","0,96","0,1 %"
PRIVÉ,590784484,NEPHROCARE MAUBEUGE,M12,1 à 10,1 à 10,0,23 202,"55,7 %","69,12","0,00","0,0 %"
PRIVÉ,590788964,POLYCLINIQUE DU PARC,M12,7 425,1 075,6 350,4 154,"46,5 %","60,44","0,29","0,1 %"
PRIVÉ,590790655,CLINIQUE CHIRURGICALE ST ROCH,M12,7 183,2 739,4 444,18,"41,3 %","50,12","0,67","0,0 %"
PRIVÉ,590806360,CLINIQUE DE LA MITTERIE,M12,3 878,712,3 166,0,"68,1 %","49,90","0,56","0,0 %"
PRIVÉ,590811006,CENTRE D'AUTODIALYSE DE MAUBEUGE,M12,0,0,0,1 501,"70,6 %","55,61","0,00","0,0 %"
PRIVÉ,590813176,CLINIQUE DES HETRES,M12,4 362,939,3 423,69,"45,8 %","51,84","1,07","0,1 %"
PRIVÉ,590813382,SA NOUVELLE CLINIQUE VILLETTE,M12,4 512,1 139,3 373,1 à 10,"53,1 %","44,70","0,86","0,0 %"
PRIVÉ,590813507,POLYCLINIQUE VAL DE SAMBRE,M12,6 757,1 940,4 817,94,"51,7 %","51,19","1,07","0,1 %"
PRIVÉ,590813747,CENTRE D'AUTODIALYSE DE FOURMIES,M12,0,0,0,1 765,"50,9 %","61,87","0,00","0,0 %"
PRIVÉ,590815056,CLINIQUE DE FLANDRE,M12,16 524,3 043,13 481,5 242,"43,2 %","60,48","0,54","0,7 %"
PRIVÉ,590816310,CLINIQUE ST AME,M12,16 813,5 196,11 617,924,"39,4 %","48,40","1,01","0,2 %"
PRIVÉ,590817458,CLINIQUE DE LA VICTOIRE,M12,11 329,1 579,9 750,2 770,"39,2 %","54,27","0,68","0,3 %"
PRIVÉ,590817839,POLYCLINIQUE DU VAL DE LYS,M12,16,16,0,0,"62,5 %","81,50","11,13","12,5 %"
PRIVÉ,600010862,SAS CENTRE CHIRURGICAL DE CHANTILLY,M12,7 248,887,6 361,0,"43,7 %","65,10","0,27","0,0 %"
PRIVÉ,600013999,CENTRE CHIRURGICAL,M12,4 570,0,4 570,0,"43,8 %","55,75","0,00","0,0 %"
PRIVÉ,600100184,CLINIQUE LE VALOIS,M12,233,226,1 à 10,0,"35,6 %","79,96","14,37","6,9 %"
PRIVÉ,600100754,POLYCLINIQUE SAINT-COME SA,M12,28 750,8 823,19 927,21 765,"48,2 %","57,95","0,74","0,3 %"
PRIVÉ,600110175,CLINIQUE DU PARC SAINT LAZARE,M12,12 643,3 814,8 829,131,"48,8 %","56,43","0,50","0,0 %"
PRIVÉ,610006421,CLINIQUE D'ALENCON,M12,6 337,1 127,5 210,32,"47,6 %","56,94","0,30","0,0 %"
PRIVÉ,620006049,CLINIQUE DE ST OMER,M12,11 709,3 403,8 306,169,"47,0 %","56,32","0,86","0,0 %"
PRIVÉ,620024208,CLINIQUE NÉPHROLOGIQUE DE L'AUDOMAROIS,M12,0,0,0,16 029,"58,0 %","69,33","0,00","0,0 %"
PRIVÉ,620100099,HÔPITAL PRIVÉ ARRAS LES BONNETTES,M12,25 399,7 071,18 328,8 734,"41,3 %","56,96","0,84","0,6 %"
PRIVÉ,620100487,CLINIQUE DES ACACIAS,M12,4 575,1 080,3 495,306,"48,2 %","59,70","0,83","0,0 %"
PRIVÉ,620100735,POLYCLINIQUE DE L'ARTOIS,M12,11 156,2 924,8 232,3 886,"43,2 %","57,77","0,94","0,3 %"
PRIVÉ,620100750,CLINIQUE AMBROISE PARE,M12,8 818,2 484,6 334,5 265,"52,9 %","55,09","0,52","0,1 %"
PRIVÉ,620101311,CLINIQUE DES 2 CAPS,M12,16 241,3 848,12 393,4 049,"52,0 %","55,24","0,59","0,2 %"
PRIVÉ,620101501,POLYCLINIQUE DE BOIS-BERNARD SA,M12,23 867,12 367,11 500,28 707,"55,9 %","62,75","0,69","0,2 %"
PRIVÉ,620105940,POLYCLINIQUE DU TERNOIS,M12,236,235,1 à 10,131,"42,8 %","65,97","12,80","3,3 %"
PRIVÉ,620116046,SAS CLINIQUE CHIRURGICALE DES 7 VALLEES,M12,3 269,0,3 269,31,"47,8 %","58,29","0,00","0,0 %"
PRIVÉ,620118513,CENTRE MÉDICO CHIRURGICAL ET OBSTÉTRICAL COTE D'OPALE,M12,20 670,9 824,10 846,6 086,"48,1 %","56,37","1,34","0,6 %"
PRIVÉ,630005668,CENTRE D'HÉMODIALYSE AURA ARCHE,M12,0,0,0,12 123,"59,6 %","70,73","0,00","0,0 %"
PRIVÉ,630780211,POLE SANTÉ REPUBLIQUE - CLERMONT,M12,25 403,10 649,14 754,11 418,"46,4 %","60,10","1,17","0,6 %"
PRIVÉ,630780369,CLINIQUE DE LA PLAINE - CLERMONT,M12,16 164,1 339,14 825,0,"45,5 %","54,99","0,14","0,0 %"
PRIVÉ,630781821,CLINIQUE DU GRAND PRE - DURTOL,M12,504,504,0,0,"37,7 %","83,22","14,86","7,5 %"
PRIVÉ,630781839,CLINIQUE CHATAIGNERAIE - BEAUMONT,M12,45 160,13 196,31 964,659,"49,6 %","50,95","0,95","0,1 %"
PRIVÉ,640005336,ANTENNE D'AUTODIALYSE NEPHROCARE - ORTHEZ,M12,0,0,0,5 459,"73,0 %","72,94","0,00","0,0 %"
PRIVÉ,640005591,LES JEUNES CHENES,M12,1 à 10,1 à 10,0,0,"40,0 %","72,60","7,80","0,0 %"
PRIVÉ,640016580,CENTRE DE CARDIOLOGIE DU PAYS BASQUE,M12,7 750,5 503,2 247,1 à 10,"68,1 %","70,31","1,92","0,7 %"
PRIVÉ,640018206,CLINIQUE BELHARRA,M12,35 760,13 907,21 853,9 094,"44,4 %","55,27","1,20","0,4 %"
PRIVÉ,640019634,GCS COTE BASQUE SUD,M12,683,680,1 à 10,0,"35,7 %","88,10","10,42","12,0 %"
PRIVÉ,640780268,CLINIQUE DELAY,M12,11 503,1 000,10 503,2 961,"48,2 %","63,01","0,25","0,2 %"
PRIVÉ,640780490,CAPIO CLINIQUE AGUILERA,M12,23 094,5 365,17 729,893,"50,5 %","55,69","0,86","0,5 %"
PRIVÉ,640780623,CENTRE MÉDICAL ANNIE ENIA,M12,322,319,1 à 10,0,"52,2 %","74,43","15,89","85,1 %"
PRIVÉ,640780672,CLINIQUE MARIENIA,M12,613,0,613,0,"57,7 %","52,68","0,00","0,0 %"
PRIVÉ,640780748,POLYCLINIQUE COTE BASQUE SUD,M12,15 865,4 029,11 836,2 531,"48,0 %","62,36","0,79","0,4 %"
PRIVÉ,640780938,POLYCLINIQUE PAU PYRENEES SITE MARZET,M12,3 827,2 048,1 779,9 537,"45,7 %","64,94","1,14","1,5 %"
PRIVÉ,640780946,POLYCLINIQUE PAU PYRENEES SITE NAVARRE,M12,34 676,12 491,22 185,339,"46,4 %","55,00","1,29","0,1 %"
PRIVÉ,640781225,CLINIQUE MEDICALE CARDIOLOGIQUE ARESSY,M12,9 978,3 153,6 825,96,"57,7 %","66,05","1,43","0,8 %"
PRIVÉ,640781308,CLINIQUE PRINCESS,M12,2 886,341,2 545,1 à 10,"22,4 %","45,14","0,48","0,0 %"
PRIVÉ,640781332,NEPHROCARE BEARN-CTRE DIALYSE DU BEARN,M12,0,0,0,28 724,"66,8 %","73,14","0,00","0,0 %"
PRIVÉ,640789640,CENTRE D'HEMODIALYSE CLINIQUE DELAY,M12,0,0,0,20 074,"66,9 %","72,15","0,00","0,0 %"
PRIVÉ,650002579,CLINIQUE ORMEAU PYRENEES,M12,13 680,3 255,10 425,119,"53,3 %","61,24","0,76","0,1 %"
PRIVÉ,650780679,CLINIQUE ORMEAU SITE CENTRE,M12,10 972,5 110,5 862,6 924,"40,8 %","60,57","1,24","0,8 %"
PRIVÉ,660005182,AIDER UAD D'ELNE,M12,0,0,0,2 601,"69,3 %","65,73","0,00","0,0 %"
PRIVÉ,660005190,AIDER UAD DE FONT ROMEU,M12,0,0,0,117,"85,5 %","75,61","0,00","0,0 %"
PRIVÉ,660005208,AIDER UAD DU BOULOU,M12,0,0,0,1 535,"91,7 %","71,86","0,00","0,0 %"
PRIVÉ,660005216,AIDER UAD DE PERPIGNAN,M12,0,0,0,10 497,"58,8 %","66,40","0,00","0,0 %"
PRIVÉ,660006305,LA CLINIQUE MUTUALISTE CATALANE,M12,19 999,4 131,15 868,1 226,"48,2 %","60,29","0,54","0,1 %"
PRIVÉ,660780628,CLINIQUE DU VALLESPIR,M12,4 177,1 303,2 874,1 à 10,"43,9 %","68,65","1,94","1,0 %"
PRIVÉ,660780669,CLINIQUE NOTRE DAME D ESPERANCE,M12,8 915,5 568,3 347,20,"22,7 %","27,83","2,08","0,1 %"
PRIVÉ,660780776,CLINIQUE SAINT MICHEL,M12,3 548,1 293,2 255,65,"48,7 %","61,40","1,50","0,7 %"
PRIVÉ,660780784,CLINIQUE SAINT PIERRE,M12,24 897,12 325,12 572,20 857,"51,1 %","65,50","1,27","0,8 %"
PRIVÉ,660790387,POLYCLINIQUE SAINT ROCH,M12,30 725,9 731,20 994,31 067,"59,3 %","69,26","0,62","0,2 %"
PRIVÉ,670002187,CENTRE D'AUTODIALYSE DE L'AURAL STRASBOURG,M12,0,0,0,29 718,"62,4 %","58,83","0,00","0,0 %"
PRIVÉ,670013325,CENTRE AUTONOME ENDOSCOPIE DIGESTIVE,M12,5 865,0,5 865,574,"43,6 %","56,39","0,00","0,0 %"
PRIVÉ,670013341,ENDOSAV,M12,2 539,0,2 539,111,"48,3 %","58,61","0,00","0,0 %"
PRIVÉ,670013895,CENTRE D'AUTODIALYSE AURAL SAVERNE,M12,0,0,0,9 234,"48,5 %","72,95","0,00","0,0 %"
PRIVÉ,670014455,CENTRE DE DIALYSE CHRONIQUE STRASBOURG,M12,0,0,0,17 644,"54,6 %","69,76","0,00","0,0 %"
PRIVÉ,670018068,CLINIQUE RHENA GCS,M12,65 196,19 597,45 599,1 à 10,"50,5 %","55,79","0,86","0,0 %"
PRIVÉ,670780170,CLINIQUE DE L'ORANGERIE STRASB.,M12,16 283,3 453,12 830,9 966,"36,0 %","58,83","0,62","0,3 %"
PRIVÉ,670780378,CLINIQUE SAINT-FRANCOIS HAGUENAU,M12,19 860,3 284,16 576,2 401,"53,9 %","54,57","0,51","0,0 %"
PRIVÉ,670780386,CLINIQUE SAINTE ODILE HAGUENAU,M12,10 836,3 896,6 940,436,"53,1 %","60,63","0,91","0,1 %"
PRIVÉ,670795921,UNITÉ D'AUTODIALYSE AURAL HAGUENAU,M12,0,0,0,18 536,"61,0 %","67,84","0,00","0,0 %"
PRIVÉ,670799667,AURAL CLINIQUE SAINTE ANNE,M12,0,0,0,10 115,"62,3 %","67,90","0,00","0,0 %"
PRIVÉ,680000320,CLINIQUE DIACONAT FONDERIE,M12,29 712,11 101,18 611,207,"47,1 %","57,93","1,28","0,3 %"
PRIVÉ,680000338,CENTRE DE DIALYSE DIAVERUM MULHOUSE,M12,0,0,0,28 061,"61,6 %","70,56","0,00","0,0 %"
PRIVÉ,680000494,CLINIQUE DIACONAT ROOSEVELT,M12,24 269,8 546,15 723,869,"49,6 %","57,26","1,42","0,2 %"
PRIVÉ,680010824,UNITÉ D'AUTODIALYSE AURAL COLMAR,M12,0,0,0,19 072,"66,8 %","70,63","0,00","0,0 %"
PRIVÉ,680013778,UNITÉ D'AUTODIALYSE AURAL MULHOUSE,M12,0,0,0,16 871,"60,2 %","64,32","0,00","0,0 %"
PRIVÉ,680020823,UNITÉ DE DIALYSE AURAL SAINT-LOUIS,M12,0,0,0,4 171,"45,8 %","68,03","0,00","0,0 %"
PRIVÉ,690022959,HÔPITAL PRIVÉ MERE ENFANT NATECIA,M12,17 241,7 677,9 564,355,"33,4 %","35,37","1,77","0,1 %"
PRIVÉ,690023239,CLINIQUE DU PARC,M12,21 082,5 167,15 915,114,"44,6 %","49,85","0,64","0,0 %"
PRIVÉ,690023411,HÔPITAL PRIVÉ JEAN MERMOZ,M12,33 323,11 675,21 648,21 957,"48,3 %","58,42","0,92","0,5 %"
PRIVÉ,690029186,ENDO LYON SUD OUEST,M12,2 483,0,2 483,0,"46,2 %","59,79","0,00","0,0 %"
PRIVÉ,690030770,ATIRRA CENTRE DE DIALYSE GLEIZE,M12,0,0,0,13 643,"61,5 %","69,37","0,00","0,0 %"
PRIVÉ,690031513,NEPHROCARE RILLIEUX,M12,0,0,0,2 661,"56,9 %","70,76","0,00","0,0 %"
PRIVÉ,690041124,MEDIPOLE HÔPITAL PRIVÉ,M12,44 854,10 852,34 002,20 460,"56,5 %","60,46","0,67","0,3 %"
PRIVÉ,690043476,CLINIQUE DU PARC - CAK,M12,2 407,0,2 407,0,"38,6 %","73,72","0,00","0,0 %"
PRIVÉ,690780226,CLINIQUE DE LA PART-DIEU,M12,3 363,0,3 363,0,"39,3 %","65,30","0,00","0,0 %"
PRIVÉ,690780259,CLINIQUE SAINT-CHARLES,M12,10 699,1 244,9 455,0,"42,4 %","53,73","0,26","0,0 %"
PRIVÉ,690780358,CLINIQUE DU VAL D'OUEST-VENDOME,M12,32 564,10 375,22 189,1 997,"38,6 %","40,60","1,00","0,1 %"
PRIVÉ,690780366,CLINIQUE CHARCOT,M12,16 575,5 120,11 455,4 588,"41,6 %","60,96","0,82","0,3 %"
PRIVÉ,690780390,POLYCLINIQUE DE RILLIEUX,M12,13 214,4 853,8 361,2 046,"45,8 %","58,28","1,27","0,5 %"
PRIVÉ,690780499,NEPHROCARE TASSIN-CHARCOT,M12,0,0,0,37 579,"66,0 %","71,56","0,00","0,0 %"
PRIVÉ,690780648,CLINIQUE DE LA SAUVEGARDE,M12,32 218,8 663,23 555,7 232,"52,7 %","57,88","0,98","0,5 %"
PRIVÉ,690780655,HÔPITAL PRIVÉ DE L'EST LYONNAIS,M12,13 774,4 194,9 580,1 441,"44,1 %","55,03","1,21","0,7 %"
PRIVÉ,690780663,CLINIQUE TRENEL,M12,17 905,4 861,13 044,3 015,"50,4 %","56,91","0,60","0,2 %"
PRIVÉ,690791082,CENTRE SPECIALISE LES BRUYERES,M12,592,590,1 à 10,0,"79,4 %","44,97","5,99","0,0 %"
PRIVÉ,690793468,INFIRMERIE PROTESTANTE DE LYON,M12,28 917,9 041,19 876,8 407,"48,4 %","61,77","1,09","0,5 %"
PRIVÉ,690807367,POLYCLINIQUE DU BEAUJOLAIS,M12,19 382,5 857,13 525,2 607,"47,4 %","52,78","1,01","0,3 %"
PRIVÉ,700780174,CLINIQUE ST MARTIN,M12,6 915,1 199,5 716,22,"49,4 %","62,70","0,30","0,0 %"
PRIVÉ,710006859,POLYCLINIQUE DU VAL DE SAONE,M12,15 614,4 168,11 446,3 334,"46,2 %","61,02","0,87","0,4 %"
PRIVÉ,710780917,HÔPITAL PRIVÉ SAINTE MARIE,M12,17 484,3 625,13 859,12 814,"50,8 %","64,93","0,69","0,5 %"
PRIVÉ,710781410,CLINIQUE DU PARC,M12,3 294,960,2 334,1 à 10,"48,2 %","62,63","1,19","0,1 %"
PRIVÉ,710781824,CENTRE ORTHOPEDIQUE MEDICO-CHIR,M12,5 074,2 755,2 319,1 à 10,"52,1 %","58,21","1,95","0,0 %"
PRIVÉ,720000199,CLINIQUE DU PRE,M12,25 619,6 990,18 629,335,"54,0 %","56,97","1,08","0,1 %"
PRIVÉ,720000231,CLINIQUE DU TERTRE ROUGE,M12,6 121,4 080,2 041,87,"13,6 %","28,80","2,46","0,1 %"
PRIVÉ,720000249,CLINIQUE VICTOR HUGO,M12,1 498,1 196,302,18 905,"47,7 %","66,55","0,66","1,2 %"
PRIVÉ,720003441,CENTRE DIALYSE ECHO LE MANS CH,M12,0,0,0,8 400,"52,8 %","67,62","0,00","0,0 %"
PRIVÉ,720017748,CENTRE MÉDICO-CHIRURGICAL DU MANS,M12,35 216,12 863,22 353,959,"52,2 %","61,36","1,56","0,6 %"
PRIVÉ,720017839,CENTRE DIALYSE ECHO LE MANS PSS,M12,0,0,0,16 814,"62,6 %","72,02","0,00","0,0 %"
PRIVÉ,730004298,HÔPITAL PRIVÉ MEDIPOLE DE SAVOIE,M12,32 071,8 721,23 350,8 344,"47,6 %","58,35","0,76","0,4 %"
PRIVÉ,730012499,GCS CLINIQUE HERBERT,M12,5 729,1 648,4 081,0,"49,3 %","56,63","0,90","0,1 %"
PRIVÉ,740011515,CENTRE D'HEMODIALYSE ALPES LÉMAN,M12,0,0,0,5 611,"67,8 %","67,96","0,00","0,0 %"
PRIVÉ,740014345,HÔPITAL PRIVÉ PAYS DE SAVOIE,M12,29 001,7 660,21 341,3 596,"46,4 %","51,95","0,93","0,3 %"
PRIVÉ,740780416,CLINIQUE DU LAC ET D'ARGONAY,M12,15 707,6 186,9 521,366,"53,2 %","53,76","0,98","0,1 %"
PRIVÉ,740780424,CLINIQUE GENERALE ANNECY,M12,23 152,6 150,17 002,4 428,"44,0 %","52,34","0,74","0,3 %"
PRIVÉ,740788617,CENTRE DE DIALYSE SFDTM DU MONT BLANC,M12,0,0,0,10 989,"65,1 %","66,42","0,00","0,0 %"
PRIVÉ,750047318,CENTRE DIAVERUM PARIS SAINT MAUR,M12,0,0,0,6 533,"65,2 %","54,53","0,00","0,0 %"
PRIVÉ,750066813,DIAVERUM PARIS BOURET,M12,0,0,0,8 096,"62,8 %","60,93","0,00","0,0 %"
PRIVÉ,750300014,SA CLINIQUE DU LOUVRE,M12,13 964,695,13 269,46,"42,3 %","54,79","0,06","0,0 %"
PRIVÉ,750300071,CLINIQUE GEOFFROY ST HILAIRE,M12,24 047,4 209,19 838,89,"40,6 %","59,33","0,59","0,1 %"
PRIVÉ,750300089,CLINIQUE DU SPORT,M12,6 942,2 085,4 857,0,"60,5 %","42,47","0,78","0,0 %"
PRIVÉ,750300097,INSTITUT ARTHUR VERNES,M12,5 186,548,4 638,0,"47,0 %","49,18","0,17","0,0 %"
PRIVÉ,750300121,FOND ST JEAN DE DIEU CLINIQUE OUDINOT,M12,15 212,2 705,12 507,4 860,"30,8 %","56,65","0,29","0,0 %"
PRIVÉ,750300139,CLINIQUE DE L ALMA,M12,11 591,3 104,8 487,13 736,"55,2 %","61,60","0,27","0,0 %"
PRIVÉ,750300154,CLINIQUE TURIN,M12,24 147,6 569,17 578,25 771,"59,8 %","62,05","0,29","0,0 %"
PRIVÉ,750300360,HÔPITAL PRIVÉ DES PEUPLIERS,M12,33 009,6 718,26 291,3 734,"48,2 %","54,03","0,46","0,1 %"
PRIVÉ,750300493,CLINIQUE ARAGO,M12,5 594,3 576,2 018,213,"41,8 %","60,30","2,53","0,0 %"
PRIVÉ,750300550,CLINIQUE SAINTE GENEVIEVE,M12,9 843,872,8 971,47,"36,6 %","60,11","0,10","0,0 %"
PRIVÉ,750300592,CLINIQUE BLOMET,M12,9 524,2 083,7 441,1 à 10,"45,2 %","49,71","0,33","0,0 %"
PRIVÉ,750300667,MATERNITE SAINTE FELICITE,M12,5 816,5 774,42,1 à 10,"25,4 %","16,99","4,86","0,1 %"
PRIVÉ,750300741,CLINIQUE VICTOR HUGO,M12,9 003,345,8 658,1 à 10,"43,3 %","52,62","0,05","0,0 %"
PRIVÉ,750300766,CLINIQUE BIZET,M12,15 230,4 841,10 389,4 712,"40,4 %","54,83","0,96","0,4 %"
PRIVÉ,750300774,CLINIQUE JOUVENET,M12,12 612,2 266,10 346,1 à 10,"43,3 %","61,64","0,64","0,0 %"
PRIVÉ,750300840,CLINIQUE DE LA MUETTE,M12,13 684,3 585,10 099,82,"21,4 %","47,27","0,68","0,0 %"
PRIVÉ,750300857,CLINIQUE REMUSAT,M12,4 981,542,4 439,68,"46,4 %","44,79","0,14","0,0 %"
PRIVÉ,750300881,CLINIQUE DU TROCADERO,M12,14 771,2 248,12 523,1 à 10,"37,6 %","50,45","0,27","0,0 %"
PRIVÉ,750300915,CLINIQUE INTERNATIONALE PARC MONCEAU,M12,11 197,3 053,8 144,16 738,"48,8 %","59,04","0,41","0,2 %"
PRIVÉ,750300931,CLINIQUE SAINTE-THERESE,M12,2 917,2 054,863,43,"20,8 %","24,97","2,53","0,0 %"
PRIVÉ,750301137,CLINIQUE ALLERAY LABROUSTE,M12,10 652,3 747,6 905,14,"49,4 %","60,75","1,62","0,5 %"
PRIVÉ,750301145,CLINIQUE DU MONT LOUIS,M12,20 769,4 796,15 973,36,"44,6 %","51,89","1,02","0,2 %"
PRIVÉ,750301160,CLINIQUE DES MAUSSINS,M12,8 141,2 478,5 663,1 à 10,"56,3 %","47,12","1,15","0,0 %"
PRIVÉ,750790164,CLINIQUE ROOSEVELT,M12,112,0,112,0,"58,0 %","73,07","0,00","0,0 %"
PRIVÉ,750814824,CENTRE DE DIALYSE RENE MOREAU ANDRA,M12,0,0,0,15 538,"65,0 %","61,64","0,00","0,0 %"
PRIVÉ,750829053,CENTRE D'AUTODIALYSE CLINIQUE ALMA,M12,0,0,0,3 309,"80,7 %","57,93","0,00","0,0 %"
PRIVÉ,750831067,CENTRE DIAVERUM PARIS MONT LOUIS,M12,0,0,0,16 716,"68,8 %","66,57","0,00","0,0 %"
PRIVÉ,760021329,HÔPITAL PRIVÉ DE L'ESTUAIRE,M12,30 308,12 185,18 123,29 171,"50,5 %","63,52","0,92","0,5 %"
PRIVÉ,760025312,CLINIQUE MATHILDE,M12,35 739,10 547,25 192,7 971,"39,1 %","52,88","0,88","0,4 %"
PRIVÉ,760027292,POLYCLINIQUE MEGIVAL,M12,7 377,1 878,5 499,1 534,"52,1 %","58,87","0,73","0,3 %"
PRIVÉ,760780205,CLINIQUE SAINT ANTOINE,M12,4 218,1 066,3 152,0,"36,1 %","46,24","0,61","0,0 %"
PRIVÉ,760780510,CLINIQUE DU CEDRE,M12,19 473,6 533,12 940,2 365,"51,9 %","59,39","0,97","0,3 %"
PRIVÉ,760780619,CLINIQUE SAINT HILAIRE,M12,28 371,10 891,17 480,6 392,"50,4 %","61,72","1,02","0,4 %"
PRIVÉ,760780668,CLINIQUE HEMERA PAYS DE CAUX,M12,6 408,0,6 408,95,"41,0 %","58,98","0,00","0,0 %"
PRIVÉ,760780783,CLINIQUE TOUS VENTS,M12,3 352,451,2 901,53,"47,1 %","58,57","0,23","0,0 %"
PRIVÉ,760780791,CLINIQUE DES ORMEAUX,M12,10 385,3 822,6 563,5 173,"50,2 %","55,16","0,76","0,6 %"
PRIVÉ,760780825,CLINIQUE DE L'ABBAYE,M12,3 662,1 098,2 564,0,"48,4 %","58,47","0,85","0,1 %"
PRIVÉ,760783159,CLINIQUE DES ESSARTS,M12,1 030,1 027,1 à 10,0,"79,9 %","45,23","4,62","0,0 %"
PRIVÉ,760921809,CLINIQUE DE L'EUROPE,M12,20 160,6 713,13 447,18 468,"54,8 %","62,60","0,77","0,1 %"
PRIVÉ,770016087,CENTRE DIALYSE DIAVERUM MONTEREAU,M12,0,0,0,16 902,"54,7 %","70,55","0,00","0,0 %"
PRIVÉ,770020055,CENTRE NEPHROCARE MARNE LA VALLEE,M12,1 à 10,1 à 10,0,36 863,"58,1 %","68,31","0,00","0,0 %"
PRIVÉ,770300010,HÔPITAL PRIVÉ DE MARNE CHANTEREINE,M12,13 085,4 206,8 879,2 245,"49,3 %","55,31","1,98","0,8 %"
PRIVÉ,770300135,CLINIQUE MÉDICO-CHIRURGICALE LES FONTAINES,M12,11 502,4 620,6 882,56,"54,8 %","59,56","1,95","0,6 %"
PRIVÉ,770300143,POLYCLINIQUE SAINT JEAN,M12,18 855,3 511,15 344,5 388,"52,2 %","57,82","0,49","0,2 %"
PRIVÉ,770790707,CLINIQUE DE TOURNAN,M12,10 125,3 060,7 065,12 642,"55,2 %","61,82","0,60","0,1 %"
PRIVÉ,770809028,CENTRE DIALYSE DIAVERUM AVON,M12,0,0,0,11 197,"66,8 %","66,00","0,00","0,0 %"
PRIVÉ,770813400,CLINIQUE SAINT FARON,M12,10 828,1 369,9 459,1 282,"45,8 %","56,81","0,26","0,0 %"
PRIVÉ,780018727,CLINIQUE SAINT GERMAIN,M12,8 490,3 134,5 356,14 675,"57,6 %","59,87","0,51","0,1 %"
PRIVÉ,780022737,POLYCLINIQUE DE MAISONS LAFFITTE,M12,1 452,1 430,22,1 à 10,"45,8 %","69,78","9,88","7,2 %"
PRIVÉ,780300075,CENTRE CARDIOLOGIQUE D EVECQUEMONT,M12,3 901,3 634,267,49,"62,4 %","66,60","3,68","1,1 %"
PRIVÉ,780300125,POLYCLINIQUE LA REGION MANTAISE,M12,12 243,2 157,10 086,14 389,"53,5 %","62,00","0,33","0,1 %"
PRIVÉ,780300208,CLINIQUE SAINT LOUIS,M12,12 328,2 297,10 031,98,"50,4 %","49,79","0,48","0,0 %"
PRIVÉ,780300323,CLINIQUE DES FRANCISCAINES,M12,22 242,7 195,15 047,1 319,"47,5 %","52,16","1,02","0,0 %"
PRIVÉ,780300406,CENTRE MÉDICO-CHIRURGICAL DE PARLY II,M12,24 291,7 902,16 389,25,"47,2 %","57,70","1,50","0,2 %"
PRIVÉ,780300414,CENTRE MÉDICO-CHIRURGICAL EUROPE,M12,18 967,4 872,14 095,20 214,"57,9 %","64,82","0,79","0,5 %"
PRIVÉ,780300422,HÔPITAL PRIVÉ OUEST,M12,29 783,8 557,21 226,21 034,"53,5 %","58,10","0,76","0,3 %"
PRIVÉ,780300455,CH PRIVÉ DU MONTGARDE,M12,13 767,1 645,12 122,162,"55,0 %","51,14","0,65","0,2 %"
PRIVÉ,790009948,POLYCLINIQUE INKERMANN,M12,16 073,5 720,10 353,331,"47,6 %","61,16","1,29","0,4 %"
PRIVÉ,800002503,SA SAINTE ISABELLE,M12,9 616,2 188,7 428,19 893,"60,5 %","67,16","0,18","0,0 %"
PRIVÉ,800009466,POLYCLINIQUE DE PICARDIE,M12,14 924,3 768,11 156,22,"52,7 %","55,05","0,87","0,1 %"
PRIVÉ,800009920,SA CLINIQUE VICTOR PAUCHET,M12,30 814,13 672,17 142,1 048,"37,9 %","50,02","1,85","0,7 %"
PRIVÉ,800013179,SAS CLINIQUE DE L'EUROPE,M12,5 783,2 211,3 572,13 519,"43,7 %","63,76","0,39","0,3 %"
PRIVÉ,800015729,SAS CARDIOLOGIE ET URGENCES,M12,6 009,3 742,2 267,47,"59,1 %","66,13","1,67","0,6 %"
PRIVÉ,800018491,CCO SOPP AMIENS,M12,5 508,0,5 508,0,"41,9 %","71,72","0,00","0,0 %"
PRIVÉ,810000224,CENTRE MÉDICO CHIRURGICAL ET OBSTÉTRICAL CLAUDE BERNARD,M12,21 574,10 374,11 200,33 297,"58,0 %","68,47","0,90","0,5 %"
PRIVÉ,810101170,CLINIQUE TOULOUSE LAUTREC,M12,11 657,3 678,7 979,514,"56,5 %","64,69","0,88","0,0 %"
PRIVÉ,810101444,CLINIQUE DU SIDOBRE,M12,13 178,5 232,7 946,1 504,"49,5 %","63,02","1,52","0,5 %"
PRIVÉ,820000040,CLINIQUE CROIX SAINT MICHEL,M12,11 031,4 183,6 848,716,"41,3 %","48,77","1,52","0,5 %"
PRIVÉ,820000057,CLINIQUE DU PONT DE CHAUME,M12,19 716,9 672,10 044,26 932,"56,5 %","66,64","0,97","0,7 %"
PRIVÉ,820000065,CLINIQUE DU DOCTEUR CAVE,M12,11 594,597,10 997,0,"46,5 %","66,03","0,07","0,0 %"
PRIVÉ,830012548,CENTRE D'HEMODIALYSE DE L'AVODD,M12,0,0,0,25 306,"63,9 %","72,01","0,00","0,0 %"
PRIVÉ,830012688,CENTRE NÉPHROLOGIQUE LES FLEURS,M12,0,0,0,20 898,"62,4 %","76,04","0,00","0,0 %"
PRIVÉ,830013819,UDM STE ANNE TOULON,M12,0,0,0,7 704,"62,2 %","76,93","0,00","0,0 %"
PRIVÉ,830017505,CENTRE DE DIALYSE DE L'AVODD,M12,0,0,0,18 455,"59,7 %","73,87","0,00","0,0 %"
PRIVÉ,830100103,CLINIQUE STE MARGUERITE,M12,15 471,3 373,12 098,17 141,"55,7 %","66,75","0,47","0,3 %"
PRIVÉ,830100251,CLINIQUE DU CAP D'OR,M12,11 880,3 801,8 079,2 688,"44,0 %","59,46","1,14","1,1 %"
PRIVÉ,830100319,POLYCLINIQUE LES FLEURS,M12,19 859,9 355,10 504,139,"61,6 %","68,61","1,84","1,0 %"
PRIVÉ,830100327,CLINIQUE LES LAURIERS,M12,9 695,1 423,8 272,160,"47,6 %","60,68","0,32","0,0 %"
PRIVÉ,830100368,CLINIQUE CHIRURGICALE DU GOLFE DE SAINT TROPEZ,M12,5 885,1 402,4 483,106,"50,0 %","60,30","0,92","0,1 %"
PRIVÉ,830100392,POLYCLINIQUE NOTRE DAME,M12,12 384,3 912,8 472,461,"54,3 %","64,41","1,13","0,3 %"
PRIVÉ,830100418,CLINIQUE NOTRE DAME DE LA MERCI,M12,7 776,1 138,6 638,0,"45,6 %","64,15","0,35","0,0 %"
PRIVÉ,830100434,CLINIQUE SAINT JEAN,M12,35 941,7 323,28 618,6 013,"42,0 %","49,04","0,72","0,2 %"
PRIVÉ,830100459,CLINIQUE SAINT MICHEL,M12,18 486,2 873,15 613,211,"44,7 %","59,10","0,38","0,0 %"
PRIVÉ,830100475,CLINIQUE SAINT ROCH,M12,6 088,1 877,4 211,44,"44,2 %","55,33","1,13","0,1 %"
PRIVÉ,830100855,CENTRE DE GÉRONTOLOGIE ST.FRANCOIS,M12,974,971,1 à 10,0,"36,6 %","83,78","8,41","2,8 %"
PRIVÉ,830213617,A.V.O.D.D.-AUTODIALYSE BRIGNOLES,M12,0,0,0,6 573,"62,0 %","67,08","0,00","0,0 %"
PRIVÉ,830213625,A.V.O.D.D.-AUTODIALYSE TOULON,M12,0,0,0,3 997,"62,4 %","70,02","0,00","0,0 %"
PRIVÉ,830215687,DIAVERUM DRAGUIGNAN CENTRE DE DIALYSE,M12,0,0,0,22 347,"70,4 %","70,13","0,00","0,0 %"
PRIVÉ,840000285,POLYCLINIQUE URBAIN V,M12,11 860,4 464,7 396,98,"24,4 %","46,40","1,09","0,0 %"
PRIVÉ,840000327,CLINIQUE DU DR MONTAGARD,M12,2 437,1 666,771,1 à 10,"48,2 %","58,83","2,29","0,0 %"
PRIVÉ,840000400,SYNERGIA LUBERON,M12,9 567,1 523,8 044,71,"44,6 %","57,12","0,43","0,0 %"
PRIVÉ,840000467,CAPIO CLINIQUE D'ORANGE,M12,7 632,1 690,5 942,91,"50,2 %","56,90","0,56","0,0 %"
PRIVÉ,840011043,CENTRE D'HEMODIALYSE DE L'ATIR,M12,0,0,0,28 926,"66,0 %","71,30","0,00","0,0 %"
PRIVÉ,840012538,ATIR AUTODIALYSE ISLE SUR SORGUE,M12,0,0,0,617,"53,6 %","61,78","0,00","0,0 %"
PRIVÉ,840013312,CLINIQUE RHONE DURANCE,M12,13 544,7 992,5 552,534,"69,8 %","67,91","1,58","0,2 %"
PRIVÉ,840013445,CLINIQUE FONTVERT ST FRANCOIS,M12,21 534,1 561,19 973,225,"49,7 %","55,43","0,16","0,0 %"
PRIVÉ,840017172,SYNERGIA VENTOUX,M12,10 402,2 892,7 510,191,"50,8 %","59,36","1,08","0,3 %"
PRIVÉ,840017222,ATIR CENTRE D'HÉMODIALYSE,M12,0,0,0,19 610,"69,0 %","72,43","0,00","0,0 %"
PRIVÉ,840017461,HEMODIALYSE ATIR CH ORANGE,M12,0,0,0,17 558,"56,8 %","73,08","0,00","0,0 %"
PRIVÉ,840018642,ATIR UAD APT,M12,0,0,0,1 083,"60,4 %","67,95","0,00","0,0 %"
PRIVÉ,840018774,ATIR UNITE DIALYSE MEDIC CAVAILLON,M12,0,0,0,5 646,"58,7 %","71,69","0,00","0,0 %"
PRIVÉ,850000118,CLINIQUE SAINT CHARLES,M12,22 745,5 462,17 283,49,"47,2 %","52,05","0,83","0,3 %"
PRIVÉ,850000126,CLINIQUE SUD VENDEE,M12,8 609,1 966,6 643,112,"51,2 %","63,42","0,83","0,1 %"
PRIVÉ,850000134,CLINIQUE CHIRURGICALE PORTE OCEANE,M12,11 964,3 371,8 593,0,"49,8 %","62,09","1,08","0,1 %"
PRIVÉ,850009333,DIALYSE ECHO LA ROCHE SUR YON,M12,0,0,0,11 709,"59,8 %","67,66","0,00","0,0 %"
PRIVÉ,850011271,DIALYSE ECHO CHALLANS,M12,0,0,0,7 265,"70,2 %","71,93","0,00","0,0 %"
PRIVÉ,850022047,DIALYSE ECHO ILE D'YEU,M12,0,0,0,741,"64,5 %","69,90","0,00","0,0 %"
PRIVÉ,850023151,DIALYSE ECHO FONTENAY LE COMTE,M12,0,0,0,4 482,"57,7 %","70,71","0,00","0,0 %"
PRIVÉ,850025156,CENTRE DIALYSE ECHO OLONNES SUR MER,M12,0,0,0,12 336,"59,8 %","73,12","0,00","0,0 %"
PRIVÉ,860010321,POLYCLINIQUE DE POITIERS,M12,24 434,7 327,17 107,399,"53,2 %","55,38","0,89","0,1 %"
PRIVÉ,860780311,CLINIQUE DE CHATELLERAULT,M12,5 528,1 218,4 310,1 à 10,"45,3 %","60,30","0,77","0,1 %"
PRIVÉ,860780568,CLINIQUE FIEF DE GRIMOIRE,M12,7 100,2 807,4 293,71,"24,0 %","52,10","1,18","0,1 %"
PRIVÉ,870000080,UNITÉ DE DIALYSE LIMOGES BUISSON,M12,0,0,0,13 146,"69,1 %","69,35","0,00","0,0 %"
PRIVÉ,870000288,CLINIQUE FRANÇOIS CHENIEUX,M12,44 284,16 363,27 921,12 738,"46,3 %","63,70","1,36","0,7 %"
PRIVÉ,870000411,CLINIQUE EMAILLEURS-COLOMBIER LIMOGES,M12,12 568,6 575,5 993,169,"36,2 %","46,26","1,86","0,1 %"
PRIVÉ,880788591,POLYCLINIQUE LA LIGNE BLEUE,M12,15 085,6 158,8 927,19 768,"58,9 %","65,32","0,65","0,1 %"
PRIVÉ,890000169,CLINIQUE PAUL PICQUET SENS,M12,15 696,3 326,12 370,2 126,"47,3 %","58,17","0,61","0,2 %"
PRIVÉ,890002389,POLYCLINIQUE STE MARGUERITE AUXERRE,M12,13 028,3 151,9 877,1 628,"52,5 %","62,75","0,89","0,3 %"
PRIVÉ,900000035,HÔPITAL PRIVÉ DE LA MIOTTE,M12,12 971,1 669,11 302,179,"46,9 %","57,90","0,32","0,0 %"
PRIVÉ,910002609,CENTRE D'HEMODIALYSE D'ATHIS,M12,0,0,0,18 801,"57,1 %","65,03","0,00","0,0 %"
PRIVÉ,910009349,CENTRE D'HEMODIALYSE D ETAMPES,M12,0,0,0,17 278,"63,4 %","71,47","0,00","0,0 %"
PRIVÉ,910015965,CLINIQUE LE MOULIN DE VIRY,M12,637,637,0,0,"35,6 %","82,17","9,67","4,2 %"
PRIVÉ,910022037,UDM NEPHROCARE ILE DE FRANCE,M12,0,0,0,4 007,"64,1 %","66,37","0,00","0,0 %"
PRIVÉ,910300011,CLINIQUE DES CHARMILLES,M12,12 668,1 324,11 344,155,"46,1 %","51,58","0,22","0,0 %"
PRIVÉ,910300060,CLINIQUE GERIATRIQUE LES VALLEES,M12,305,305,0,0,"32,5 %","87,27","13,02","1,6 %"
PRIVÉ,910300144,CENTRE MÉDICO-CHIRURGICAL ET OBST,M12,15 003,5 366,9 637,29 414,"55,4 %","59,68","0,60","0,2 %"
PRIVÉ,910300177,CLINIQUE DE L'YVETTE,M12,17 541,6 613,10 928,160,"43,7 %","48,19","1,38","0,2 %"
PRIVÉ,910300219,HÔPITAL PRIVÉ JACQUES CARTIER,M12,22 919,10 579,12 340,10 551,"58,1 %","65,57","1,71","0,5 %"
PRIVÉ,910300300,HÔPITAL PRIVÉ DU VAL D'YERRES,M12,7 055,2 723,4 332,1 770,"51,4 %","58,60","2,54","1,7 %"
PRIVÉ,910300326,CLINIQUE PASTEUR,M12,1 185,794,391,5 069,"43,9 %","67,19","0,76","0,8 %"
PRIVÉ,910300359,HÔPITAL PRIVÉ D ATHIS MONS,M12,9 607,1 259,8 348,49,"53,3 %","50,14","0,71","0,3 %"
PRIVÉ,910803543,CH PRIVÉ CLAUDE GALIEN,M12,27 351,9 527,17 824,20 660,"54,8 %","57,39","1,09","0,4 %"
PRIVÉ,910805357,CLINIQUE DE L ESSONNE,M12,15 003,2 744,12 259,308,"52,0 %","40,62","0,63","0,0 %"
PRIVÉ,910813963,UNITÉ D'AUTODIALYSE DE BIEVRES,M12,0,0,0,11 342,"64,2 %","58,77","0,00","0,0 %"
PRIVÉ,920008539,HÔPITAL AMERICAIN 2,M12,1 à 10,1 à 10,1 à 10,10 353,"54,3 %","70,35","0,00","0,0 %"
PRIVÉ,920029550,CH A PARE HARTMANN P CHEREST,M12,32 777,13 786,18 991,14 350,"48,3 %","60,03","1,35","0,5 %"
PRIVÉ,920300043,HÔPITAL PRIVÉ D ANTONY,M12,43 436,16 828,26 608,28 962,"48,9 %","56,94","1,15","0,5 %"
PRIVÉ,920300183,CENTRE CHIRURGICAL DES PRINCES,M12,15 478,872,14 606,86,"39,1 %","53,71","0,08","0,0 %"
PRIVÉ,920300191,C.C.B.B. MARCEL SEMBAT,M12,10 498,1 504,8 994,92,"61,2 %","26,83","0,34","0,0 %"
PRIVÉ,920300266,CLINIQUE DU PLATEAU,M12,1 613,940,673,264,"35,3 %","69,53","3,07","4,3 %"
PRIVÉ,920300365,CLINIQUE LA MONTAGNE,M12,5 970,682,5 288,16,"47,7 %","45,09","0,24","0,0 %"
PRIVÉ,920300415,CLINIQUE LAMBERT,M12,9 959,1 797,8 162,19 551,"51,8 %","62,53","0,28","0,2 %"
PRIVÉ,920300597,CLINIQUE DE MEUDON LA FORET,M12,15 288,3 920,11 368,2 822,"48,4 %","59,83","1,20","0,6 %"
PRIVÉ,920300712,CENTRE CHIRURGICAL P. CHEREST,M12,9 554,391,9 163,98,"33,6 %","62,08","0,05","0,0 %"
PRIVÉ,920300753,CENTRE CHIRURGICAL AMBROISE PARE,M12,12 562,4 563,7 999,13 502,"58,3 %","57,38","0,58","0,0 %"
PRIVÉ,920300787,HÔPITAL AMERICAIN,M12,15 897,7 315,8 582,2 051,"43,6 %","53,97","1,93","0,8 %"
PRIVÉ,920300837,CLINIQUE LES MARTINETS,M12,10 338,649,9 689,18 576,"56,1 %","61,26","0,05","0,0 %"
PRIVÉ,920300936,CENTRE CHIRURGICAL VAL D'OR,M12,6 445,2 884,3 561,11,"52,9 %","59,31","2,86","1,1 %"
PRIVÉ,920301033,CENTRE CANCEROLOGIE DE LA PORTE ST CLOUD,M12,366,366,0,5 304,"28,0 %","64,01","0,22","0,1 %"
PRIVÉ,920811775,UNITÉ D'AUTODIALYSE DE SURESNES,M12,0,0,0,9 357,"71,6 %","60,04","0,00","0,0 %"
PRIVÉ,930014428,CENTRE DE DIALYSE DE L'ESTREE,M12,0,0,0,11 038,"55,2 %","69,65","0,00","0,0 %"
PRIVÉ,930022603,CENTRE DE DIALYSE DE MONTFERMEIL,M12,0,0,0,10 466,"60,8 %","64,61","0,00","0,0 %"
PRIVÉ,930031406,DIAVERUM SAINT DENIS SITE CCN,M12,0,0,0,14 258,"59,3 %","70,89","0,00","0,0 %"
PRIVÉ,930300025,HÔPITAL EUROPEEN LA ROSERAIE,M12,13 899,6 460,7 439,17 617,"65,0 %","59,93","1,20","0,6 %"
PRIVÉ,930300066,HÔPITAL PRIVÉ DE L EST PARISIEN,M12,13 521,3 670,9 851,37 540,"58,9 %","65,15","0,37","0,1 %"
PRIVÉ,930300082,CENTRE CHIRURGICAL FLOREAL,M12,15 024,3 042,11 982,1 195,"55,6 %","46,98","1,01","0,4 %"
PRIVÉ,930300116,HÔPITAL PRIVÉ DE SEINE ST DENIS,M12,19 094,8 835,10 259,2 202,"41,2 %","40,09","2,12","0,4 %"
PRIVÉ,930300264,CLINIQUE LES LILAS,M12,3 254,722,2 532,0,"53,6 %","45,31","0,71","0,0 %"
PRIVÉ,930300298,POLYCLINIQUE VAUBAN,M5,4 222,1 209,3 013,1 à 10,"44,0 %","44,12","1,00","0,1 %"
PRIVÉ,930300553,CLINIQUE DE L'ESTREE,M12,14 787,7 375,7 412,1 992,"45,4 %","43,20","2,61","0,8 %"
PRIVÉ,930300587,CLINIQUE DU LANDY,M12,8 113,889,7 224,19 721,"55,6 %","63,28","0,12","0,0 %"
PRIVÉ,930300595,CLINIQUE DU VERT GALANT,M12,15 788,3 322,12 466,23 294,"56,8 %","61,31","0,52","0,4 %"
PRIVÉ,930300645,CENTRE CARDIOLOGIQUE DU NORD,M12,18 236,9 436,8 800,153,"60,7 %","64,71","2,69","0,9 %"
PRIVÉ,930817333,DIAVERUM SAINT DENIS- CTRE HEMODIALYSE,M12,0,0,0,26 700,"68,1 %","54,54","0,00","0,0 %"
PRIVÉ,940000078,UNITÉ D'AUTODIALYSE DE CRETEIL,M12,0,0,0,14 282,"68,1 %","57,20","0,00","0,0 %"
PRIVÉ,940006679,HÔPITAL PRIVÉ DE MARNE-LA-VALLÉE,M12,18 979,6 950,12 029,17 561,"51,4 %","52,83","0,84","0,1 %"
PRIVÉ,940300031,HÔPITAL PRIVÉ PAUL D'EGINE,M12,24 701,5 473,19 228,20 140,"49,9 %","59,31","0,59","0,3 %"
PRIVÉ,940300163,CLINIQUE LES TOURNELLES,M12,584,578,1 à 10,0,"34,1 %","87,88","6,66","3,9 %"
PRIVÉ,940300270,HÔPITAL PRIVÉ ARMAND BRILLARD,M12,21 636,8 362,13 274,17 028,"48,7 %","57,23","0,94","0,2 %"
PRIVÉ,940300379,CLINIQUE GASTON METIVET,M12,12 686,4 717,7 969,200,"41,4 %","53,89","1,79","0,5 %"
PRIVÉ,940300445,CLINIQUE DU SUD,M12,8 276,2 379,5 897,20 200,"64,9 %","62,55","0,54","0,3 %"
PRIVÉ,940300452,CLINIQUE MEDICALE DE DIETETIQUE,M12,2 335,1 525,810,0,"21,6 %","52,41","2,21","0,0 %"
PRIVÉ,940300494,POLYCLINIQUE DE VILLENEUVE ST GEORGES,M12,9 700,2 197,7 503,29 600,"58,5 %","63,11","0,39","0,1 %"
PRIVÉ,940300551,HÔPITAL PRIVÉ DE VITRY SITE NORIETS,M12,2 059,1 725,334,74,"21,3 %","24,61","3,59","0,3 %"
PRIVÉ,940300569,HÔPITAL PRIVÉ DE VITRY SITE PASTEUR,M12,11 559,4 868,6 691,57,"46,2 %","48,21","2,29","0,4 %"
PRIVÉ,940813017,UNITÉ D'AUTODIALYSE DE VILLEJUIF,M12,0,0,0,20 314,"60,1 %","56,94","0,00","0,0 %"
PRIVÉ,940813033,CLINIQUE DE BERCY,M12,18 344,2 312,16 032,599,"45,6 %","45,85","0,21","0,0 %"
PRIVÉ,950032714,CLINIQUE AMBULATOIRE DE DOMONT,M12,11 357,0,11 357,17,"44,3 %","57,02","0,00","0,0 %"
PRIVÉ,950300095,POLYCLINIQUE DU PLATEAU,M12,6 196,1 300,4 896,22 108,"55,2 %","65,07","0,29","0,1 %"
PRIVÉ,950300152,CLINIQUE MIRABEAU,M12,217,213,1 à 10,0,"41,0 %","82,84","14,27","21,2 %"
PRIVÉ,950300202,CLINIQUE CONTI,M12,20 349,4 199,16 150,213,"46,0 %","49,77","0,79","0,1 %"
PRIVÉ,950300244,CH PRIVÉ SAINTE MARIE,M12,26 608,3 959,22 649,6 783,"48,9 %","54,77","0,55","0,4 %"
PRIVÉ,950300277,HÔPITAL PRIVÉ NORD PARISIEN,M12,15 229,4 930,10 299,29 464,"52,2 %","57,32","0,53","0,1 %"
PRIVÉ,950300301,CLINIQUE MEDICALE DU PARC ST OUEN,M12,664,475,189,102,"48,7 %","62,70","7,18","23,5 %"
PRIVÉ,950807982,CLINIQUE CLAUDE BERNARD,M12,32 425,9 055,23 370,26 961,"52,3 %","57,01","0,61","0,2 %"
PRIVÉ,970100012,POLYCLINIQUE DE LA GUADELOUPE,M12,10 364,4 094,6 270,40,"38,7 %","63,59","1,39","0,0 %"
PRIVÉ,970100020,CENTRE MEDICO-SOCIAL,M12,9 784,2 029,7 755,1 056,"34,6 %","60,24","0,63","0,6 %"
PRIVÉ,970100137,POLYCLINIQUE SAINT-CHRISTOPHE,M12,1 311,412,899,11,"39,3 %","64,68","1,02","0,2 %"
PRIVÉ,970102596,CLINIQUE DE CHOISY,M12,2 170,902,1 268,52 061,"58,4 %","66,94","0,06","0,0 %"
PRIVÉ,970103099,CLINIQUE LES NOUVELLES EAUX-MARINES,M12,542,542,0,0,"43,4 %","72,55","8,16","0,4 %"
PRIVÉ,970107249,CLINIQUE LES EAUX CLAIRES,M12,24 552,8 258,16 294,4 908,"41,6 %","54,98","0,98","0,2 %"
PRIVÉ,970107454,A.U.D.R.A.,M12,0,0,0,41 517,"60,5 %","63,91","0,00","0,0 %"
PRIVÉ,970111571,EAUX VIVES DIALYSE,M12,0,0,0,20 227,"55,7 %","70,05","0,00","0,0 %"
PRIVÉ,970202313,CLINIQUE SAINT PAUL,M12,19 242,5 011,14 231,236,"38,3 %","55,66","0,98","0,1 %"
PRIVÉ,970209219,E.T.E.E.R.,M9,0,0,0,10 087,"55,3 %","69,28","0,00","0,0 %"
PRIVÉ,970302055,HÔPITAL PRIVÉ SAINT-GABRIEL,M12,2 716,513,2 203,9 843,"55,7 %","60,92","0,15","0,1 %"
PRIVÉ,970302071,CLINIQUE SAINT-PAUL,M12,80,80,0,0,"51,3 %","73,19","4,23","0,0 %"
PRIVÉ,970305843,GUYANE SANTÉ HIBISCUS,M12,193,193,0,0,"48,7 %","78,81","6,69","7,8 %"
PRIVÉ,970403705,UDM,M12,0,0,0,9 468,"52,9 %","57,27","0,00","0,0 %"
PRIVÉ,970403721,UAD-UDM,M12,0,0,0,14 040,"44,2 %","64,30","0,00","0,0 %"
PRIVÉ,970403747,UAD,M12,0,0,0,1 224,"32,1 %","55,14","0,00","0,0 %"
PRIVÉ,970403754,UDM-UAD,M12,0,0,0,12 943,"54,3 %","64,57","0,00","0,0 %"
PRIVÉ,970403762,UAD,M12,0,0,0,4 805,"52,8 %","63,75","0,00","0,0 %"
PRIVÉ,970403770,UAD,M12,0,0,0,6 196,"65,3 %","56,12","0,00","0,0 %"
PRIVÉ,970404018,CENTRE D'HEMODIALYSE MG DURIEUX,M12,0,0,0,16 411,"60,0 %","68,14","0,00","0,0 %"
PRIVÉ,970404109,INSTITUT ROBERT DEBRE,M12,528,519,1 à 10,0,"90,7 %","45,01","5,91","0,0 %"
PRIVÉ,970404158,CENTRE UDM-UAD,M12,0,0,0,13 277,"44,8 %","67,64","0,00","0,0 %"
PRIVÉ,970404844,CLINIQUE SAINT-VINCENT,M12,8 413,983,7 430,22,"40,6 %","54,93","0,13","0,0 %"
PRIVÉ,970405064,CENTRE,M12,0,0,0,20 418,"46,0 %","68,01","0,00","0,0 %"
PRIVÉ,970405411,SODIA DELPRA,M12,44,0,44,33 675,"59,8 %","66,44","0,00","0,0 %"
PRIVÉ,970405676,UAD-DAD-DP,M12,0,0,0,8 306,"43,6 %","53,78","0,00","0,0 %"
PRIVÉ,970407151,UDM-UAD,M12,0,0,0,12 056,"64,2 %","63,56","0,00","0,0 %"
PRIVÉ,970409991,UAD,M12,0,0,0,5 737,"54,3 %","52,38","0,00","0,0 %"
PRIVÉ,970410064,SODIA OASIS,M12,1 à 10,0,1 à 10,31 995,"47,0 %","69,78","0,00","0,0 %"
PRIVÉ,970410155,UAD,M12,0,0,0,4 766,"64,2 %","52,90","0,00","0,0 %"
PRIVÉ,970411989,GCS CENTRE DE DIALYSE OUEST REUNION,M12,0,0,0,6 218,"58,3 %","66,10","0,00","0,0 %"
PRIVÉ,970462024,CLINIQUE JEANNE D'ARC,M12,118,99,19,1 à 10,"16,9 %","19,31","2,98","0,0 %"
PRIVÉ,970462073,CLINIQUE DURIEUX,M12,16 579,4 060,12 519,71,"39,5 %","48,90","0,66","0,0 %"
PRIVÉ,970462081,CLINIQUE LES ORCHIDEES,M12,19 091,5 643,13 448,4 461,"39,2 %","47,40","0,73","0,0 %"
PRIVÉ,970462107,CLINIQUE SAINTE CLOTILDE,M12,33 264,16 426,16 838,10 409,"42,3 %","54,54","1,44","0,6 %"
PRIVÉ,970466751,SARL AVICENNE,M12,6 118,0,6 118,0,"46,6 %","62,35","0,00","0,0 %"
PRIVÉ,980500763,UNITÉ D'AUTODIALYSE MAMOUDZOU,M12,53,0,53,10 254,"61,1 %","58,80","0,00","0,0 %"
,,Total,,NA,NA,NA,NA,"51,5 %","60,17","0,73","0,3 %"
