﻿Catégorie,Finess,Raison Sociale,Période,Nombre de séjoursséances total,Nombre de séjours en hospit complète,Nombre de séjours en hospit partielle,Nombre de séances,Sexe ratio (% homme),Age moyen,Durée moyenne de séjour,% décès
PRIVÉ,010007300,CLINIQUE AMBULATOIRE CENDANEG,M12,1 708,0,1 708,0,"49,9 %","65,06","0,00","0,0 %"
PRIVÉ,010780195,CLINIQUE CONVERT BOURG-EN-B.,M12,20 391,5 930,14 461,3 632,"51,4 %","59,42","0,98","0,5 %"
PRIVÉ,010780203,HÔPITAL PRIVÉ D'AMBERIEU,M12,15 576,6 868,8 708,350,"46,1 %","54,25","1,57","1,2 %"
PRIVÉ,010780294,NEPHROCARE CH BELLEY,M12,0,0,0,9 456,"59,4 %","67,34","0,00","0,0 %"
PRIVÉ,020000360,CLINIQUE SAINT CHRISTOPHE,M12,5 739,960,4 779,0,"52,0 %","57,42","0,40","0,0 %"
PRIVÉ,020010047,POLYCLINIQUE ST CLAUDE,M12,14 993,4 552,10 441,3 615,"47,9 %","58,93","0,83","0,4 %"
PRIVÉ,030780548,POLYCLINIQUE PERGOLA - VICHY,M12,11 798,2 949,8 849,2 669,"52,9 %","62,87","0,59","0,4 %"
PRIVÉ,030781116,CLINIQUE ST-FRANC ST ANT -DESERTINE,M12,12 992,4 455,8 537,7 542,"60,2 %","67,52","1,12","0,8 %"
PRIVÉ,030785430,POLYCLINIQUE ST-ODILON - MOULINS,M12,10 660,4 127,6 533,1 120,"50,9 %","63,70","0,88","0,3 %"
PRIVÉ,040003113,AUTODIALYSE CH SISTERON,M12,0,0,0,1 177,"67,7 %","73,37","0,00","0,0 %"
PRIVÉ,040780470,CLINIQUE CHIRURGICALE TOUTES AURES,M12,5 959,479,5 480,1 à 10,"48,9 %","62,95","0,19","0,0 %"
PRIVÉ,040784860,CENTRE D'HEMODIALYSE DES ALPES,M12,0,0,0,18 357,"54,7 %","74,69","0,00","0,0 %"
PRIVÉ,040787541,CHR FAVRY AUTODIALYSE DIGNE,M12,0,0,0,1 946,"69,8 %","69,76","0,00","0,0 %"
PRIVÉ,050000090,CLINIQUE DES HAUTES-ALPES,M12,15 186,2 170,13 016,623,"49,9 %","59,35","0,27","0,0 %"
PRIVÉ,060010949,AGAHTIR UDM ANTIBES,M12,0,0,0,8 565,"75,2 %","67,21","0,00","0,0 %"
PRIVÉ,060021276,AGAHTIR CENTRE D'HEMODIALYSE,M12,0,0,0,9 129,"61,8 %","76,31","0,00","0,0 %"
PRIVÉ,060021417,HÔPITAL PRIVÉ CANNES OXFORD,M12,21 360,3 077,18 283,152,"47,0 %","58,15","0,48","0,2 %"
PRIVÉ,060780442,CLINIQUE SAINT FRANCOIS,M12,6 481,1 170,5 311,1 à 10,"39,8 %","57,82","0,21","0,0 %"
PRIVÉ,060780491,INSTITUT ARNAULT TZANCK,M12,21 917,8 340,13 577,390,"53,3 %","62,47","1,48","0,6 %"
PRIVÉ,060780517,POLYCLINIQUE SAINT-JEAN,M12,36 635,10 065,26 570,13 659,"43,5 %","59,62","0,90","0,4 %"
PRIVÉ,060780590,CLINIQUE DU PALAIS,M12,8 331,1 886,6 445,460,"46,6 %","59,82","0,55","0,0 %"
PRIVÉ,060780715,CLINIQUE SAINT GEORGE,M12,43 052,13 513,29 539,7 776,"48,6 %","58,17","0,99","0,3 %"
PRIVÉ,060780723,CLINIQUE DU PARC IMPERIAL,M12,19 202,4 007,15 195,3 557,"49,2 %","60,45","0,64","0,3 %"
PRIVÉ,060780756,CLINIQUE SANTA MARIA,M12,14 470,7 028,7 442,291,"27,1 %","37,33","1,65","0,0 %"
PRIVÉ,060781200,CLINIQUE SAINT ANTOINE,M12,11 860,3 206,8 654,408,"43,5 %","59,90","1,34","0,4 %"
PRIVÉ,060791860,CENTRE D'HEMODIALYSE A TZANCK,M12,0,0,0,36 455,"68,5 %","69,85","0,00","0,0 %"
PRIVÉ,060792900,A TZANCK AUTODIALYSE MOUGINS,M12,0,0,0,3 463,"71,4 %","73,56","0,00","0,0 %"
PRIVÉ,060792926,CENTRE D'HEMODIALYSE LA RIVIERA ANTIBES,M12,0,0,0,14 575,"55,6 %","74,78","0,00","0,0 %"
PRIVÉ,060800166,HP A. TZANCK MOUGINS SOPHIA ANTIPOLIS,M12,24 360,6 819,17 541,11 126,"47,5 %","61,40","0,84","0,4 %"
PRIVÉ,070780168,CLINIQUE DU VIVARAIS,M12,7 080,1 594,5 486,22,"48,5 %","64,72","0,65","0,0 %"
PRIVÉ,070780424,CLINIQUE PASTEUR,M12,17 322,4 852,12 470,48,"50,0 %","53,22","1,13","0,1 %"
PRIVÉ,100000082,CLINIQUE PAYS DE SEINE,M6,2 074,393,1 681,25,"48,1 %","54,79","0,61","0,1 %"
PRIVÉ,100000124,POLYCLINIQUE MONTIER LA CELLE,M12,18 235,4 375,13 860,522,"47,9 %","59,98","0,66","0,0 %"
PRIVÉ,110004413,AIDER UAD NARBONNE,M12,0,0,0,4 806,"61,3 %","68,68","0,00","0,0 %"
PRIVÉ,110004421,AIDER UAD LIMOUX,M12,0,0,0,2 142,"57,8 %","69,46","0,00","0,0 %"
PRIVÉ,110004439,AIDER UAD DE TREBES,M12,0,0,0,2 680,"64,6 %","63,78","0,00","0,0 %"
PRIVÉ,110005311,AIDER UAD DE CARCASSONNE,M12,0,0,0,6 667,"63,0 %","66,66","0,00","0,0 %"
,110010535,,,0,0,0,1 140,"71,0 %","62,93","0,00","0,0 %"
PRIVÉ,110780228,HÔPITAL PRIVÉ DU GRAND NARBONNE,M12,24 561,7 112,17 449,26 463,"58,5 %","67,12","0,66","0,6 %"
PRIVÉ,110780483,CLINIQUE MONTREAL,M12,20 662,4 554,16 108,1 309,"46,7 %","60,68","0,93","0,9 %"
PRIVÉ,120001748,UNITÉ DIALYSE MEDICALISEE MILLAU,M12,0,0,0,6 334,"70,0 %","74,07","0,00","0,0 %"
,120009782,,,0,0,0,1 à 10,NA,NA,NA,NA
PRIVÉ,130008253,CLINIQUE DE VITROLLES,M12,8 060,2 654,5 406,316,"35,7 %","34,79","1,05","0,1 %"
PRIVÉ,130034002,DIAVERUM PROVENCE SALON,M12,0,0,0,10 867,"58,3 %","72,69","0,00","0,0 %"
PRIVÉ,130034044,DIAVERUM PROVENCE MARIGNANE,M12,0,0,0,7 998,"68,6 %","73,39","0,00","0,0 %"
PRIVÉ,130034093,DIAVERUM PROVENCE HE MARSEILLE 3E,M12,0,0,0,8 537,"61,6 %","65,02","0,00","0,0 %"
PRIVÉ,130034531,DIAVERUM PROVENCE ARLES,M12,0,0,0,22 113,"64,1 %","73,35","0,00","0,0 %"
PRIVÉ,130038003,DIALYSAIX - CENTRE D'HÉMODIALYSE D'AIX EN PROVENCE,M12,0,0,0,25 211,"70,5 %","73,81","0,00","0,0 %"
PRIVÉ,130041767,EUROMED CARDIO,M12,3 372,2 672,700,76,"63,9 %","68,37","2,62","0,5 %"
PRIVÉ,130042096,GCS CENTRE CARDIO AXIUM RAMBO,M12,3 422,2 982,440,0,"66,9 %","70,41","2,12","0,2 %"
PRIVÉ,130044753,CLINIQUE MONTICELLI VELODROME,M12,16 646,1 160,15 486,0,"45,3 %","62,23","0,08","0,0 %"
,130050412,,,0,0,0,1 232,"64,0 %","69,46","0,00","0,0 %"
PRIVÉ,130781370,CLINIQUE JEANNE D'ARC,M12,536,536,0,0,"41,8 %","58,01","1,59","0,0 %"
PRIVÉ,130781479,CLINIQUE LA CASAMANCE,M12,24 470,9 874,14 596,4 931,"47,1 %","60,17","1,51","0,7 %"
PRIVÉ,130781867,CLINIQUE DE LA CIOTAT,M12,8 936,1 132,7 804,5 122,"52,6 %","61,27","0,17","0,0 %"
PRIVÉ,130782071,CLINIQUE DE L'ETANG DE L'OLIVIER,M12,1 895,1 368,527,341,"46,8 %","62,43","3,02","1,7 %"
PRIVÉ,130782147,CLINIQUE GENERALE DE MARIGNANE,M12,14 210,5 567,8 643,69,"55,4 %","60,75","1,96","1,3 %"
PRIVÉ,130782162,CLINIQUE DE MARTIGUES,M12,11 155,1 422,9 733,124,"46,7 %","57,11","0,27","0,0 %"
PRIVÉ,130782675,CLINIQUE CHIRURGICALE DU DR VIGNOLI,M12,9 505,862,8 643,51,"49,2 %","56,86","0,26","0,0 %"
PRIVÉ,130783327,CLINIQUE BOUCHARD,M12,25 333,9 310,16 023,21 086,"46,3 %","57,89","0,66","0,1 %"
PRIVÉ,130783723,CLINIQUE JUGE,M12,21 438,3 063,18 375,34,"44,1 %","51,31","0,31","0,0 %"
PRIVÉ,130784051,POLYCLINIQUE CLAIRVAL,M12,22 127,13 237,8 890,14 682,"52,9 %","62,81","1,90","0,4 %"
PRIVÉ,130784481,DIAVERUM PROVENCE MARSEILLE 8E,M12,0,0,0,48 994,"64,9 %","69,59","0,00","0,0 %"
PRIVÉ,130784713,CLINIQUE BEAUREGARD,M12,29 940,12 513,17 427,6 623,"37,6 %","52,19","1,55","0,5 %"
PRIVÉ,130784903,CLINIQUE MÉDICO-CHIRURGICALE LA PHOCEANNE,M12,5 382,1 600,3 782,0,"35,7 %","67,57","2,18","0,0 %"
PRIVÉ,130785389,CLINIQUE CHANTECLER,M12,11 786,1 782,10 004,155,"49,5 %","55,32","0,42","0,0 %"
PRIVÉ,130785678,CLINIQUE VERT COTEAU,M12,11 146,3 002,8 144,3 122,"46,6 %","60,62","1,72","0,6 %"
PRIVÉ,130786361,POLYCLINIQUE DU PARC RAMBOT,M12,44 905,14 851,30 054,12 473,"48,4 %","58,95","1,08","0,4 %"
PRIVÉ,130789159,CENTRE CARDIO-VASCULAIRE VALMANT,M12,1 084,1 083,1 à 10,0,"42,6 %","76,17","7,88","3,0 %"
PRIVÉ,130809809,CENTRE D'HEMODIALYSE DE PROVENCE,M12,0,0,0,24 593,"60,1 %","75,64","0,00","0,0 %"
PRIVÉ,130810740,CLINIQUE AXIUM,M12,34 732,5 043,29 689,809,"47,6 %","54,17","0,51","0,2 %"
PRIVÉ,140000290,CLINIQUE NOTRE-DAME,M12,6 661,1 031,5 630,124,"44,2 %","59,62","0,30","0,0 %"
PRIVÉ,140016759,POLYCLINIQUE DU PARC,M12,35 419,12 000,23 419,10 661,"42,4 %","56,53","0,90","0,4 %"
PRIVÉ,140017237,CH PRIVÉ ST MARTIN CAEN,M12,40 360,10 597,29 763,14 916,"58,2 %","65,99","0,65","0,2 %"
PRIVÉ,140018730,POLYCLINIQUE DE LISIEUX,M12,9 134,2 447,6 687,85,"55,6 %","62,82","0,73","0,0 %"
PRIVÉ,140026709,POLYCLINIQUE DE DEAUVILLE-CRICQUEBOEUF,M12,6 711,1 866,4 845,117,"48,0 %","59,29","0,61","0,0 %"
PRIVÉ,150003416,UNITÉ DE DIALYSE - CH DE MAURIAC,M12,0,0,0,2 226,"59,4 %","73,14","0,00","0,0 %"
PRIVÉ,150780120,CLINIQUE DU HAUT CANTAL,M12,464,464,0,0,"50,2 %","61,95","2,16","0,6 %"
PRIVÉ,150780732,CENTRE MÉDICO-CHIRURGICAL AURILLAC,M12,13 033,4 294,8 739,15 386,"57,8 %","68,23","0,74","0,4 %"
PRIVÉ,160000170,CLINIQUE SAINT JOSEPH ANGOULEME,M12,9 411,1 775,7 636,0,"51,4 %","60,37","0,56","0,0 %"
PRIVÉ,160000279,CLINIQUE DE COGNAC,M12,6 650,1 110,5 540,11,"48,4 %","55,55","0,61","0,2 %"
PRIVÉ,160013207,CENTRE CLINICAL,M12,26 260,8 297,17 963,6 918,"43,5 %","59,01","0,75","0,4 %"
PRIVÉ,170780563,ÉTABLISSEMENT DE SOINS PASTEUR - ROYAN,M12,13 595,3 659,9 936,329,"56,9 %","63,31","0,92","0,2 %"
PRIVÉ,170780621,POLYCLINIQUE SAINT-GEORGES,M12,4 361,1 045,3 316,0,"45,4 %","62,37","0,86","0,0 %"
PRIVÉ,170780647,CLINIQUE RICHELIEU - SAINTES,M12,8 703,1 018,7 685,46,"46,1 %","60,03","0,23","0,0 %"
PRIVÉ,170780662,CLINIQUE DE L'ATLANTIQUE,M12,37 495,6 573,30 922,217,"45,2 %","59,37","0,41","0,0 %"
PRIVÉ,180004145,HÔPITAL PRIVÉ GUILLAUME DE VARYE,M12,17 022,5 343,11 679,10 164,"43,7 %","59,44","1,06","0,8 %"
PRIVÉ,190000224,CLINIQUE LES CEDRES BRIVE,M12,15 913,4 369,11 544,543,"47,3 %","59,73","0,97","0,2 %"
PRIVÉ,200200145,POLYCLINIQUE LA RESIDENCE,M12,10 444,2 183,8 261,6 046,"48,4 %","61,06","0,61","0,5 %"
PRIVÉ,210011847,POLYCLINIQUE DU PARC DREVON,M12,12 805,1 551,11 254,7 435,"46,3 %","62,13","0,30","0,4 %"
PRIVÉ,210012670,HÔPITAL PRIVÉ DIJON BOURGOGNE,M12,41 108,15 594,25 514,322,"49,1 %","56,60","0,97","0,2 %"
PRIVÉ,210780789,CLINIQUE MUTUALISTE BENIGNE JOLY,M12,14 952,5 156,9 796,21 824,"57,6 %","61,95","0,44","0,1 %"
PRIVÉ,220000111,POLYCLINIQUE DU TREGOR,M12,5 914,1 328,4 586,1 954,"51,1 %","66,54","0,61","0,0 %"
PRIVÉ,220005599,POLYCLINIQUE DU PAYS DE RANCE,M12,9 890,1 677,8 213,69,"51,1 %","63,32","0,57","0,0 %"
PRIVÉ,220016778,UNITÉ DIALYSE SAINT BRIEUC AUB SANTÉ,M12,0,0,0,246,"51,2 %","62,07","0,00","0,0 %"
PRIVÉ,220020507,UNITÉ DIALYSE LANNION AUB SANTÉ,M12,0,0,0,10 362,"64,6 %","70,80","0,00","0,0 %"
PRIVÉ,220022800,HÔPITAL PRIVÉ DES COTES D'ARMOR,M12,28 185,8 808,19 377,12 997,"44,7 %","59,86","0,91","0,5 %"
PRIVÉ,230780157,CLINIQUE DE LA MARCHE GUERET,M12,5 796,856,4 940,93,"41,8 %","62,49","0,46","0,0 %"
PRIVÉ,240000190,POLYCLINIQUE FRANCHEVILLE,M12,15 709,5 795,9 914,7 909,"45,2 %","61,89","1,07","0,7 %"
PRIVÉ,240000208,CLINIQUE PASTEUR,M12,6 853,961,5 892,1 à 10,"49,7 %","65,85","0,37","0,0 %"
PRIVÉ,240000216,CLINIQUE DU PARC,M12,9 177,1 267,7 910,0,"43,2 %","60,16","0,49","0,0 %"
PRIVÉ,240006734,CENTRE D'HEMODIALYSE FRANCHEVILLE,M12,0,0,0,20 390,"59,5 %","73,46","0,00","0,0 %"
PRIVÉ,250000270,CLINIQUE SAINT-VINCENT,M12,28 087,6 882,21 205,157,"55,5 %","61,50","0,74","0,2 %"
PRIVÉ,250011848,POLYCLINIQUE DE FRANCHE COMTE,M12,21 306,4 425,16 881,1 886,"39,8 %","54,26","0,55","0,0 %"
PRIVÉ,260000260,CLINIQUE LA PARISIERE,M12,9 650,1 158,8 492,169,"48,1 %","61,81","0,31","0,0 %"
PRIVÉ,260003017,SA CLINIQUE KENNEDY,M12,20 525,5 422,15 103,247,"52,4 %","56,56","0,59","0,1 %"
PRIVÉ,260006267,CLINIQUE GENERALE,M12,4 655,915,3 740,6 877,"42,5 %","64,08","0,63","0,8 %"
PRIVÉ,270000326,CLINIQUE PASTEUR,M12,14 672,3 345,11 327,5 097,"49,6 %","62,29","0,63","0,2 %"
PRIVÉ,270000862,CLINIQUE BERGOUIGNAN,M12,1 256,811,445,0,"69,3 %","68,24","1,72","0,8 %"
PRIVÉ,280504689,CLINIQUE NÉPHROLOGIQUE DE MAISON BLANCHE,M12,0,0,0,17 137,"63,9 %","71,78","0,00","0,0 %"
PRIVÉ,280505777,HÔPITAL PRIVÉ D'EURE ET LOIR,M12,18 487,6 051,12 436,4 019,"45,9 %","61,51","1,05","0,6 %"
PRIVÉ,290000140,CLINIQUE PASTEUR-SAINT ESPRIT,M12,20 399,4 994,15 405,8 945,"43,5 %","62,91","0,63","0,7 %"
PRIVÉ,290000850,STE BRESTOISE DU REIN ARTIFICIEL,M12,0,0,0,11 524,"73,0 %","75,66","0,00","0,0 %"
PRIVÉ,290004142,CLINIQUE DU GRAND LARGE,M12,9 766,1 935,7 831,244,"42,5 %","56,69","0,50","0,0 %"
PRIVÉ,290005131,UNITÉ DIALYSE PLOURIN-LES-MORLAIX AUB,M12,0,0,0,5 141,"76,9 %","72,11","0,00","0,0 %"
PRIVÉ,290018563,UNITÉ DIALYSE QUIMPER KERRADENNEC AUB,M12,0,0,0,8 761,"71,4 %","64,13","0,00","0,0 %"
PRIVÉ,290019777,POLYCLINIQUE DE KERAUDREN,M12,27 319,11 182,16 137,413,"51,6 %","51,39","1,36","0,2 %"
PRIVÉ,290023431,CENTRE MÉDICO-CHIRURGICAL BAIE DE MORLAIX,M12,9 590,2 183,7 407,818,"50,8 %","60,61","0,37","0,0 %"
PRIVÉ,290023779,UNITÉ DIALYSE CARHAIX AUB,M12,0,0,0,7 069,"75,2 %","69,87","0,00","0,0 %"
PRIVÉ,290029669,UNITÉ DIALYSE QUIMPER AUB SANTÉ,M12,0,0,0,5 578,"62,1 %","74,16","0,00","0,0 %"
PRIVÉ,290032028,UNITÉ DIALYSE BREST QUESTEL AUB SANTÉ,M12,0,0,0,7 706,"62,2 %","66,90","0,00","0,0 %"
PRIVÉ,290036540,CLINIQUE MUTUALISTE BRETAGNE OCCIDENTALE,M12,29 237,5 742,23 495,4 319,"47,9 %","63,81","0,60","0,2 %"
PRIVÉ,2A0000139,SA CLINISUD,M12,16 481,3 868,12 613,595,"48,8 %","61,04","0,84","0,2 %"
PRIVÉ,2A0000154,CLINIQUE DU SUD DE LA CORSE,M12,10 869,3 333,7 536,5 559,"50,1 %","57,71","0,75","0,5 %"
PRIVÉ,2B0000079,CLINIQUE DR FILIPPI,M12,4 848,157,4 691,0,"40,5 %","64,13","0,04","0,0 %"
PRIVÉ,2B0000392,POLYCLINIQUE DE FURIANI,M12,6 286,1 848,4 438,78,"57,4 %","60,57","0,88","0,1 %"
PRIVÉ,2B0005664,CLINIQUE DE TOGA,M12,166,163,1 à 10,0,"52,4 %","72,32","19,66","54,2 %"
PRIVÉ,300002508,CENTRE DE CHIRURGIE AMBULATOIRE DES HAUTS D'AVIGNON,M12,4 753,0,4 753,0,"51,4 %","50,49","0,00","0,0 %"
PRIVÉ,300007119,AIDER ALES,M12,0,0,0,12 481,"69,4 %","69,79","0,00","0,0 %"
PRIVÉ,300008588,NEPHROCARE NIMES,M12,0,0,0,21 271,"60,7 %","73,08","0,00","0,0 %"
PRIVÉ,300008638,NEPHROCARE BAGNOLS SUR CEZE,M12,0,0,0,6 225,"65,0 %","71,29","0,00","0,0 %"
PRIVÉ,300017209,KENVAL INSTITUT DE CANCEROLOGIE,M12,820,615,205,9 266,"40,8 %","66,68","0,59","0,9 %"
PRIVÉ,300017431,AIDER SANTÉ UAD UDM GCS PAAC,M12,0,0,0,12 216,"56,5 %","75,24","0,00","0,0 %"
,300021961,,,0,0,0,1 828,"63,3 %","60,11","0,00","0,0 %"
PRIVÉ,300780137,NOUVELLE CLINIQUE BONNEFON,M12,16 035,3 168,12 867,286,"46,1 %","62,77","0,80","0,2 %"
PRIVÉ,300780152,HÔPITAL PRIVÉ LES FRANCISCAINES,M12,16 963,6 109,10 854,15,"51,3 %","61,79","1,35","0,3 %"
PRIVÉ,300787421,AIDER DE NIMES,M12,0,0,0,18 054,"63,1 %","68,43","0,00","0,0 %"
PRIVÉ,300788502,POLYCLINIQUE DU GRAND SUD,M12,35 790,11 175,24 615,2 719,"43,1 %","53,92","0,91","0,0 %"
PRIVÉ,310021571,CENTRE GERIATRIQUE DES MINIMES,M12,1 015,620,395,199,"35,8 %","84,14","3,18","2,2 %"
PRIVÉ,310026083,CLINIQUE SAINT-CYPRIEN RIVE GAUCHE,M12,36 283,12 014,24 269,561,"40,8 %","37,64","1,10","0,1 %"
PRIVÉ,310026927,CLINIQUE CAPIO LA CROIX DU SUD,M12,52 848,17 990,34 858,7 957,"44,4 %","54,24","1,22","0,5 %"
PRIVÉ,310780150,CLINIQUE MEDIPOLE GARONNE,M12,27 026,8 363,18 663,1 093,"45,4 %","52,24","0,60","0,0 %"
PRIVÉ,310780259,SA CLINIQUE PASTEUR,M12,52 882,23 404,29 478,13 296,"50,9 %","64,55","1,41","0,6 %"
PRIVÉ,310780283,NOUVELLE CLINIQUE DE L'UNION,M12,51 625,15 694,35 931,7 116,"49,6 %","57,74","1,13","0,5 %"
PRIVÉ,310780366,CLINIQUE MONIE,M12,3 342,1 082,2 260,190,"39,9 %","64,04","2,35","3,7 %"
PRIVÉ,310780382,CLINIQUE AMBROISE PARE,M12,19 631,8 447,11 184,1 592,"43,3 %","44,19","1,63","0,2 %"
PRIVÉ,310781000,CLINIQUE DES CEDRES,M12,48 925,16 704,32 221,5 919,"47,9 %","59,36","1,25","0,7 %"
PRIVÉ,310781505,CLINIQUE D'OCCITANIE,M12,39 054,13 237,25 817,5 134,"49,2 %","58,29","1,04","0,4 %"
PRIVÉ,310781695,CLINIQUE DE LAGARDELLE,M12,535,326,209,26,"37,4 %","81,31","10,22","22,1 %"
PRIVÉ,310782016,CLINIQUE NÉPHROLOGIQUE SAINT EXUPERY,M12,4 590,3 116,1 474,42 604,"55,8 %","72,10","0,39","0,2 %"
PRIVÉ,310786389,CLINIQUE DES PYRENEES,M12,259,142,117,34,"43,0 %","82,99","4,25","1,4 %"
PRIVÉ,310794417,CENTRE NÉPHROLOGIQUE D'OCCITANIE,M12,0,0,0,27 247,"65,7 %","74,57","0,00","0,0 %"
PRIVÉ,330017989,CENTRE D'HEMODIALYSE BORDEAUX RIVE DROITE,M12,0,0,0,18 290,"55,8 %","74,23","0,00","0,0 %"
PRIVÉ,330060658,GCS CLINIQUE CHIRURGICALE LIBOURNAIS,M12,10 379,918,9 461,76,"47,1 %","61,12","0,18","0,0 %"
PRIVÉ,330780040,NOUVELLE CLINIQUE BEL AIR,M12,24 850,5 969,18 881,1 à 10,"47,2 %","54,54","0,33","0,0 %"
PRIVÉ,330780081,CLINIQUE SAINT AUGUSTIN,M12,19 547,10 615,8 932,155,"65,8 %","61,25","2,00","0,3 %"
PRIVÉ,330780115,CLINIQUE TIVOLI-DUCOS,M12,17 267,5 536,11 731,13 330,"31,2 %","56,11","0,58","0,3 %"
PRIVÉ,330780206,CLINIQUE D'ARCACHON,M12,14 776,2 846,11 930,2 041,"49,7 %","59,64","0,43","0,4 %"
PRIVÉ,330780263,POLYCLINIQUE BORDEAUX RIVE DROITE,M12,28 934,11 739,17 195,4 280,"43,5 %","51,89","1,34","0,7 %"
PRIVÉ,330780271,CLINIQUE DU SPORT DE BORDEAUX MERIGNAC,M12,15 174,3 129,12 045,406,"56,8 %","47,72","0,38","0,0 %"
PRIVÉ,330780354,POLYCLINIQUE BORDEAUX CAUDERAN,M12,5 000,1 520,3 480,360,"27,9 %","54,49","1,97","1,2 %"
PRIVÉ,330780446,C.T.M.R. ST AUGUSTIN,M12,0,0,0,25 281,"67,1 %","73,09","0,00","0,0 %"
PRIVÉ,330780453,CENTRE D'HEMODIALYSE SAINT MARTIN,M12,0,0,0,26 130,"65,1 %","74,37","0,00","0,0 %"
PRIVÉ,330780479,POLYCLINIQUE BX-NORD AQUITAINE,M12,48 602,20 897,27 705,13 891,"47,9 %","54,19","1,38","0,8 %"
PRIVÉ,330780487,CLINIQUE OPHTALMOLOGIQUE THIERS,M12,10 210,227,9 983,0,"43,5 %","67,84","0,02","0,0 %"
PRIVÉ,330780503,HÔPITAL PRIVÉ SAINT-MARTIN,M12,28 341,7 902,20 439,246,"56,6 %","52,50","0,80","0,1 %"
PRIVÉ,330780511,CLINIQUE SAINTE ANNE,M12,9 717,1 502,8 215,3 215,"49,7 %","61,17","0,33","0,3 %"
PRIVÉ,330781402,NOUVELLE CLINIQUE BORDEAUX TONDU,M12,22 523,7 054,15 469,1 357,"49,8 %","45,98","0,74","0,4 %"
PRIVÉ,330782582,POLYCLINIQUE JEAN VILLAR,M12,24 562,6 469,18 093,1 669,"39,9 %","51,13","1,05","0,5 %"
PRIVÉ,330783374,CENTRE D'HEMODIALYSE PBNA,M12,0,0,0,21 257,"61,5 %","72,62","0,00","0,0 %"
PRIVÉ,340009539,CENTRE D'HEMODIALYSE AMBULATOIRE SAINT GUILHEM,M12,0,0,0,16 436,"61,8 %","74,49","0,00","0,0 %"
PRIVÉ,340009885,POLYCLINIQUE CHAMPEAU,M12,14 281,5 988,8 293,2 290,"33,6 %","52,47","1,42","0,6 %"
PRIVÉ,340013119,AIDER UAD DE GRABELS,M12,0,0,0,8 599,"62,8 %","56,64","0,00","0,0 %"
PRIVÉ,340013168,AIDER UDSA CLINIQUE JACQUES MIROUZE,M12,0,0,0,20 513,"68,8 %","65,45","0,00","0,0 %"
PRIVÉ,340013218,AIDER UAD DE GANGES,M12,0,0,0,1 931,"77,6 %","73,68","0,00","0,0 %"
PRIVÉ,340013259,AIDER UAD DE BEDARIEUX,M12,0,0,0,561,"94,7 %","64,32","0,00","0,0 %"
PRIVÉ,340013309,AIDER UAD DE CLERMONT L'HERAULT,M12,0,0,0,6 016,"69,1 %","72,97","0,00","0,0 %"
PRIVÉ,340013358,AIDER UAD DE BOUZIGUES,M12,0,0,0,1 867,"73,8 %","76,25","0,00","0,0 %"
PRIVÉ,340013499,AIDER UAD DE VILLENEUVE LES BEZIERS,M12,0,0,0,6 169,"81,1 %","66,04","0,00","0,0 %"
PRIVÉ,340015502,CLINIQUE LE MILLENAIRE,M12,30 822,15 471,15 351,752,"55,4 %","63,09","2,29","0,8 %"
PRIVÉ,340015965,SAS POLYCLINIQUE SAINT PRIVAT,M12,24 676,10 539,14 137,8 145,"57,2 %","62,29","1,27","0,6 %"
PRIVÉ,340015999,NEPHROCARE BEZIERS,M12,0,0,0,36 796,"64,2 %","71,79","0,00","0,0 %"
PRIVÉ,340019603,GCS HEMODIALYSE LAPEYRONIE,M12,0,0,0,8 439,"61,3 %","64,68","0,00","0,0 %"
PRIVÉ,340020221,AIDER DIALYSE A DOMICILE,M12,0,0,0,19 918,"75,8 %","61,25","0,00","0,0 %"
PRIVÉ,340022979,POLYCLINIQUE ST ROCH,M12,38 271,11 670,26 601,299,"39,2 %","45,72","1,12","0,1 %"
PRIVÉ,340023142,NEPHROCARE MILLLENAIRE UDM,M12,0,0,0,9 742,"69,4 %","69,35","0,00","0,0 %"
PRIVÉ,340024314,CLINIQUE ST JEAN SUD DE FRANCE,M12,40 919,11 448,29 471,1 536,"52,0 %","50,53","0,99","0,3 %"
PRIVÉ,340024553,AIDER SANTÉ UAD ST JEAN,M12,0,0,0,7 918,"72,4 %","71,73","0,00","0,0 %"
PRIVÉ,340780139,CLINIQUE DU DR. CAUSSE,M12,9 553,2 807,6 746,62,"42,6 %","57,50","0,87","0,0 %"
PRIVÉ,340780147,POLYCLINIQUE DES 3 VALLEES,M12,4 004,1 774,2 230,130,"48,8 %","63,81","2,04","1,3 %"
PRIVÉ,340780154,POLYCLINIQUE PASTEUR,M12,8 522,1 847,6 675,81,"48,2 %","63,50","0,97","0,5 %"
PRIVÉ,340780568,CLINIQUE DU SOUFFLE LA VALONIE,M12,1 143,1 139,1 à 10,1 à 10,"49,6 %","66,27","4,48","0,5 %"
PRIVÉ,340780667,CLINIQUE DU PARC,M12,33 526,12 610,20 916,10 497,"54,0 %","61,66","1,45","0,8 %"
PRIVÉ,340780675,CLINIQUE CLEMENTVILLE,M12,16 364,7 236,9 128,17 796,"36,5 %","55,79","1,21","0,7 %"
PRIVÉ,340780717,CLINIQUE SAINT- LOUIS,M12,7 759,3 058,4 701,343,"48,4 %","64,87","1,72","1,0 %"
PRIVÉ,340780725,CLINIQUE VIA DOMITIA POLE DE SANTÉ,M12,9 191,1 952,7 239,487,"45,2 %","58,46","0,34","0,1 %"
PRIVÉ,340780741,POLYCLINIQUE SAINTE THERESE,M12,12 110,2 551,9 559,430,"40,8 %","55,91","0,60","0,0 %"
PRIVÉ,340780840,NEPHROCARE CASTELNAU LE PARC,M12,0,0,0,25 257,"63,5 %","72,50","0,00","0,0 %"
PRIVÉ,350000121,CH PRIVÉ ST-GREGOIRE,M12,58 521,19 193,39 328,14 086,"47,4 %","53,38","1,18","0,5 %"
PRIVÉ,350000196,CLINIQUE DE LA COTE D'EMERAUDE,M12,15 498,2 894,12 604,3 698,"51,9 %","62,73","0,39","0,0 %"
PRIVÉ,350002804,DIALYSE A DOMICILE AUB SANTÉ,M12,0,0,0,11 156,"64,2 %","61,56","0,00","0,0 %"
PRIVÉ,350005146,HÔPITAL PRIVÉ SEVIGNE,M12,29 073,8 172,20 901,8 281,"51,9 %","61,25","0,98","0,3 %"
PRIVÉ,350032934,UNITÉ DIALYSE PONTCHAILLOU RENNES AUB,M12,0,0,0,15 496,"62,8 %","63,02","0,00","0,0 %"
PRIVÉ,350040044,UNITÉ DIALYSE BROUSSAIS SAINT MALO AUB,M12,0,0,0,10 858,"55,1 %","72,96","0,00","0,0 %"
PRIVÉ,350042131,UNITÉ DIALYSE REDON - AUB,M12,0,0,0,5 444,"60,7 %","63,07","0,00","0,0 %"
PRIVÉ,350042602,UNITÉ DIALYSE FOUGERES AUB,M12,0,0,0,4 852,"71,0 %","64,34","0,00","0,0 %"
PRIVÉ,360000129,CLINIQUE ST FRANCOIS,M12,10 210,1 751,8 459,284,"47,3 %","61,26","0,62","1,0 %"
PRIVÉ,360000962,CENTRE NÉPHROLOGIQUE CHATEAUROUX-CH ISSOUDUN,M12,0,0,0,3 470,"69,9 %","66,19","0,00","0,0 %"
PRIVÉ,360002133,RE NEPHRO CHATEAUROUX-AV.KENNEDY,M12,0,0,0,25 714,"65,0 %","71,76","0,00","0,0 %"
PRIVÉ,360002232,CENTRE DE CONVALESCENCE ET DIÉTÉTIQUE MANOIR EN BERRY,M12,896,892,1 à 10,0,"47,7 %","66,26","6,81","2,3 %"
PRIVÉ,370000093,SAS NOUVELLE CLINIQUE DE TOURS +,M12,43 425,17 093,26 332,14 985,"54,0 %","62,92","1,17","0,4 %"
PRIVÉ,370007569,PÔLE SANTÉ LÉONARD DE VINCI,M12,40 120,15 336,24 784,14 181,"43,2 %","56,97","1,32","0,8 %"
PRIVÉ,380013037,CENTRE ENDOSCOPIE NORD ISERE,M12,5 659,0,5 659,0,"46,1 %","60,27","0,00","0,0 %"
PRIVÉ,380020123,CLINIQUE DES COTES DU RHONE,M12,8 315,1 559,6 756,66,"51,9 %","52,58","1,44","0,8 %"
PRIVÉ,380780197,CLINIQUE SAINT VINCENT DE PAUL,M12,16 654,5 344,11 310,190,"44,5 %","48,16","1,00","0,0 %"
PRIVÉ,380780288,CLINIQUE DE CHARTREUSE,M12,10 213,717,9 496,20,"49,1 %","56,33","0,13","0,0 %"
PRIVÉ,380785956,CLINIQUE DES CEDRES,M12,25 333,8 057,17 276,546,"47,3 %","52,71","1,16","0,3 %"
PRIVÉ,380786442,CLINIQUE BELLEDONNE,M12,36 244,11 592,24 652,241,"44,2 %","52,84","1,15","0,1 %"
PRIVÉ,390780559,CLINIQUE DU JURA,M12,4 195,422,3 773,0,"45,6 %","66,12","0,41","0,0 %"
PRIVÉ,390780575,POLYCLINIQUE DU PARC,M12,7 191,1 945,5 246,1 à 10,"58,3 %","57,09","0,72","0,0 %"
PRIVÉ,400780342,CLINIQUE JEAN LE BON,M12,10 146,675,9 471,163,"46,1 %","57,31","0,09","0,0 %"
PRIVÉ,410000202,POLYCLINIQUE DE BLOIS,M12,16 720,6 339,10 381,33 461,"55,4 %","68,51","0,65","0,4 %"
PRIVÉ,410004998,CLINIQUE DU SAINT COEUR,M12,6 094,1 542,4 552,1 à 10,"47,6 %","65,41","1,02","0,2 %"
PRIVÉ,410005011,C.I.R.A.D. - CHEMERY,M12,0,0,0,7 474,"75,7 %","74,93","0,00","0,0 %"
PRIVÉ,410005953,C.I.R.A.D. - VENDOME,M12,0,0,0,4 173,"69,8 %","73,56","0,00","0,0 %"
PRIVÉ,410007553,C.I.R.A.D. - BLOIS,M12,0,0,0,10 599,"62,5 %","71,62","0,00","0,0 %"
PRIVÉ,420011413,HÔPITAL PRIVÉ DE LA LOIRE,M12,42 025,18 920,23 105,12 943,"43,4 %","53,24","1,54","0,8 %"
PRIVÉ,420780504,CLINIQUE DU PARC,M12,24 062,6 050,18 012,265,"51,8 %","52,11","0,60","0,0 %"
PRIVÉ,420782310,CLINIQUE DU RENAISON,M12,16 616,4 793,11 823,287,"48,8 %","62,30","1,43","0,5 %"
PRIVÉ,420782591,CLINIQUE NOUVELLE DU FOREZ,M12,3 209,0,3 209,0,"46,6 %","53,73","0,00","0,0 %"
PRIVÉ,430000109,CLINIQUE BON SECOURS - LE PUY,M12,9 700,2 616,7 084,171,"61,1 %","62,16","0,66","0,0 %"
PRIVÉ,430007450,CENTRE MÉDICAL SPECIALISE LE CHAMBON SUR LIGNON,M12,5 354,724,4 630,0,"67,2 %","52,30","0,85","0,0 %"
PRIVÉ,440000404,CLINIQUE SAINTE MARIE,M12,6 048,1 438,4 610,1 à 10,"51,8 %","60,37","0,73","0,1 %"
PRIVÉ,440000412,CLINIQUE BRETECHE VIAUD,M12,21 831,7 706,14 125,248,"28,7 %","42,41","1,06","0,1 %"
PRIVÉ,440000487,CLINIQUE UROLOGIQUE NANTES ATLANTIS,M12,6 484,2 099,4 385,149,"86,7 %","52,57","0,62","0,1 %"
PRIVÉ,440002020,POLYCLINIQUE DE L'EUROPE,M12,22 408,5 938,16 470,198,"53,7 %","60,94","1,08","0,3 %"
PRIVÉ,440005080,DIALYSE ECHO NANTES,M12,0,0,0,23 648,"65,2 %","59,95","0,00","0,0 %"
PRIVÉ,440027589,DIALYSE ECHO CHATEAUBRIANT,M12,0,0,0,2 767,"82,7 %","69,87","0,00","0,0 %"
PRIVÉ,440029379,CLINIQUE JULES VERNE,M12,47 544,4 585,42 959,753,"46,9 %","55,97","0,22","0,0 %"
PRIVÉ,440033819,SANTÉ ATLANTIQUE,M12,90 767,18 064,72 703,2 138,"46,1 %","48,68","0,63","0,0 %"
PRIVÉ,440036176,CENTRE DIALYSE ECHO ST HERBLAIN,M12,0,0,0,7 192,"63,7 %","64,28","0,00","0,0 %"
PRIVÉ,440036499,CENTRE DIALYSE ECHO REZE,M12,0,0,0,23 062,"55,4 %","65,47","0,00","0,0 %"
PRIVÉ,440039568,DIALYSE ECHO LA BAULE,M12,0,0,0,5 732,"76,1 %","72,82","0,00","0,0 %"
PRIVÉ,440041580,L'HÔPITAL PRIVÉ DU CONFLUENT,M12,58 217,20 764,37 453,25 917,"49,5 %","61,04","1,05","0,7 %"
PRIVÉ,440048718,HÔPITAL DU CONFLUENT-SITE JULES VERNE,M12,24,0,24,5 130,"45,9 %","65,53","0,00","0,0 %"
PRIVÉ,440050441,DIALYSE ECHO ST NAZAIRE,M12,0,0,0,8 361,"61,7 %","69,51","0,00","0,0 %"
PRIVÉ,440055770,CENTRE DIALYSE ECHO ST HERBLAIN PSA,M12,0,0,0,10 147,"58,2 %","69,99","0,00","0,0 %"
PRIVÉ,450000245,CLINIQUE L'ARCHETTE,M12,17 936,4 193,13 743,188,"48,9 %","59,54","0,63","0,1 %"
PRIVÉ,450000294,ORELIANCE - REINE BLANCHE,M12,9 555,7 560,1 995,12 269,"61,4 %","69,39","1,61","1,3 %"
PRIVÉ,450010079,ORELIANCE - LONGUES ALLEES,M12,37 323,8 289,29 034,8 354,"50,2 %","56,62","0,61","0,1 %"
PRIVÉ,450012935,CENTRE D'HEMODIALYSE ARCHETTE,M12,0,0,0,14 637,"62,2 %","75,88","0,00","0,0 %"
PRIVÉ,450012968,CLINIQUE DE MONTARGIS,M12,5 854,1 332,4 522,35,"47,8 %","61,57","0,72","0,0 %"
PRIVÉ,450013818,CENTRE D'HEMODIALYSE J. D'ARC,M12,0,0,0,3 984,"53,6 %","79,31","0,00","0,0 %"
PRIVÉ,450018460,CENTRE NÉPHROLOGIQUE DE MONTARGIS,M12,0,0,0,24 320,"65,4 %","71,91","0,00","0,0 %"
PRIVÉ,470000027,CLINIQUE ESQUIROL - SAINT-HILAIRE,M12,30 389,9 056,21 333,700,"53,8 %","65,60","1,14","0,6 %"
PRIVÉ,470000159,CLINIQUE CALABET,M12,295,0,295,6 914,"50,2 %","67,37","0,00","0,0 %"
PRIVÉ,480001403,AIDER UAD DE MENDE,M12,0,0,0,5 080,"64,6 %","74,64","0,00","0,0 %"
PRIVÉ,480001783,AIDER UAD MARVEJOLS,M12,0,0,0,1 901,"69,7 %","75,33","0,00","0,0 %"
,480004233,,,0,0,0,1 à 10,NA,NA,NA,NA
PRIVÉ,490000262,CLINIQUE SAINT-JOSEPH,M12,22 111,6 867,15 244,3 179,"57,4 %","63,33","0,92","0,5 %"
PRIVÉ,490002037,POLYCLINIQUE DU PARC,M12,23 266,6 202,17 064,2 405,"50,5 %","58,44","0,72","0,3 %"
PRIVÉ,490007499,CENTRE DIALYSE ECHO ANGERS BOCQUEL,M12,0,0,0,24 443,"64,6 %","71,86","0,00","0,0 %"
PRIVÉ,490007929,CLINIQUE CHIRURGICALE DE LA LOIRE,M12,10 174,2 269,7 905,260,"50,8 %","61,50","0,72","0,0 %"
PRIVÉ,490009008,CENTRE DIALYSE ECHO CHOLET MARENGO,M12,0,0,0,8 646,"72,2 %","75,65","0,00","0,0 %"
PRIVÉ,490014909,CLINIQUE DE L'ANJOU,M12,43 708,15 594,28 114,1 295,"45,5 %","53,22","1,32","0,5 %"
PRIVÉ,490015906,CLINIQUE SAINT LEONARD,M12,12 713,4 521,8 192,350,"52,3 %","50,35","0,80","0,0 %"
PRIVÉ,490016235,DIALYSE ECHO SAUMUR,M12,0,0,0,5 499,"63,5 %","68,29","0,00","0,0 %"
PRIVÉ,490017613,DIALYSE ECHO TRELAZE,M12,0,0,0,4 486,"62,9 %","70,18","0,00","0,0 %"
PRIVÉ,490020963,DIALYSE ECHO CHOLET CHANTERIVIERE,M12,0,0,0,8 319,"71,4 %","70,03","0,00","0,0 %"
PRIVÉ,490537818,CENTRE DIALYSE DIAVERUM ANGERS,M12,0,0,0,21 379,"65,9 %","74,04","0,00","0,0 %"
PRIVÉ,490540440,CENTRE DE LA MAIN,M12,6 013,0,6 013,0,"60,3 %","49,77","0,00","0,0 %"
PRIVÉ,500000146,HÔPITAL PRIVÉ DE LA BAIE,M12,16 425,3 078,13 347,4 907,"47,0 %","65,28","0,70","0,6 %"
PRIVÉ,500000203,POLYCLINIQUE DE LA MANCHE - SAINT-LO,M6,3 552,428,3 124,29,"52,2 %","63,29","0,32","0,0 %"
PRIVÉ,500000401,CLINIQUE DR. H. GUILLARD,M4,303,19,284,1 à 10,"52,1 %","63,40","0,10","0,0 %"
PRIVÉ,500002357,POLYCLINIQUE DU COTENTIN,M12,9 801,2 634,7 167,1 à 10,"48,0 %","59,59","0,86","0,1 %"
PRIVÉ,500021316,CENTRE DE DIALYSE D'AVRANCHES,M12,0,0,0,12 387,"65,0 %","71,54","0,00","0,0 %"
,500026307,,,3 106,546,2 560,27,"56,7 %","62,92","0,47","0,0 %"
PRIVÉ,510000185,POLYCLINIQUE COURLANCY - REIMS,M12,23 030,6 647,16 383,19 656,"41,3 %","60,66","0,73","0,5 %"
PRIVÉ,510000243,CLINIQUE D'EPERNAY,M12,7 839,1 142,6 697,525,"44,2 %","61,32","0,93","0,4 %"
PRIVÉ,510012040,POLYCLINIQUE LES BLEUETS - REIMS,M12,1 302,19,1 283,24,"34,4 %","59,10","0,51","0,8 %"
PRIVÉ,510024979,POLYCLINIQUE DE BEZANNES,M12,62 037,23 177,38 860,354,"47,8 %","53,79","1,29","0,4 %"
PRIVÉ,520780156,CLINIQUE DE LA COMPASSION,M12,1 053,0,1 053,0,"47,7 %","62,93","0,00","0,0 %"
PRIVÉ,520780180,CLINIQUE FRANCOIS 1ER,M12,5 077,877,4 200,188,"45,8 %","60,08","0,43","0,1 %"
PRIVÉ,520780214,CENTRE MÉDICO-CHIRURGICAL,M12,1 243,833,410,23 235,"57,0 %","73,15","0,26","0,2 %"
PRIVÉ,530002898,CENTRE DIALYSE ECHO LAVAL,M12,0,0,0,10 109,"60,8 %","74,53","0,00","0,0 %"
PRIVÉ,530008119,DIALYSE DIAVERUM CHATEAU GONTIER,M12,0,0,0,3 372,"60,6 %","70,67","0,00","0,0 %"
PRIVÉ,530008788,DIALYSE ECHO MAYENNE,M12,0,0,0,4 080,"50,3 %","74,38","0,00","0,0 %"
PRIVÉ,530031962,POLYCLINIQUE DU MAINE,M12,12 973,4 383,8 590,7 173,"46,1 %","63,11","0,83","0,5 %"
PRIVÉ,540000361,CLINIQUE JEANNE D'ARC - LUNEVILL,M12,8 384,1 365,7 019,144,"50,0 %","56,42","0,37","0,0 %"
PRIVÉ,540000452,CLINIQUE ST ANDRE VANDOEUVRE,M12,16 017,3 388,12 629,54,"41,4 %","54,37","0,50","0,0 %"
PRIVÉ,540000478,CLINIQUE LOUIS PASTEUR,M12,43 219,13 490,29 729,22 790,"56,3 %","64,41","0,60","0,1 %"
PRIVÉ,540013224,POLYCLINIQUE MAJORELLE,M12,13 586,6 375,7 211,180,"19,4 %","41,30","1,56","0,1 %"
PRIVÉ,540026895,HÔPITAL PRIVÉ NANCY LORRAINE,M12,29 020,9 834,19 186,33 124,"55,2 %","64,38","0,66","0,4 %"
PRIVÉ,550000178,POLYCLINIQUE DU PARC - BAR-LE-DUC,M12,11 668,1 993,9 675,291,"45,6 %","61,74","0,73","0,0 %"
PRIVÉ,560004004,UNITÉ DIALYSE LORIENT AUB SANTÉ,M12,0,0,0,5 476,"55,7 %","76,82","0,00","0,0 %"
PRIVÉ,560006348,UNITÉ DIALYSE KERIO PONTIVY AUB,M12,0,0,0,3 603,"41,7 %","69,72","0,00","0,0 %"
PRIVÉ,560007510,POLYCLINIQUE DE PONTIVY,M12,7 676,1 485,6 191,96,"53,5 %","61,33","0,44","0,0 %"
PRIVÉ,560008799,CLINIQUE OCEANE,M12,40 940,10 524,30 416,10 961,"47,4 %","59,38","0,72","0,4 %"
PRIVÉ,560009508,AUTODIALYSE AURAY,M12,0,0,0,1 686,"64,5 %","67,92","0,00","0,0 %"
PRIVÉ,560009524,AUTODIALYSE VANNES,M12,0,0,0,6 030,"68,9 %","61,70","0,00","0,0 %"
PRIVÉ,560023152,CENTRE D'HEMODIALYSE AMBULATOIRE ECHO,M12,0,0,0,15 797,"62,4 %","70,38","0,00","0,0 %"
PRIVÉ,560023848,UNITÉ DIALYSE KERFRICHANT LORIENT AUB,M12,0,0,0,13 699,"69,6 %","68,28","0,00","0,0 %"
PRIVÉ,570000083,CLINIQUE SAINT NABOR,M12,12 582,4 352,8 230,238,"32,7 %","51,20","1,08","0,0 %"
PRIVÉ,570000356,CLINIQUE CHIRURGICALE AMBROISE PARE,M12,12 761,2 162,10 599,449,"47,9 %","61,98","0,52","0,0 %"
PRIVÉ,570000364,CLINIQUE NOTRE DAME,M12,8 980,781,8 199,32,"47,0 %","61,30","0,16","0,0 %"
PRIVÉ,570000646,HÔPITAL CLINIQUE CLAUDE BERNARD,M12,41 593,11 352,30 241,12 020,"45,6 %","56,57","0,83","0,3 %"
PRIVÉ,580780138,POLYCLINIQUE DU VAL DE LOIRE,M12,13 816,2 687,11 129,7 757,"52,0 %","64,92","0,55","0,4 %"
PRIVÉ,580780187,CLINIQUE DU MORVAN SA,M12,207,207,0,0,"37,7 %","81,54","9,92","7,7 %"
PRIVÉ,590006896,POLYCLINIQUE DE LA THIERACHE,M12,7 517,1 431,6 086,151,"45,4 %","58,50","0,54","0,0 %"
PRIVÉ,590008041,POLYCLINIQUE VAUBAN,M12,24 169,8 014,16 155,12 537,"54,6 %","63,63","0,99","0,6 %"
PRIVÉ,590034815,CENTRE D'AUTODIALYSE PONT/SAMBRE,M12,0,0,0,1 764,"54,3 %","63,13","0,00","0,0 %"
PRIVÉ,590060455,UNITÉ DE DIALYSE MÉDICALISÉE,M12,0,0,0,6 005,"58,6 %","69,02","0,00","0,0 %"
PRIVÉ,590780060,INSTITUT OPHTALMIQUE,M12,10 124,443,9 681,0,"42,0 %","69,06","0,04","0,0 %"
PRIVÉ,590780094,CENTRE LEONARD DE VINCI,M12,2 147,669,1 478,11 066,"41,3 %","63,88","0,11","0,0 %"
PRIVÉ,590780250,CLINIQUE LILLE-SUD,M12,25 029,1 217,23 812,1 à 10,"51,9 %","42,83","0,12","0,0 %"
PRIVÉ,590780268,POLYCLINIQUE DU BOIS,M12,41 275,16 103,25 172,36 081,"45,8 %","58,56","0,81","0,4 %"
PRIVÉ,590780342,CLINIQUE AMBROISE PARE,M12,9 101,66,9 035,0,"40,5 %","68,62","0,01","0,0 %"
PRIVÉ,590780383,POLYCLINIQUE DE LA LOUVIERE,M12,34 998,8 398,26 600,30 644,"51,3 %","60,24","0,32","0,1 %"
PRIVÉ,590781571,CLINIQUE DU CAMBRESIS,M12,3 854,1 316,2 538,89,"44,3 %","55,18","0,87","0,0 %"
PRIVÉ,590781951,CLINIQUE DU CROISE LAROCHE SA,M12,9 692,2 964,6 728,44,"45,1 %","52,16","1,06","0,0 %"
PRIVÉ,590782256,CLINIQUE DES DENTELLIERES,M12,1 120,0,1 120,11 251,"41,6 %","63,08","0,00","0,0 %"
PRIVÉ,590782298,CLINIQUE DU PARC,M12,19 668,4 793,14 875,51,"42,7 %","45,07","0,70","0,1 %"
PRIVÉ,590782546,CLINIQUE DE VILLENEUVE D'ASCQ,M12,4 570,728,3 842,0,"39,8 %","51,57","0,88","1,6 %"
PRIVÉ,590782553,HÔPITAL PRIVÉ DE VILLENEUVE D'ASCQ,M12,29 459,8 900,20 559,3 218,"46,8 %","49,68","0,91","0,1 %"
PRIVÉ,590784484,NEPHROCARE MAUBEUGE,M12,0,0,0,23 758,"57,0 %","68,70","0,00","0,0 %"
PRIVÉ,590788964,POLYCLINIQUE DU PARC,M12,7 109,1 022,6 087,5 299,"44,9 %","59,97","0,25","0,1 %"
PRIVÉ,590790655,CLINIQUE CHIRURGICALE ST ROCH,M12,8 237,3 173,5 064,23,"39,8 %","51,26","0,59","0,0 %"
PRIVÉ,590806360,CLINIQUE DE LA MITTERIE,M12,5 495,1 243,4 252,0,"62,5 %","49,32","0,56","0,0 %"
PRIVÉ,590811006,CENTRE D'AUTODIALYSE DE MAUBEUGE,M12,0,0,0,1 733,"80,8 %","60,27","0,00","0,0 %"
PRIVÉ,590813176,CLINIQUE DES HETRES,M12,4 502,900,3 602,0,"44,7 %","51,68","0,87","0,1 %"
PRIVÉ,590813382,SA NOUVELLE CLINIQUE VILLETTE,M12,4 176,1 018,3 158,1 à 10,"49,2 %","42,54","0,81","0,0 %"
PRIVÉ,590813507,POLYCLINIQUE VAL DE SAMBRE,M12,5 837,1 545,4 292,45,"48,6 %","51,70","0,91","0,1 %"
PRIVÉ,590813747,CENTRE D'AUTODIALYSE DE FOURMIES,M12,0,0,0,1 670,"52,7 %","63,12","0,00","0,0 %"
PRIVÉ,590815056,CLINIQUE DE FLANDRE,M12,16 099,2 995,13 104,5 267,"41,5 %","60,77","0,57","0,6 %"
PRIVÉ,590816310,CLINIQUE ST AME,M12,16 542,4 991,11 551,746,"39,0 %","48,90","1,02","0,1 %"
PRIVÉ,590817458,CLINIQUE DE LA VICTOIRE,M12,11 332,1 525,9 807,2 756,"40,5 %","53,88","0,65","0,2 %"
PRIVÉ,590817839,POLYCLINIQUE DU VAL DE LYS,M12,57,47,1 à 10,0,"38,6 %","83,42","8,04","12,3 %"
PRIVÉ,600010862,SAS CENTRE CHIRURGICAL DE CHANTILLY,M12,7 406,751,6 655,0,"43,5 %","64,37","0,21","0,0 %"
PRIVÉ,600013999,CENTRE CHIRURGICAL,M12,4 369,0,4 369,0,"43,6 %","55,62","0,00","0,0 %"
PRIVÉ,600100184,CLINIQUE LE VALOIS,M12,323,304,19,1 à 10,"42,2 %","81,07","15,60","8,6 %"
PRIVÉ,600100754,POLYCLINIQUE SAINT-COME SA,M12,28 696,8 779,19 917,22 500,"47,6 %","58,54","0,75","0,3 %"
PRIVÉ,600100861,ECR IMB BRETEUIL,M12,95,92,1 à 10,0,"49,5 %","69,74","7,78","2,1 %"
PRIVÉ,600110175,CLINIQUE DU PARC SAINT LAZARE,M12,11 961,3 511,8 450,112,"49,7 %","55,79","0,49","0,0 %"
PRIVÉ,610006421,CLINIQUE D'ALENCON,M12,6 063,1 166,4 897,45,"46,2 %","56,10","0,35","0,0 %"
PRIVÉ,620006049,CLINIQUE DE ST OMER,M12,11 759,3 189,8 570,216,"47,0 %","55,62","0,76","0,0 %"
PRIVÉ,620024208,CLINIQUE NÉPHROLOGIQUE DE L'AUDOMAROIS,M12,0,0,0,15 743,"59,6 %","69,95","0,00","0,0 %"
PRIVÉ,620100099,HÔPITAL PRIVÉ ARRAS LES BONNETTES,M12,24 425,5 810,18 615,7 839,"40,4 %","57,57","0,73","0,4 %"
PRIVÉ,620100487,CLINIQUE DES ACACIAS,M12,4 386,1 166,3 220,297,"47,3 %","60,06","0,97","0,1 %"
PRIVÉ,620100735,POLYCLINIQUE DE L'ARTOIS,M12,12 749,3 390,9 359,4 474,"42,3 %","58,13","0,96","0,3 %"
PRIVÉ,620100750,CLINIQUE AMBROISE PARE,M12,9 435,2 277,7 158,5 629,"51,6 %","55,25","0,42","0,0 %"
PRIVÉ,620101311,CLINIQUE DES 2 CAPS,M12,17 230,3 856,13 374,4 476,"51,6 %","54,37","0,53","0,2 %"
PRIVÉ,620101501,POLYCLINIQUE DE BOIS-BERNARD SA,M12,23 858,12 330,11 528,30 225,"56,5 %","62,93","0,66","0,2 %"
PRIVÉ,620105940,POLYCLINIQUE DU TERNOIS,M12,236,236,0,107,"40,5 %","68,53","12,05","4,7 %"
PRIVÉ,620116046,SAS CLINIQUE CHIRURGICALE DES 7 VALLEES,M12,3 248,0,3 248,22,"46,3 %","59,85","0,00","0,0 %"
PRIVÉ,620118513,CENTRE MÉDICO CHIRURGICAL ET OBSTÉTRICAL COTE D'OPALE,M12,21 161,9 263,11 898,6 818,"48,4 %","56,84","1,22","0,7 %"
PRIVÉ,630780211,POLE SANTÉ REPUBLIQUE - CLERMONT,M12,30 691,12 137,18 554,12 174,"45,9 %","59,53","1,01","0,5 %"
PRIVÉ,630780369,CLINIQUE DE LA PLAINE - CLERMONT,M12,16 611,1 042,15 569,0,"45,8 %","55,34","0,07","0,0 %"
PRIVÉ,630781821,CLINIQUE DU GRAND PRE - DURTOL,M12,535,534,1 à 10,0,"35,7 %","84,44","15,02","5,8 %"
PRIVÉ,630781839,CLINIQUE CHATAIGNERAIE - BEAUMONT,M12,46 204,13 550,32 654,710,"49,9 %","51,60","0,97","0,1 %"
PRIVÉ,640005336,ANTENNE D'AUTODIALYSE NEPHROCARE - ORTHEZ,M12,0,0,0,5 780,"69,3 %","73,54","0,00","0,0 %"
PRIVÉ,640005591,LES JEUNES CHENES,M12,390,390,0,0,"32,6 %","79,96","9,78","3,8 %"
PRIVÉ,640016580,CENTRE DE CARDIOLOGIE DU PAYS BASQUE,M12,8 135,5 347,2 788,1 à 10,"68,5 %","70,37","1,82","0,7 %"
PRIVÉ,640018206,CLINIQUE BELHARRA,M12,38 948,14 145,24 803,10 308,"44,1 %","55,63","1,16","0,4 %"
PRIVÉ,640019634,GCS COTE BASQUE SUD,M12,962,960,1 à 10,0,"36,8 %","87,78","9,88","9,9 %"
PRIVÉ,640020988,CENTRE D'AUTODIALYSE NEPHROCARE - OLORON STE MARIE,M12,0,0,0,3 381,"70,3 %","72,15","0,00","0,0 %"
PRIVÉ,640780268,CLINIQUE DELAY,M12,11 208,961,10 247,2 905,"47,7 %","61,82","0,23","0,2 %"
PRIVÉ,640780490,CAPIO CLINIQUE AGUILERA,M12,25 533,5 726,19 807,1 117,"50,1 %","56,22","0,84","0,5 %"
PRIVÉ,640780623,CENTRE MÉDICAL ANNIE ENIA,M12,322,316,1 à 10,0,"53,4 %","75,25","17,91","82,9 %"
PRIVÉ,640780672,CLINIQUE MARIENIA,M12,710,0,710,0,"53,7 %","53,96","0,00","0,0 %"
PRIVÉ,640780748,POLYCLINIQUE COTE BASQUE SUD,M12,15 838,3 516,12 322,2 396,"47,2 %","62,73","0,62","0,3 %"
PRIVÉ,640780938,POLYCLINIQUE PAU PYRENEES SITE MARZET,M12,4 555,1 756,2 799,9 546,"42,7 %","63,89","0,89","1,1 %"
PRIVÉ,640780946,POLYCLINIQUE PAU PYRENEES SITE NAVARRE,M12,34 659,12 212,22 447,466,"46,2 %","55,57","1,22","0,1 %"
PRIVÉ,640781225,CLINIQUE MEDICALE CARDIOLOGIQUE ARESSY,M12,10 899,3 233,7 666,206,"55,2 %","63,51","1,25","0,5 %"
PRIVÉ,640781308,CLINIQUE PRINCESS,M12,3 728,0,3 728,1 à 10,"19,8 %","43,97","0,00","0,0 %"
PRIVÉ,640781332,NEPHROCARE BEARN-CTRE DIALYSE DU BEARN,M12,1 à 10,1 à 10,0,29 413,"68,1 %","72,83","0,00","0,0 %"
PRIVÉ,640789640,CENTRE D'HEMODIALYSE CLINIQUE DELAY,M12,0,0,0,18 669,"64,8 %","72,64","0,00","0,0 %"
PRIVÉ,650002579,CLINIQUE ORMEAU PYRENEES,M12,13 839,3 189,10 650,128,"53,4 %","62,58","0,69","0,1 %"
PRIVÉ,650780679,CLINIQUE ORMEAU SITE CENTRE,M12,10 672,4 984,5 688,7 157,"42,8 %","61,90","1,22","0,8 %"
PRIVÉ,660005182,AIDER UAD D'ELNE,M12,0,0,0,2 586,"76,5 %","63,01","0,00","0,0 %"
PRIVÉ,660005190,AIDER UAD DE FONT ROMEU,M12,0,0,0,103,"72,8 %","65,58","0,00","0,0 %"
PRIVÉ,660005208,AIDER UAD DU BOULOU,M12,0,0,0,1 667,"92,2 %","70,18","0,00","0,0 %"
PRIVÉ,660005216,AIDER UAD DE PERPIGNAN,M12,0,0,0,10 479,"61,7 %","66,42","0,00","0,0 %"
PRIVÉ,660006305,LA CLINIQUE MUTUALISTE CATALANE,M12,21 781,4 400,17 381,1 242,"45,6 %","60,79","0,52","0,0 %"
,660013137,,,0,0,0,1 654,"75,0 %","59,90","0,00","0,0 %"
PRIVÉ,660780628,CLINIQUE DU VALLESPIR,M12,3 956,1 241,2 715,1 à 10,"48,2 %","68,81","1,75","1,6 %"
PRIVÉ,660780669,CLINIQUE NOTRE DAME D ESPERANCE,M12,8 148,4 943,3 205,40,"23,6 %","29,14","2,04","0,1 %"
PRIVÉ,660780776,CLINIQUE SAINT MICHEL,M2,660,213,447,1 à 10,"47,8 %","61,31","1,53","0,3 %"
PRIVÉ,660780784,CLINIQUE SAINT PIERRE,M12,24 683,12 459,12 224,20 935,"51,4 %","65,96","1,24","0,7 %"
PRIVÉ,660790387,POLYCLINIQUE SAINT ROCH,M12,31 040,9 541,21 499,30 649,"60,3 %","69,49","0,58","0,2 %"
PRIVÉ,670002187,CENTRE D'AUTODIALYSE DE L'AURAL STRASBOURG,M12,0,0,0,29 221,"63,1 %","58,93","0,00","0,0 %"
PRIVÉ,670013325,CENTRE AUTONOME ENDOSCOPIE DIGESTIVE,M12,6 055,0,6 055,561,"40,7 %","55,81","0,00","0,0 %"
PRIVÉ,670013341,ENDOSAV,M12,2 514,0,2 514,108,"47,5 %","58,98","0,00","0,0 %"
PRIVÉ,670013895,CENTRE D'AUTODIALYSE AURAL SAVERNE,M12,0,0,0,9 223,"53,4 %","71,71","0,00","0,0 %"
PRIVÉ,670014455,CENTRE DE DIALYSE CHRONIQUE STRASBOURG,M12,0,0,0,17 493,"57,5 %","69,86","0,00","0,0 %"
PRIVÉ,670018068,CLINIQUE RHENA GCS,M12,66 144,18 808,47 336,1 à 10,"49,7 %","55,89","0,80","0,0 %"
PRIVÉ,670780170,CLINIQUE DE L'ORANGERIE STRASB.,M12,16 364,3 304,13 060,9 514,"37,6 %","59,48","0,60","0,3 %"
PRIVÉ,670780378,CLINIQUE SAINT-FRANCOIS HAGUENAU,M12,20 278,3 226,17 052,2 602,"53,6 %","55,14","0,47","0,0 %"
PRIVÉ,670780386,CLINIQUE SAINTE ODILE HAGUENAU,M12,11 450,3 663,7 787,279,"52,5 %","59,78","0,66","0,1 %"
PRIVÉ,670795921,UNITÉ D'AUTODIALYSE AURAL HAGUENAU,M12,0,0,0,17 725,"61,4 %","67,85","0,00","0,0 %"
PRIVÉ,670799667,AURAL CLINIQUE SAINTE ANNE,M12,0,0,0,11 318,"66,8 %","69,25","0,00","0,0 %"
PRIVÉ,680000320,CLINIQUE DIACONAT FONDERIE,M12,30 539,11 118,19 421,208,"47,0 %","58,76","1,23","0,3 %"
PRIVÉ,680000338,CENTRE DE DIALYSE DIAVERUM MULHOUSE,M12,0,0,0,26 937,"62,1 %","70,89","0,00","0,0 %"
PRIVÉ,680000494,CLINIQUE DIACONAT ROOSEVELT,M12,22 922,8 533,14 389,786,"50,8 %","57,60","1,44","0,2 %"
PRIVÉ,680010824,UNITÉ D'AUTODIALYSE AURAL COLMAR,M12,0,0,0,19 399,"65,2 %","69,51","0,00","0,0 %"
PRIVÉ,680013778,UNITÉ D'AUTODIALYSE AURAL MULHOUSE,M12,0,0,0,16 954,"57,2 %","65,81","0,00","0,0 %"
PRIVÉ,680020823,UNITÉ DE DIALYSE AURAL SAINT-LOUIS,M12,0,0,0,4 217,"52,5 %","68,61","0,00","0,0 %"
PRIVÉ,690022959,HÔPITAL PRIVÉ MERE ENFANT NATECIA,M12,18 095,7 677,10 418,286,"34,3 %","36,09","1,65","0,0 %"
PRIVÉ,690023239,CLINIQUE DU PARC,M12,20 450,4 826,15 624,93,"45,0 %","49,77","0,63","0,0 %"
PRIVÉ,690023411,HÔPITAL PRIVÉ JEAN MERMOZ,M12,35 424,12 380,23 044,22 232,"47,5 %","58,26","0,89","0,4 %"
PRIVÉ,690029186,ENDO LYON SUD OUEST,M12,2 618,0,2 618,0,"46,2 %","60,13","0,00","0,0 %"
PRIVÉ,690030770,ATIRRA CENTRE DE DIALYSE GLEIZE,M12,0,0,0,14 524,"61,6 %","69,18","0,00","0,0 %"
PRIVÉ,690031513,NEPHROCARE RILLIEUX,M12,0,0,0,2 859,"63,0 %","74,17","0,00","0,0 %"
PRIVÉ,690041124,MEDIPOLE HÔPITAL PRIVÉ,M12,45 850,11 261,34 589,19 777,"56,7 %","60,66","0,68","0,3 %"
PRIVÉ,690043476,CLINIQUE DU PARC - CAK,M12,2 391,0,2 391,0,"40,2 %","73,47","0,00","0,0 %"
,690054713,,,7 935,1 968,5 967,38,"48,1 %","55,29","0,90","0,2 %"
PRIVÉ,690780226,CLINIQUE DE LA PART-DIEU,M12,3 801,0,3 801,0,"41,4 %","65,54","0,00","0,0 %"
PRIVÉ,690780259,CLINIQUE SAINT-CHARLES,M12,10 937,1 256,9 681,0,"42,9 %","53,13","0,22","0,0 %"
PRIVÉ,690780358,CLINIQUE DU VAL D'OUEST-VENDOME,M12,32 688,9 477,23 211,2 305,"39,7 %","40,31","0,89","0,1 %"
PRIVÉ,690780366,CLINIQUE CHARCOT,M12,16 677,5 134,11 543,4 534,"42,3 %","60,81","0,78","0,3 %"
PRIVÉ,690780390,POLYCLINIQUE DE RILLIEUX,M12,14 800,4 943,9 857,2 352,"45,8 %","58,74","1,14","0,5 %"
PRIVÉ,690780499,NEPHROCARE TASSIN-CHARCOT,M12,0,0,0,36 981,"64,6 %","70,80","0,00","0,0 %"
PRIVÉ,690780648,CLINIQUE DE LA SAUVEGARDE,M12,32 730,9 405,23 325,6 763,"52,2 %","57,76","0,98","0,5 %"
PRIVÉ,690780655,HÔPITAL PRIVÉ DE L'EST LYONNAIS,M12,13 914,4 237,9 677,1 521,"44,9 %","55,55","1,16","0,6 %"
PRIVÉ,690780663,CLINIQUE TRENEL,M12,17 975,4 816,13 159,3 251,"49,9 %","56,78","0,56","0,2 %"
PRIVÉ,690791082,CENTRE SPECIALISE LES BRUYERES,M12,624,618,1 à 10,0,"78,7 %","44,14","5,83","0,0 %"
PRIVÉ,690793468,INFIRMERIE PROTESTANTE DE LYON,M12,30 780,9 150,21 630,9 080,"49,2 %","61,59","0,99","0,5 %"
PRIVÉ,690807367,POLYCLINIQUE DU BEAUJOLAIS,M12,19 002,5 313,13 689,2 873,"47,3 %","53,13","0,87","0,2 %"
PRIVÉ,700780174,CLINIQUE ST MARTIN,M12,6 942,1 148,5 794,26,"50,8 %","63,41","0,27","0,0 %"
PRIVÉ,710006859,POLYCLINIQUE DU VAL DE SAONE,M12,15 073,3 832,11 241,3 016,"48,2 %","61,21","0,75","0,3 %"
PRIVÉ,710780917,HÔPITAL PRIVÉ SAINTE MARIE,M12,16 940,3 794,13 146,12 295,"50,4 %","64,06","0,71","0,6 %"
PRIVÉ,710781410,CLINIQUE DU PARC,M12,3 087,832,2 255,21,"49,4 %","62,74","1,02","0,1 %"
PRIVÉ,710781824,CENTRE ORTHOPEDIQUE MEDICO-CHIR,M12,4 974,2 616,2 358,0,"50,8 %","58,27","1,85","0,0 %"
PRIVÉ,720000199,CLINIQUE DU PRE,M12,24 684,6 744,17 940,308,"53,0 %","57,03","1,01","0,1 %"
PRIVÉ,720000231,CLINIQUE DU TERTRE ROUGE,M12,6 538,4 048,2 490,62,"13,2 %","28,95","2,42","0,1 %"
PRIVÉ,720000249,CLINIQUE VICTOR HUGO,M12,1 738,1 216,522,19 733,"47,0 %","66,87","0,66","1,1 %"
PRIVÉ,720003441,CENTRE DIALYSE ECHO LE MANS CH,M12,0,0,0,8 556,"59,4 %","66,01","0,00","0,0 %"
PRIVÉ,720017748,CENTRE MÉDICO-CHIRURGICAL DU MANS,M12,35 262,12 465,22 797,884,"51,6 %","60,83","1,50","0,6 %"
PRIVÉ,720017839,CENTRE DIALYSE ECHO LE MANS PSS,M12,0,0,0,17 214,"63,7 %","71,64","0,00","0,0 %"
PRIVÉ,730004298,HÔPITAL PRIVÉ MEDIPOLE DE SAVOIE,M12,32 649,8 654,23 995,9 232,"47,7 %","58,78","0,72","0,4 %"
PRIVÉ,730012499,GCS CLINIQUE HERBERT,M12,6 062,1 583,4 479,0,"48,2 %","57,05","0,81","0,0 %"
PRIVÉ,740011515,CENTRE D'HEMODIALYSE ALPES LÉMAN,M12,0,0,0,6 057,"62,3 %","68,10","0,00","0,0 %"
PRIVÉ,740014345,HÔPITAL PRIVÉ PAYS DE SAVOIE,M12,31 230,8 059,23 171,3 800,"46,5 %","52,23","0,86","0,2 %"
PRIVÉ,740780416,CLINIQUE DU LAC ET D'ARGONAY,M12,16 794,6 417,10 377,300,"52,7 %","54,48","0,95","0,1 %"
PRIVÉ,740780424,CLINIQUE GENERALE ANNECY,M12,24 730,5 991,18 739,5 258,"43,2 %","53,17","0,67","0,3 %"
PRIVÉ,740788617,CENTRE DE DIALYSE SFDTM DU MONT BLANC,M12,0,0,0,11 525,"64,6 %","66,13","0,00","0,0 %"
PRIVÉ,750047318,CENTRE DIAVERUM PARIS SAINT MAUR,M12,0,0,0,6 077,"72,4 %","51,72","0,00","0,0 %"
PRIVÉ,750066813,DIAVERUM PARIS BOURET,M12,0,0,0,10 671,"60,5 %","60,43","0,00","0,0 %"
PRIVÉ,750300014,SA CLINIQUE DU LOUVRE,M12,14 352,683,13 669,109,"43,3 %","54,09","0,06","0,0 %"
PRIVÉ,750300071,CLINIQUE GEOFFROY ST HILAIRE,M12,24 447,4 339,20 108,235,"40,5 %","58,92","0,59","0,0 %"
PRIVÉ,750300089,CLINIQUE DU SPORT,M12,7 118,2 109,5 009,0,"60,0 %","43,50","0,75","0,0 %"
PRIVÉ,750300097,INSTITUT ARTHUR VERNES,M12,5 397,556,4 841,1 à 10,"49,8 %","47,89","0,11","0,0 %"
PRIVÉ,750300121,FOND ST JEAN DE DIEU CLINIQUE OUDINOT,M12,15 115,2 633,12 482,4 873,"30,1 %","56,87","0,29","0,0 %"
PRIVÉ,750300139,CLINIQUE DE L ALMA,M12,11 242,2 705,8 537,13 539,"52,3 %","61,05","0,24","0,0 %"
PRIVÉ,750300154,CLINIQUE TURIN,M12,25 683,6 356,19 327,25 254,"59,2 %","62,11","0,27","0,0 %"
PRIVÉ,750300360,HÔPITAL PRIVÉ DES PEUPLIERS,M12,32 455,6 378,26 077,4 267,"48,3 %","54,62","0,43","0,1 %"
PRIVÉ,750300493,CLINIQUE ARAGO,M12,5 163,3 288,1 875,94,"44,8 %","59,34","2,55","0,0 %"
PRIVÉ,750300550,CLINIQUE SAINTE GENEVIEVE,M12,10 333,766,9 567,45,"37,5 %","60,75","0,08","0,0 %"
PRIVÉ,750300592,CLINIQUE BLOMET,M12,4 060,894,3 166,0,"43,4 %","49,51","0,35","0,0 %"
PRIVÉ,750300667,MATERNITE SAINTE FELICITE,M12,5 857,5 804,53,1 à 10,"25,3 %","17,20","4,84","0,1 %"
PRIVÉ,750300741,CLINIQUE VICTOR HUGO,M12,9 287,160,9 127,1 à 10,"42,2 %","52,79","0,02","0,0 %"
PRIVÉ,750300766,CLINIQUE BIZET,M12,16 170,5 176,10 994,4 492,"40,5 %","54,36","0,98","0,4 %"
PRIVÉ,750300774,CLINIQUE JOUVENET,M12,12 841,2 196,10 645,20,"43,2 %","61,22","0,58","0,0 %"
PRIVÉ,750300840,CLINIQUE DE LA MUETTE,M12,13 342,3 502,9 840,164,"22,0 %","47,91","0,63","0,0 %"
PRIVÉ,750300857,CLINIQUE REMUSAT,M12,5 283,601,4 682,101,"47,4 %","45,43","0,15","0,0 %"
PRIVÉ,750300881,CLINIQUE DU TROCADERO,M12,14 212,1 710,12 502,16,"39,2 %","50,74","0,20","0,0 %"
PRIVÉ,750300915,CLINIQUE INTERNATIONALE PARC MONCEAU,M12,11 435,2 506,8 929,16 903,"50,2 %","58,15","0,18","0,0 %"
PRIVÉ,750300931,CLINIQUE SAINTE-THERESE,M12,2 825,1 961,864,36,"23,6 %","25,98","2,54","0,0 %"
PRIVÉ,750301137,CLINIQUE ALLERAY LABROUSTE,M12,12 151,3 529,8 622,17,"50,6 %","58,23","1,29","0,5 %"
PRIVÉ,750301145,CLINIQUE DU MONT LOUIS,M12,22 550,4 681,17 869,53,"43,7 %","51,06","0,88","0,2 %"
PRIVÉ,750301160,CLINIQUE DES MAUSSINS,M12,7 973,2 272,5 701,47,"52,7 %","49,18","1,05","0,0 %"
PRIVÉ,750790164,CLINIQUE ROOSEVELT,M12,75,0,75,0,"61,3 %","70,61","0,00","0,0 %"
PRIVÉ,750814824,CENTRE DE DIALYSE RENE MOREAU ANDRA,M12,0,0,0,16 433,"67,9 %","61,37","0,00","0,0 %"
PRIVÉ,750829053,CENTRE D'AUTODIALYSE CLINIQUE ALMA,M12,0,0,0,2 848,"82,4 %","57,58","0,00","0,0 %"
PRIVÉ,750831067,CENTRE DIAVERUM PARIS MONT LOUIS,M12,0,0,0,16 001,"63,4 %","66,13","0,00","0,0 %"
PRIVÉ,760021329,HÔPITAL PRIVÉ DE L'ESTUAIRE,M12,30 410,11 586,18 824,29 582,"49,2 %","63,91","0,85","0,5 %"
PRIVÉ,760025312,CLINIQUE MATHILDE,M12,37 543,10 824,26 719,9 906,"37,7 %","53,75","0,85","0,3 %"
PRIVÉ,760027292,POLYCLINIQUE MEGIVAL,M12,7 667,1 585,6 082,1 356,"51,5 %","58,79","0,54","0,2 %"
,760041368,,,2 553,607,1 946,0,"50,9 %","60,85","0,76","0,0 %"
PRIVÉ,760780205,CLINIQUE SAINT ANTOINE,M12,5 232,1 081,4 151,1 à 10,"36,8 %","43,93","0,44","0,0 %"
PRIVÉ,760780510,CLINIQUE DU CEDRE,M12,20 701,6 675,14 026,2 696,"50,7 %","59,42","0,92","0,2 %"
PRIVÉ,760780619,CLINIQUE SAINT HILAIRE,M12,26 989,9 207,17 782,5 896,"50,5 %","61,58","0,87","0,3 %"
PRIVÉ,760780668,CLINIQUE HEMERA PAYS DE CAUX,M12,6 952,1 à 10,6 951,60,"42,0 %","58,89","0,00","0,0 %"
PRIVÉ,760780783,CLINIQUE TOUS VENTS,M12,3 277,661,2 616,65,"46,3 %","58,76","0,75","0,1 %"
PRIVÉ,760780791,CLINIQUE DES ORMEAUX,M12,10 537,3 706,6 831,3 996,"51,4 %","55,42","0,82","0,6 %"
PRIVÉ,760783159,CLINIQUE DES ESSARTS,M12,1 059,1 053,1 à 10,0,"74,7 %","46,20","4,51","0,0 %"
PRIVÉ,760921809,CLINIQUE DE L'EUROPE,M12,19 949,6 678,13 271,19 033,"56,5 %","63,45","0,74","0,1 %"
PRIVÉ,770016087,CENTRE DIALYSE DIAVERUM MONTEREAU,M12,0,0,0,15 406,"52,1 %","71,25","0,00","0,0 %"
PRIVÉ,770020055,CENTRE NEPHROCARE MARNE LA VALLEE,M12,19,19,0,38 405,"55,8 %","68,29","0,01","0,0 %"
PRIVÉ,770300010,HÔPITAL PRIVÉ DE MARNE CHANTEREINE,M12,14 205,4 453,9 752,2 467,"47,4 %","54,84","1,93","0,7 %"
PRIVÉ,770300135,CLINIQUE MÉDICO-CHIRURGICALE LES FONTAINES,M12,10 959,4 590,6 369,59,"54,1 %","60,08","2,00","0,7 %"
PRIVÉ,770300143,POLYCLINIQUE SAINT JEAN,M12,18 017,3 154,14 863,5 572,"52,0 %","58,39","0,44","0,2 %"
PRIVÉ,770790707,CLINIQUE DE TOURNAN,M12,10 632,3 073,7 559,11 320,"53,2 %","61,24","0,64","0,2 %"
PRIVÉ,770809028,CENTRE DIALYSE DIAVERUM AVON,M12,0,0,0,11 997,"69,5 %","65,93","0,00","0,0 %"
PRIVÉ,770813400,CLINIQUE SAINT FARON,M12,11 700,1 436,10 264,951,"47,5 %","56,77","0,24","0,0 %"
PRIVÉ,780018727,CLINIQUE SAINT GERMAIN,M12,8 681,2 779,5 902,16 125,"57,0 %","59,78","0,44","0,1 %"
PRIVÉ,780022737,POLYCLINIQUE DE MAISONS LAFFITTE,M12,2 195,2 172,23,62,"43,0 %","67,48","8,01","4,6 %"
PRIVÉ,780300075,CENTRE CARDIOLOGIQUE D EVECQUEMONT,M12,4 667,4 061,606,33,"63,0 %","66,78","3,80","0,9 %"
PRIVÉ,780300125,POLYCLINIQUE LA REGION MANTAISE,M12,12 987,2 093,10 894,20 415,"56,9 %","62,34","0,26","0,1 %"
PRIVÉ,780300208,CLINIQUE SAINT LOUIS,M12,11 708,1 973,9 735,213,"49,9 %","49,08","0,43","0,0 %"
PRIVÉ,780300323,CLINIQUE DES FRANCISCAINES,M12,22 535,7 166,15 369,817,"45,4 %","51,57","0,99","0,0 %"
PRIVÉ,780300406,CENTRE MÉDICO-CHIRURGICAL DE PARLY II,M12,23 413,7 684,15 729,164,"48,6 %","58,18","1,45","0,2 %"
PRIVÉ,780300414,CENTRE MÉDICO-CHIRURGICAL EUROPE,M12,20 504,4 754,15 750,21 372,"52,9 %","64,22","0,73","0,5 %"
PRIVÉ,780300422,HÔPITAL PRIVÉ OUEST,M12,30 623,7 953,22 670,21 758,"53,1 %","58,33","0,72","0,2 %"
PRIVÉ,780300455,CH PRIVÉ DU MONTGARDE,M12,14 237,1 853,12 384,199,"54,6 %","51,91","0,71","0,4 %"
PRIVÉ,790009948,POLYCLINIQUE INKERMANN,M12,16 648,5 852,10 796,405,"47,1 %","60,35","1,17","0,3 %"
PRIVÉ,800002503,SA SAINTE ISABELLE,M12,9 595,2 104,7 491,22 082,"59,1 %","67,28","0,17","0,0 %"
PRIVÉ,800009466,POLYCLINIQUE DE PICARDIE,M12,14 773,3 717,11 056,69,"52,5 %","55,04","0,77","0,1 %"
PRIVÉ,800009920,SA CLINIQUE VICTOR PAUCHET,M12,31 297,13 221,18 076,1 106,"38,6 %","50,46","1,79","0,8 %"
PRIVÉ,800013179,SAS CLINIQUE DE L'EUROPE,M12,6 486,2 292,4 194,14 944,"44,2 %","64,28","0,37","0,3 %"
PRIVÉ,800015729,SAS CARDIOLOGIE ET URGENCES,M12,6 466,3 347,3 119,65,"59,7 %","66,77","1,39","0,6 %"
PRIVÉ,800018491,CCO SOPP AMIENS,M12,6 295,0,6 295,0,"42,0 %","71,69","0,00","0,0 %"
PRIVÉ,810000224,CENTRE MÉDICO CHIRURGICAL ET OBSTÉTRICAL CLAUDE BERNARD,M12,21 601,9 954,11 647,33 509,"57,6 %","68,74","0,86","0,4 %"
PRIVÉ,810101170,CLINIQUE TOULOUSE LAUTREC,M12,12 985,3 240,9 745,380,"57,9 %","65,47","0,67","0,1 %"
PRIVÉ,810101444,CLINIQUE DU SIDOBRE,M12,12 895,4 774,8 121,2 031,"49,6 %","62,42","1,29","0,4 %"
PRIVÉ,820000040,CLINIQUE CROIX SAINT MICHEL,M12,10 890,4 130,6 760,654,"43,6 %","49,85","1,59","0,6 %"
PRIVÉ,820000057,CLINIQUE DU PONT DE CHAUME,M12,21 561,10 135,11 426,28 411,"56,3 %","67,04","0,93","0,7 %"
PRIVÉ,820000065,CLINIQUE DU DOCTEUR CAVE,M12,12 413,567,11 846,0,"45,0 %","65,87","0,06","0,0 %"
PRIVÉ,830012548,CENTRE D'HEMODIALYSE DE L'AVODD,M12,0,0,0,24 909,"66,1 %","72,53","0,00","0,0 %"
PRIVÉ,830012688,CENTRE NÉPHROLOGIQUE LES FLEURS,M12,0,0,0,20 829,"62,3 %","76,52","0,00","0,0 %"
PRIVÉ,830013819,UDM STE ANNE TOULON,M12,0,0,0,7 429,"63,0 %","75,73","0,00","0,0 %"
PRIVÉ,830017505,CENTRE DE DIALYSE DE L'AVODD,M12,0,0,0,18 932,"61,9 %","73,51","0,00","0,0 %"
PRIVÉ,830100103,CLINIQUE STE MARGUERITE,M12,6 417,1 450,4 967,6 448,"53,9 %","66,63","0,48","0,2 %"
PRIVÉ,830100251,CLINIQUE DU CAP D'OR,M12,12 036,3 977,8 059,3 927,"41,4 %","60,12","1,05","0,9 %"
PRIVÉ,830100319,POLYCLINIQUE LES FLEURS,M12,20 714,9 738,10 976,159,"61,4 %","68,60","1,79","0,9 %"
PRIVÉ,830100327,CLINIQUE LES LAURIERS,M12,10 757,1 304,9 453,153,"48,3 %","61,25","0,26","0,0 %"
PRIVÉ,830100368,CLINIQUE CHIRURGICALE DU GOLFE DE SAINT TROPEZ,M12,5 594,1 319,4 275,130,"50,0 %","59,97","0,81","0,1 %"
PRIVÉ,830100392,POLYCLINIQUE NOTRE DAME,M12,13 508,4 030,9 478,460,"53,3 %","64,58","0,91","0,3 %"
PRIVÉ,830100418,CLINIQUE NOTRE DAME DE LA MERCI,M12,7 000,1 122,5 878,1 à 10,"47,4 %","64,24","0,39","0,0 %"
PRIVÉ,830100434,CLINIQUE SAINT JEAN,M12,39 791,7 526,32 265,8 778,"42,8 %","51,63","0,65","0,3 %"
PRIVÉ,830100459,CLINIQUE SAINT MICHEL,M12,19 826,2 626,17 200,276,"44,1 %","59,86","0,29","0,0 %"
PRIVÉ,830100475,CLINIQUE SAINT ROCH,M12,6 986,1 960,5 026,54,"45,8 %","57,94","0,98","0,0 %"
PRIVÉ,830100855,CENTRE DE GÉRONTOLOGIE ST.FRANCOIS,M12,817,809,1 à 10,0,"34,5 %","84,33","9,54","2,4 %"
PRIVÉ,830213617,A.V.O.D.D.-AUTODIALYSE BRIGNOLES,M12,0,0,0,6 240,"60,5 %","69,15","0,00","0,0 %"
PRIVÉ,830213625,A.V.O.D.D.-AUTODIALYSE TOULON,M12,0,0,0,3 475,"53,9 %","72,12","0,00","0,0 %"
PRIVÉ,830215687,DIAVERUM DRAGUIGNAN CENTRE DE DIALYSE,M12,0,0,0,21 522,"72,9 %","69,50","0,00","0,0 %"
PRIVÉ,840000285,POLYCLINIQUE URBAIN V,M12,10 284,3 524,6 760,108,"25,4 %","48,32","0,88","0,0 %"
PRIVÉ,840000327,CLINIQUE DU DR MONTAGARD,M12,2 352,1 572,780,1 à 10,"46,1 %","59,52","2,22","0,0 %"
PRIVÉ,840000400,SYNERGIA LUBERON,M5,4 081,480,3 601,23,"44,6 %","56,13","0,39","0,0 %"
PRIVÉ,840000467,CAPIO CLINIQUE D'ORANGE,M12,7 940,1 663,6 277,100,"48,2 %","56,48","0,48","0,0 %"
PRIVÉ,840011043,CENTRE D'HEMODIALYSE DE L'ATIR,M12,0,0,0,28 614,"66,8 %","71,63","0,00","0,0 %"
PRIVÉ,840012538,ATIR AUTODIALYSE ISLE SUR SORGUE,M12,0,0,0,796,"58,0 %","61,62","0,00","0,0 %"
PRIVÉ,840013312,CLINIQUE RHONE DURANCE,M12,14 548,7 744,6 804,715,"68,7 %","68,34","1,38","0,2 %"
PRIVÉ,840013445,CLINIQUE FONTVERT ST FRANCOIS,M12,23 051,1 575,21 476,186,"49,0 %","56,29","0,16","0,0 %"
PRIVÉ,840017172,SYNERGIA VENTOUX,M12,10 667,2 725,7 942,240,"52,8 %","60,17","0,97","0,2 %"
PRIVÉ,840017222,ATIR CENTRE D'HÉMODIALYSE,M12,0,0,0,19 593,"67,5 %","72,46","0,00","0,0 %"
PRIVÉ,840017461,HEMODIALYSE ATIR CH ORANGE,M12,0,0,0,17 866,"55,9 %","73,33","0,00","0,0 %"
PRIVÉ,840018642,ATIR UAD APT,M12,0,0,0,1 572,"71,4 %","64,19","0,00","0,0 %"
PRIVÉ,840018774,ATIR UNITE DIALYSE MEDIC CAVAILLON,M12,0,0,0,6 477,"61,2 %","71,65","0,00","0,0 %"
PRIVÉ,850000118,CLINIQUE SAINT CHARLES,M12,22 157,4 783,17 374,68,"46,3 %","52,10","0,76","0,2 %"
PRIVÉ,850000126,CLINIQUE SUD VENDEE,M12,8 694,2 044,6 650,170,"50,8 %","63,54","0,87","0,2 %"
PRIVÉ,850000134,CLINIQUE CHIRURGICALE PORTE OCEANE,M12,12 544,3 432,9 112,1 à 10,"50,5 %","62,96","1,02","0,1 %"
PRIVÉ,850009333,DIALYSE ECHO LA ROCHE SUR YON,M12,0,0,0,10 809,"61,4 %","67,75","0,00","0,0 %"
PRIVÉ,850011271,DIALYSE ECHO CHALLANS,M12,0,0,0,6 931,"64,9 %","71,31","0,00","0,0 %"
PRIVÉ,850022047,DIALYSE ECHO ILE D'YEU,M12,0,0,0,564,"88,1 %","65,00","0,00","0,0 %"
PRIVÉ,850023151,DIALYSE ECHO FONTENAY LE COMTE,M12,0,0,0,4 213,"57,9 %","72,25","0,00","0,0 %"
PRIVÉ,850025156,CENTRE DIALYSE ECHO OLONNES SUR MER,M12,0,0,0,11 564,"59,9 %","71,63","0,00","0,0 %"
PRIVÉ,860010321,POLYCLINIQUE DE POITIERS,M12,25 434,7 472,17 962,395,"52,0 %","54,40","0,82","0,1 %"
PRIVÉ,860780311,CLINIQUE DE CHATELLERAULT,M12,5 400,1 089,4 311,18,"46,3 %","61,50","0,77","0,1 %"
PRIVÉ,860780568,CLINIQUE FIEF DE GRIMOIRE,M12,8 151,2 878,5 273,117,"25,0 %","53,89","1,04","0,0 %"
PRIVÉ,870000080,UNITÉ DE DIALYSE LIMOGES BUISSON,M12,0,0,0,12 602,"66,0 %","69,95","0,00","0,0 %"
PRIVÉ,870000288,CLINIQUE FRANÇOIS CHENIEUX,M12,46 477,15 980,30 497,13 344,"46,0 %","63,86","1,17","0,6 %"
PRIVÉ,870000411,CLINIQUE EMAILLEURS-COLOMBIER LIMOGES,M12,12 801,6 374,6 427,161,"36,8 %","47,81","1,76","0,1 %"
PRIVÉ,880788591,POLYCLINIQUE LA LIGNE BLEUE,M12,13 617,5 801,7 816,20 066,"59,5 %","66,42","0,67","0,1 %"
PRIVÉ,890000169,CLINIQUE PAUL PICQUET SENS,M12,16 978,3 418,13 560,1 998,"46,3 %","58,42","0,57","0,2 %"
PRIVÉ,890002389,POLYCLINIQUE STE MARGUERITE AUXERRE,M12,15 252,2 969,12 283,2 059,"50,4 %","63,30","0,75","0,3 %"
PRIVÉ,900000035,HÔPITAL PRIVÉ DE LA MIOTTE,M12,13 096,1 400,11 696,198,"46,9 %","59,19","0,26","0,0 %"
PRIVÉ,910002609,CENTRE D'HEMODIALYSE D'ATHIS,M12,0,0,0,20 158,"59,5 %","64,54","0,00","0,0 %"
PRIVÉ,910009349,CENTRE D'HEMODIALYSE D ETAMPES,M12,0,0,0,17 236,"63,4 %","70,96","0,00","0,0 %"
PRIVÉ,910015965,CLINIQUE LE MOULIN DE VIRY,M12,624,621,1 à 10,0,"39,1 %","80,92","10,21","3,4 %"
PRIVÉ,910022037,UDM NEPHROCARE ILE DE FRANCE,M12,0,0,0,5 588,"60,8 %","67,87","0,00","0,0 %"
PRIVÉ,910300011,CLINIQUE DES CHARMILLES,M12,12 278,1 278,11 000,155,"46,9 %","50,69","0,18","0,0 %"
PRIVÉ,910300060,CLINIQUE GERIATRIQUE LES VALLEES,M12,449,446,1 à 10,0,"29,2 %","86,76","9,20","1,3 %"
PRIVÉ,910300144,CENTRE MÉDICO-CHIRURGICAL ET OBST,M12,15 062,5 372,9 690,30 955,"54,5 %","60,18","0,56","0,2 %"
PRIVÉ,910300177,CLINIQUE DE L'YVETTE,M12,17 004,5 877,11 127,222,"44,6 %","49,05","1,30","0,3 %"
PRIVÉ,910300219,HÔPITAL PRIVÉ JACQUES CARTIER,M12,23 676,11 875,11 801,10 689,"57,0 %","65,76","1,82","0,6 %"
PRIVÉ,910300300,HÔPITAL PRIVÉ DU VAL D'YERRES,M12,7 827,2 620,5 207,2 072,"52,9 %","57,39","2,16","1,9 %"
PRIVÉ,910300326,CLINIQUE PASTEUR,M12,1 177,702,475,5 691,"44,1 %","66,98","0,89","1,0 %"
PRIVÉ,910300359,HÔPITAL PRIVÉ D ATHIS MONS,M12,11 723,1 279,10 444,67,"51,6 %","53,62","0,68","0,5 %"
PRIVÉ,910803543,CH PRIVÉ CLAUDE GALIEN,M12,27 936,9 388,18 548,23 133,"54,8 %","57,75","0,95","0,4 %"
PRIVÉ,910805357,CLINIQUE DE L ESSONNE,M12,16 211,2 941,13 270,389,"53,1 %","39,98","0,75","0,1 %"
PRIVÉ,910813963,UNITÉ D'AUTODIALYSE DE BIEVRES,M12,0,0,0,10 559,"63,0 %","59,93","0,00","0,0 %"
PRIVÉ,920008539,HÔPITAL AMERICAIN 2,M12,1 à 10,1 à 10,0,10 637,"53,8 %","71,22","0,01","0,0 %"
PRIVÉ,920029550,CH A PARE HARTMANN P CHEREST,M12,37 150,14 330,22 820,15 598,"48,9 %","59,64","1,31","0,5 %"
PRIVÉ,920300043,HÔPITAL PRIVÉ D ANTONY,M12,44 165,16 933,27 232,27 636,"48,1 %","56,79","1,17","0,5 %"
PRIVÉ,920300183,CENTRE CHIRURGICAL DES PRINCES,M12,17 306,952,16 354,124,"39,0 %","53,16","0,07","0,0 %"
PRIVÉ,920300191,C.C.B.B. MARCEL SEMBAT,M12,11 700,1 466,10 234,110,"59,1 %","26,08","0,27","0,0 %"
PRIVÉ,920300266,CLINIQUE DU PLATEAU,M12,1 538,834,704,366,"37,6 %","69,05","2,78","4,3 %"
PRIVÉ,920300415,CLINIQUE LAMBERT,M12,14 799,1 842,12 957,20 367,"55,0 %","59,73","0,20","0,1 %"
PRIVÉ,920300597,CLINIQUE DE MEUDON LA FORET,M12,14 826,3 801,11 025,2 707,"48,9 %","59,60","1,24","0,6 %"
PRIVÉ,920300712,CENTRE CHIRURGICAL P. CHEREST,M12,9 073,343,8 730,65,"33,3 %","61,18","0,06","0,0 %"
PRIVÉ,920300753,CENTRE CHIRURGICAL AMBROISE PARE,M12,14 332,4 842,9 490,15 873,"57,2 %","57,78","0,59","0,0 %"
PRIVÉ,920300787,HÔPITAL AMERICAIN,M12,16 370,7 604,8 766,2 131,"42,6 %","53,56","1,95","1,0 %"
PRIVÉ,920300837,CLINIQUE LES MARTINETS,M12,10 637,624,10 013,20 636,"53,5 %","61,06","0,04","0,0 %"
PRIVÉ,920300936,CENTRE CHIRURGICAL VAL D'OR,M12,6 469,2 942,3 527,16,"50,9 %","59,09","2,91","1,3 %"
PRIVÉ,920301033,CENTRE CANCEROLOGIE DE LA PORTE ST CLOUD,M12,346,346,0,5 955,"27,6 %","65,09","0,18","0,1 %"
PRIVÉ,920811775,UNITÉ D'AUTODIALYSE DE SURESNES,M12,0,0,0,8 835,"76,1 %","61,26","0,00","0,0 %"
PRIVÉ,930014428,CENTRE DE DIALYSE DE L'ESTREE,M12,0,0,0,10 921,"54,1 %","69,12","0,00","0,0 %"
PRIVÉ,930022603,CENTRE DE DIALYSE DE MONTFERMEIL,M12,0,0,0,10 722,"58,7 %","65,85","0,00","0,0 %"
PRIVÉ,930031406,DIAVERUM SAINT DENIS SITE CCN,M12,0,0,0,14 092,"60,0 %","71,34","0,00","0,0 %"
PRIVÉ,930300025,HÔPITAL EUROPEEN LA ROSERAIE,M12,18 880,7 883,10 997,18 294,"63,3 %","58,67","1,17","0,8 %"
PRIVÉ,930300066,HÔPITAL PRIVÉ DE L EST PARISIEN,M12,14 124,4 180,9 944,37 983,"57,7 %","65,01","0,40","0,1 %"
PRIVÉ,930300082,CENTRE CHIRURGICAL FLOREAL,M12,15 496,2 952,12 544,1 861,"54,5 %","47,64","0,90","0,5 %"
PRIVÉ,930300116,HÔPITAL PRIVÉ DE SEINE ST DENIS,M12,19 106,8 770,10 336,2 198,"41,8 %","40,08","2,19","0,3 %"
PRIVÉ,930300264,CLINIQUE LES LILAS,M12,3 923,1 187,2 736,1 à 10,"48,2 %","46,04","0,79","0,0 %"
PRIVÉ,930300553,CLINIQUE DE L'ESTREE,M12,14 598,6 976,7 622,2 441,"46,7 %","44,49","2,40","1,1 %"
PRIVÉ,930300587,CLINIQUE DU LANDY,M12,8 219,1 001,7 218,19 608,"55,2 %","63,12","0,13","0,0 %"
PRIVÉ,930300595,CLINIQUE DU VERT GALANT,M12,16 713,3 682,13 031,24 347,"55,5 %","61,03","0,48","0,3 %"
PRIVÉ,930300645,CENTRE CARDIOLOGIQUE DU NORD,M12,17 847,9 658,8 189,100,"59,9 %","65,21","2,90","1,0 %"
PRIVÉ,930817333,DIAVERUM SAINT DENIS- CTRE HEMODIALYSE,M12,0,0,0,27 057,"67,0 %","54,29","0,00","0,0 %"
PRIVÉ,940000078,UNITÉ D'AUTODIALYSE DE CRETEIL,M12,0,0,0,15 009,"61,0 %","58,21","0,00","0,0 %"
PRIVÉ,940006679,HÔPITAL PRIVÉ DE MARNE-LA-VALLÉE,M12,19 559,6 858,12 701,18 009,"51,8 %","51,63","0,82","0,1 %"
PRIVÉ,940300031,HÔPITAL PRIVÉ PAUL D'EGINE,M12,23 885,5 415,18 470,20 774,"49,0 %","60,06","0,58","0,3 %"
PRIVÉ,940300163,CLINIQUE LES TOURNELLES,M12,634,628,1 à 10,0,"36,6 %","87,92","8,12","6,0 %"
PRIVÉ,940300270,HÔPITAL PRIVÉ ARMAND BRILLARD,M12,21 917,8 443,13 474,16 914,"49,2 %","57,54","0,87","0,2 %"
PRIVÉ,940300379,CLINIQUE GASTON METIVET,M12,12 517,4 308,8 209,121,"42,3 %","55,67","1,70","0,8 %"
PRIVÉ,940300445,CLINIQUE DU SUD,M12,7 747,2 031,5 716,20 397,"65,8 %","62,49","0,45","0,2 %"
PRIVÉ,940300452,CLINIQUE MEDICALE DE DIETETIQUE,M12,2 601,1 422,1 179,0,"23,8 %","52,78","1,76","0,0 %"
PRIVÉ,940300494,POLYCLINIQUE DE VILLENEUVE ST GEORGES,M12,9 560,1 985,7 575,30 463,"60,1 %","63,15","0,34","0,1 %"
PRIVÉ,940300551,HÔPITAL PRIVÉ DE VITRY SITE NORIETS,M12,1 561,1 557,1 à 10,0,"47,3 %","54,70","2,43","0,2 %"
PRIVÉ,940300569,HÔPITAL PRIVÉ DE VITRY SITE PASTEUR,M12,11 419,4 964,6 455,205,"42,9 %","44,55","2,50","0,4 %"
PRIVÉ,940813017,UNITÉ D'AUTODIALYSE DE VILLEJUIF,M12,0,0,0,21 095,"60,4 %","57,85","0,00","0,0 %"
PRIVÉ,940813033,CLINIQUE DE BERCY,M12,17 878,2 289,15 589,684,"44,4 %","45,40","0,22","0,0 %"
PRIVÉ,950032714,CLINIQUE AMBULATOIRE DE DOMONT,M12,11 897,0,11 897,1 à 10,"44,1 %","57,96","0,00","0,0 %"
PRIVÉ,950300095,POLYCLINIQUE DU PLATEAU,M12,5 778,1 337,4 441,22 473,"55,0 %","64,63","0,30","0,1 %"
PRIVÉ,950300152,CLINIQUE MIRABEAU,M12,252,251,1 à 10,0,"36,1 %","80,72","13,04","24,2 %"
PRIVÉ,950300202,CLINIQUE CONTI,M12,21 733,4 488,17 245,197,"45,8 %","49,54","0,80","0,1 %"
PRIVÉ,950300244,CH PRIVÉ SAINTE MARIE,M12,26 156,4 089,22 067,7 159,"48,0 %","55,13","0,62","0,6 %"
PRIVÉ,950300277,HÔPITAL PRIVÉ NORD PARISIEN,M12,14 954,4 496,10 458,30 100,"52,2 %","57,67","0,49","0,1 %"
PRIVÉ,950300301,CLINIQUE MEDICALE DU PARC ST OUEN,M12,712,523,189,91,"44,5 %","62,95","7,05","25,7 %"
PRIVÉ,950807982,CLINIQUE CLAUDE BERNARD,M12,34 483,9 361,25 122,27 447,"51,7 %","56,53","0,58","0,2 %"
PRIVÉ,970100012,POLYCLINIQUE DE LA GUADELOUPE,M12,11 245,4 247,6 998,15,"38,7 %","63,46","1,38","0,0 %"
PRIVÉ,970100020,CENTRE MEDICO-SOCIAL,M12,10 916,2 138,8 778,782,"31,8 %","60,51","0,61","0,4 %"
PRIVÉ,970100137,POLYCLINIQUE SAINT-CHRISTOPHE,M12,1 389,438,951,24,"38,7 %","64,23","1,04","0,1 %"
PRIVÉ,970102596,CLINIQUE DE CHOISY,M12,2 072,847,1 225,50 732,"58,2 %","67,26","0,06","0,0 %"
PRIVÉ,970103099,CLINIQUE LES NOUVELLES EAUX-MARINES,M12,572,571,1 à 10,0,"44,4 %","74,42","7,90","1,6 %"
PRIVÉ,970107249,CLINIQUE LES EAUX CLAIRES,M12,25 095,8 258,16 837,4 550,"41,5 %","53,94","0,97","0,2 %"
PRIVÉ,970107454,A.U.D.R.A.,M12,0,0,0,41 324,"63,1 %","64,14","0,00","0,0 %"
PRIVÉ,970111571,EAUX VIVES DIALYSE,M12,0,0,0,20 669,"60,0 %","69,07","0,00","0,0 %"
PRIVÉ,970202313,CLINIQUE SAINT PAUL,M12,18 665,4 748,13 917,424,"37,6 %","56,28","0,91","0,1 %"
PRIVÉ,970203774,STEER SARL,M12,0,0,0,21 195,"58,5 %","66,03","0,00","0,0 %"
PRIVÉ,970209219,E.T.E.E.R.,M12,0,0,0,13 387,"58,9 %","69,73","0,00","0,0 %"
PRIVÉ,970302055,HÔPITAL PRIVÉ SAINT-GABRIEL,M12,3 169,600,2 569,11 285,"56,1 %","59,69","0,22","0,1 %"
PRIVÉ,970302071,CLINIQUE SAINT-PAUL,M12,52,50,1 à 10,0,"51,9 %","72,54","5,04","3,8 %"
PRIVÉ,970305843,GUYANE SANTÉ HIBISCUS,M12,168,168,0,0,"53,6 %","78,42","6,89","1,2 %"
PRIVÉ,970403705,UDM,M12,0,0,0,9 039,"56,3 %","56,94","0,00","0,0 %"
PRIVÉ,970403721,UAD-UDM,M12,0,0,0,12 238,"43,8 %","65,39","0,00","0,0 %"
PRIVÉ,970403747,UAD,M12,0,0,0,574,"30,1 %","56,83","0,00","0,0 %"
PRIVÉ,970403754,UDM-UAD,M12,0,0,0,12 874,"54,8 %","65,23","0,00","0,0 %"
PRIVÉ,970403762,UAD,M12,0,0,0,3 938,"40,7 %","64,39","0,00","0,0 %"
PRIVÉ,970403770,UAD,M12,0,0,0,5 471,"65,9 %","55,00","0,00","0,0 %"
PRIVÉ,970404018,CENTRE D'HEMODIALYSE MG DURIEUX,M12,0,0,0,15 471,"60,4 %","68,40","0,00","0,0 %"
PRIVÉ,970404109,INSTITUT ROBERT DEBRE,M12,761,753,1 à 10,0,"81,6 %","48,18","3,75","0,0 %"
PRIVÉ,970404158,CENTRE UDM-UAD,M12,0,0,0,12 365,"49,8 %","67,41","0,00","0,0 %"
PRIVÉ,970404844,CLINIQUE SAINT-VINCENT,M12,8 308,964,7 344,17,"39,9 %","55,01","0,13","0,0 %"
PRIVÉ,970405064,CENTRE,M12,0,0,0,21 947,"45,8 %","69,63","0,00","0,0 %"
PRIVÉ,970405411,SODIA DELPRA,M12,42,0,42,32 594,"61,7 %","66,84","0,00","0,0 %"
PRIVÉ,970405676,UAD-DAD-DP,M12,0,0,0,11 083,"57,0 %","54,97","0,00","0,0 %"
PRIVÉ,970407151,UDM-UAD,M12,0,0,0,15 488,"66,7 %","61,54","0,00","0,0 %"
PRIVÉ,970409991,UAD,M12,0,0,0,6 261,"54,5 %","53,03","0,00","0,0 %"
PRIVÉ,970410064,SODIA OASIS,M12,1 à 10,0,1 à 10,32 063,"48,2 %","70,08","0,00","0,0 %"
PRIVÉ,970410155,UAD,M12,0,0,0,3 112,"60,7 %","52,74","0,00","0,0 %"
PRIVÉ,970411989,GCS CENTRE DE DIALYSE OUEST REUNION,M7,0,0,0,4 101,"51,4 %","67,02","0,00","0,0 %"
PRIVÉ,970462073,CLINIQUE DURIEUX,M12,15 344,3 552,11 792,82,"40,1 %","49,20","0,59","0,0 %"
PRIVÉ,970462081,CLINIQUE LES ORCHIDEES,M12,20 911,5 932,14 979,4 621,"38,6 %","47,83","0,70","0,0 %"
PRIVÉ,970462107,CLINIQUE SAINTE CLOTILDE,M12,33 831,16 258,17 573,11 074,"42,1 %","55,30","1,47","0,7 %"
PRIVÉ,970466751,SARL AVICENNE,M12,7 049,0,7 049,0,"45,6 %","61,87","0,00","0,0 %"
PRIVÉ,980500763,UNITÉ D'AUTODIALYSE MAMOUDZOU,M12,30,0,30,10 808,"58,8 %","60,37","0,00","0,0 %"
,,Total,,NA,NA,NA,NA,"51,5 %","60,32","0,70","0,3 %"
